=== [2025-09-12 14:02:12] Starting avosoft data generation ===
Environment variables loaded
Virtual environment activated
Running data generator for 2025-09-12...
2025-09-12 14:02:23,584 INFO [2025-09-11] Inserted 50 new users ✅
Traceback (most recent call last):
  File "/usr/lib/python3.10/runpy.py", line 196, in _run_module_as_main
    return _run_code(code, main_globals, None,
  File "/usr/lib/python3.10/runpy.py", line 86, in _run_code
    exec(code, run_globals)
  File "/home/ubuntu/avosoft_retail/avosoft_engine/cli.py", line 14, in <module>
    main()
  File "/home/ubuntu/avosoft_retail/avosoft_engine/cli.py", line 11, in main
    Orchestrator().run()
  File "/home/ubuntu/avosoft_retail/avosoft_engine/services/orchestrator.py", line 295, in run
    payload = self.generate_day()
  File "/home/ubuntu/avosoft_retail/avosoft_engine/services/orchestrator.py", line 178, in generate_day
    self.inv_repo.insert_orders(orders_today)
  File "/home/ubuntu/avosoft_retail/avosoft_engine/services/repositories.py", line 220, in insert_orders
    self._execute_with_retry(_insert)
  File "/home/ubuntu/avosoft_retail/avosoft_engine/services/repositories.py", line 103, in _execute_with_retry
    return operation(*args, **kwargs)
  File "/home/ubuntu/avosoft_retail/avosoft_engine/services/repositories.py", line 217, in _insert
    self._chunked_execute(cur, sql, vals, self.batch_size)
  File "/home/ubuntu/avosoft_retail/avosoft_engine/services/repositories.py", line 116, in _chunked_execute
    execute_values(cur, sql, chunk, page_size=len(chunk))
  File "/home/ubuntu/avosoft_retail/avosoft_env/lib/python3.10/site-packages/psycopg2/extras.py", line 1299, in execute_values
    cur.execute(b''.join(parts))
  File "/home/ubuntu/avosoft_retail/avosoft_env/lib/python3.10/site-packages/psycopg2/extras.py", line 146, in execute
    return super().execute(query, vars)
psycopg2.errors.ForeignKeyViolation: insert or update on table "orders" violates foreign key constraint "orders_user_id_fkey"
DETAIL:  Key (user_id)=(df596689-7e1b-413f-b80b-c1cab1f7943c) is not present in table "users".

ERROR: Data generation failed
=== [2025-09-12 14:02:28] Completion status: 0 ===

Environment loaded from /home/ubuntu/avosoft_retail/.env
Virtual environment activated
Running data generator for 2025-09-12...
2025-09-12 14:12:49,248 INFO [2025-09-11] Inserted 50 new users ✅
Traceback (most recent call last):
  File "/usr/lib/python3.10/runpy.py", line 196, in _run_module_as_main
    return _run_code(code, main_globals, None,
  File "/usr/lib/python3.10/runpy.py", line 86, in _run_code
    exec(code, run_globals)
  File "/home/ubuntu/avosoft_retail/avosoft_engine/cli.py", line 14, in <module>
    main()
  File "/home/ubuntu/avosoft_retail/avosoft_engine/cli.py", line 11, in main
    Orchestrator().run()
  File "/home/ubuntu/avosoft_retail/avosoft_engine/services/orchestrator.py", line 295, in run
    payload = self.generate_day()
  File "/home/ubuntu/avosoft_retail/avosoft_engine/services/orchestrator.py", line 178, in generate_day
    self.inv_repo.insert_orders(orders_today)
  File "/home/ubuntu/avosoft_retail/avosoft_engine/services/repositories.py", line 220, in insert_orders
    self._execute_with_retry(_insert)
  File "/home/ubuntu/avosoft_retail/avosoft_engine/services/repositories.py", line 103, in _execute_with_retry
    return operation(*args, **kwargs)
  File "/home/ubuntu/avosoft_retail/avosoft_engine/services/repositories.py", line 217, in _insert
    self._chunked_execute(cur, sql, vals, self.batch_size)
  File "/home/ubuntu/avosoft_retail/avosoft_engine/services/repositories.py", line 116, in _chunked_execute
    execute_values(cur, sql, chunk, page_size=len(chunk))
  File "/home/ubuntu/avosoft_retail/avosoft_env/lib/python3.10/site-packages/psycopg2/extras.py", line 1299, in execute_values
    cur.execute(b''.join(parts))
  File "/home/ubuntu/avosoft_retail/avosoft_env/lib/python3.10/site-packages/psycopg2/extras.py", line 146, in execute
    return super().execute(query, vars)
psycopg2.errors.ForeignKeyViolation: insert or update on table "orders" violates foreign key constraint "orders_user_id_fkey"
DETAIL:  Key (user_id)=(b52ae248-6740-462e-8062-f56c626e8740) is not present in table "users".

ERROR: Data generation failed
=== [2025-09-12 14:12:54] Completion status: 0 ===

Environment loaded from /home/ubuntu/avosoft_retail/.env
Running data generator for 2025-09-12...
/usr/bin/python3: Error while finding module specification for 'avosoft_engine.cli' (ModuleNotFoundError: No module named 'avosoft_engine')
ERROR: Data generation failed
=== [2025-09-12 20:00:01] Completion status: 0 ===

Environment loaded from /home/ubuntu/avosoft_retail/.env
Running data generator for 2025-09-13...
/usr/bin/python3: Error while finding module specification for 'avosoft_engine.cli' (ModuleNotFoundError: No module named 'avosoft_engine')
ERROR: Data generation failed
=== [2025-09-13 00:00:01] Completion status: 0 ===

Environment loaded from /home/ubuntu/avosoft_retail/.env
Running data generator for 2025-09-13...
/usr/bin/python3: Error while finding module specification for 'avosoft_engine.cli' (ModuleNotFoundError: No module named 'avosoft_engine')
ERROR: Data generation failed
=== [2025-09-13 04:00:01] Completion status: 0 ===

Environment loaded from /home/ubuntu/avosoft_retail/.env
Virtual environment activated
Running data generator for 2025-09-13...
2025-09-13 05:42:47,733 INFO DEBUG SETTINGS -> users=50, orders=750, events=5000
2025-09-13 05:42:48,877 INFO [2025-09-12] Inserted 50 new users ✅
2025-09-13 05:42:53,711 INFO [2025-09-12] Inserted 750 orders ✅
2025-09-13 06:17:31,205 INFO [2025-09-12] Inserted 1871 order_items ✅
2025-09-13 06:17:32,097 INFO [2025-09-12] Inserted 750 payments ✅
2025-09-13 06:17:40,441 INFO Generated | users=50 products=5 orders=750 items=1871 paid=691 events=5759
Successfully uploaded to s3://avosoft-retail-bronze-jds-42/bronze/users/ingestion_date=2025-09-12/ingestion_time=05:42:36/users.jsonl
2025-09-13 06:17:41,759 INFO ✅ S3 write ok: users/ingestion_date=2025-09-12/ingestion_time=05:42:36/users.jsonl
Successfully uploaded to s3://avosoft-retail-bronze-jds-42/bronze/products/ingestion_date=2025-09-12/ingestion_time=05:42:36/products.jsonl
2025-09-13 06:17:42,064 INFO ✅ S3 write ok: products/ingestion_date=2025-09-12/ingestion_time=05:42:36/products.jsonl
Successfully uploaded to s3://avosoft-retail-bronze-jds-42/bronze/distribution_centers/ingestion_date=2025-09-12/ingestion_time=05:42:36/dcs.jsonl
2025-09-13 06:17:42,366 INFO ✅ S3 write ok: distribution_centers/ingestion_date=2025-09-12/ingestion_time=05:42:36/dcs.jsonl
Successfully uploaded to s3://avosoft-retail-bronze-jds-42/bronze/inventory/ingestion_date=2025-09-12/ingestion_time=05:42:36/inventory.jsonl
2025-09-13 06:17:42,665 INFO ✅ S3 write ok: inventory/ingestion_date=2025-09-12/ingestion_time=05:42:36/inventory.jsonl
Successfully uploaded to s3://avosoft-retail-bronze-jds-42/bronze/orders/ingestion_date=2025-09-12/ingestion_time=05:42:36/orders.jsonl
2025-09-13 06:17:43,530 INFO ✅ S3 write ok: orders/ingestion_date=2025-09-12/ingestion_time=05:42:36/orders.jsonl
Successfully uploaded to s3://avosoft-retail-bronze-jds-42/bronze/order_items/ingestion_date=2025-09-12/ingestion_time=05:42:36/order_items.jsonl
2025-09-13 06:17:44,435 INFO ✅ S3 write ok: order_items/ingestion_date=2025-09-12/ingestion_time=05:42:36/order_items.jsonl
Successfully uploaded to s3://avosoft-retail-bronze-jds-42/bronze/payments/ingestion_date=2025-09-12/ingestion_time=05:42:36/payments.jsonl
2025-09-13 06:17:44,774 INFO ✅ S3 write ok: payments/ingestion_date=2025-09-12/ingestion_time=05:42:36/payments.jsonl
Successfully uploaded to s3://avosoft-retail-bronze-jds-42/bronze/events/ingestion_date=2025-09-12/ingestion_time=05:42:36/events.jsonl
2025-09-13 06:17:45,562 INFO ✅ S3 write ok: events/ingestion_date=2025-09-12/ingestion_time=05:42:36/events.jsonl
SUCCESS: Data generation completed
=== [2025-09-13 06:17:45] Completion status: 0 ===

Environment loaded from /home/ubuntu/avosoft_retail/.env
Running data generator for 2025-09-13...
/home/ubuntu/avosoft_retail/run_generator.sh: line 27: python: command not found
ERROR: Data generation failed
=== [2025-09-13 08:00:01] Completion status: 0 ===

Environment loaded from /home/ubuntu/avosoft_retail/.env
Running data generator for 2025-09-13...
2025-09-13 12:00:12,642 INFO DEBUG SETTINGS -> users=50, orders=750, events=5000
2025-09-13 12:00:13,783 INFO [2025-09-12] Inserted 50 new users ✅
2025-09-13 12:00:18,616 INFO [2025-09-12] Inserted 750 orders ✅
2025-09-13 12:35:14,479 INFO [2025-09-12] Inserted 1871 order_items ✅
2025-09-13 12:35:15,356 INFO [2025-09-12] Inserted 750 payments ✅
2025-09-13 12:35:21,348 INFO Generated | users=50 products=5 orders=750 items=1871 paid=691 events=5759
Successfully uploaded to s3://avosoft-retail-bronze-jds-42/bronze/users/ingestion_date=2025-09-12/ingestion_time=12:00:02/users.jsonl
2025-09-13 12:35:22,871 INFO ✅ S3 write ok: users/ingestion_date=2025-09-12/ingestion_time=12:00:02/users.jsonl
Successfully uploaded to s3://avosoft-retail-bronze-jds-42/bronze/products/ingestion_date=2025-09-12/ingestion_time=12:00:02/products.jsonl
2025-09-13 12:35:23,167 INFO ✅ S3 write ok: products/ingestion_date=2025-09-12/ingestion_time=12:00:02/products.jsonl
Successfully uploaded to s3://avosoft-retail-bronze-jds-42/bronze/distribution_centers/ingestion_date=2025-09-12/ingestion_time=12:00:02/dcs.jsonl
2025-09-13 12:35:23,466 INFO ✅ S3 write ok: distribution_centers/ingestion_date=2025-09-12/ingestion_time=12:00:02/dcs.jsonl
Successfully uploaded to s3://avosoft-retail-bronze-jds-42/bronze/inventory/ingestion_date=2025-09-12/ingestion_time=12:00:02/inventory.jsonl
2025-09-13 12:35:23,757 INFO ✅ S3 write ok: inventory/ingestion_date=2025-09-12/ingestion_time=12:00:02/inventory.jsonl
Successfully uploaded to s3://avosoft-retail-bronze-jds-42/bronze/orders/ingestion_date=2025-09-12/ingestion_time=12:00:02/orders.jsonl
2025-09-13 12:35:24,887 INFO ✅ S3 write ok: orders/ingestion_date=2025-09-12/ingestion_time=12:00:02/orders.jsonl
Successfully uploaded to s3://avosoft-retail-bronze-jds-42/bronze/order_items/ingestion_date=2025-09-12/ingestion_time=12:00:02/order_items.jsonl
2025-09-13 12:35:26,319 INFO ✅ S3 write ok: order_items/ingestion_date=2025-09-12/ingestion_time=12:00:02/order_items.jsonl
Successfully uploaded to s3://avosoft-retail-bronze-jds-42/bronze/payments/ingestion_date=2025-09-12/ingestion_time=12:00:02/payments.jsonl
2025-09-13 12:35:26,627 INFO ✅ S3 write ok: payments/ingestion_date=2025-09-12/ingestion_time=12:00:02/payments.jsonl
Successfully uploaded to s3://avosoft-retail-bronze-jds-42/bronze/events/ingestion_date=2025-09-12/ingestion_time=12:00:02/events.jsonl
2025-09-13 12:35:27,628 INFO ✅ S3 write ok: events/ingestion_date=2025-09-12/ingestion_time=12:00:02/events.jsonl
SUCCESS: Data generation completed
=== [2025-09-13 12:35:27] Completion status: 0 ===

Environment loaded from /home/ubuntu/avosoft_retail/.env
Running data generator for 2025-09-13...
2025-09-13 16:00:11,816 INFO DEBUG SETTINGS -> users=50, orders=750, events=5000
2025-09-13 16:00:12,938 INFO [2025-09-12] Inserted 50 new users ✅
2025-09-13 16:00:17,763 INFO [2025-09-12] Inserted 750 orders ✅
2025-09-13 16:34:30,980 INFO [2025-09-12] Inserted 1871 order_items ✅
2025-09-13 16:34:31,844 INFO [2025-09-12] Inserted 750 payments ✅
2025-09-13 16:34:37,830 INFO Generated | users=50 products=5 orders=750 items=1871 paid=691 events=5759
Successfully uploaded to s3://avosoft-retail-bronze-jds-42/bronze/users/ingestion_date=2025-09-12/ingestion_time=16:00:02/users.jsonl
2025-09-13 16:34:39,350 INFO ✅ S3 write ok: users/ingestion_date=2025-09-12/ingestion_time=16:00:02/users.jsonl
Successfully uploaded to s3://avosoft-retail-bronze-jds-42/bronze/products/ingestion_date=2025-09-12/ingestion_time=16:00:02/products.jsonl
2025-09-13 16:34:39,648 INFO ✅ S3 write ok: products/ingestion_date=2025-09-12/ingestion_time=16:00:02/products.jsonl
Successfully uploaded to s3://avosoft-retail-bronze-jds-42/bronze/distribution_centers/ingestion_date=2025-09-12/ingestion_time=16:00:02/dcs.jsonl
2025-09-13 16:34:39,947 INFO ✅ S3 write ok: distribution_centers/ingestion_date=2025-09-12/ingestion_time=16:00:02/dcs.jsonl
Successfully uploaded to s3://avosoft-retail-bronze-jds-42/bronze/inventory/ingestion_date=2025-09-12/ingestion_time=16:00:02/inventory.jsonl
2025-09-13 16:34:40,242 INFO ✅ S3 write ok: inventory/ingestion_date=2025-09-12/ingestion_time=16:00:02/inventory.jsonl
Successfully uploaded to s3://avosoft-retail-bronze-jds-42/bronze/orders/ingestion_date=2025-09-12/ingestion_time=16:00:02/orders.jsonl
2025-09-13 16:34:41,138 INFO ✅ S3 write ok: orders/ingestion_date=2025-09-12/ingestion_time=16:00:02/orders.jsonl
Successfully uploaded to s3://avosoft-retail-bronze-jds-42/bronze/order_items/ingestion_date=2025-09-12/ingestion_time=16:00:02/order_items.jsonl
2025-09-13 16:34:42,010 INFO ✅ S3 write ok: order_items/ingestion_date=2025-09-12/ingestion_time=16:00:02/order_items.jsonl
Successfully uploaded to s3://avosoft-retail-bronze-jds-42/bronze/payments/ingestion_date=2025-09-12/ingestion_time=16:00:02/payments.jsonl
2025-09-13 16:34:42,373 INFO ✅ S3 write ok: payments/ingestion_date=2025-09-12/ingestion_time=16:00:02/payments.jsonl
Successfully uploaded to s3://avosoft-retail-bronze-jds-42/bronze/events/ingestion_date=2025-09-12/ingestion_time=16:00:02/events.jsonl
2025-09-13 16:34:43,145 INFO ✅ S3 write ok: events/ingestion_date=2025-09-12/ingestion_time=16:00:02/events.jsonl
SUCCESS: Data generation completed
=== [2025-09-13 16:34:43] Completion status: 0 ===

Environment loaded from /home/ubuntu/avosoft_retail/.env
Running data generator for 2025-09-13...
2025-09-13 20:00:11,315 INFO DEBUG SETTINGS -> users=50, orders=750, events=5000
2025-09-13 20:00:12,434 INFO [2025-09-12] Inserted 50 new users ✅
2025-09-13 20:00:17,216 INFO [2025-09-12] Inserted 750 orders ✅
2025-09-13 20:34:38,375 INFO [2025-09-12] Inserted 1871 order_items ✅
2025-09-13 20:34:39,237 INFO [2025-09-12] Inserted 750 payments ✅
2025-09-13 20:34:45,319 INFO Generated | users=50 products=5 orders=750 items=1871 paid=691 events=5759
Successfully uploaded to s3://avosoft-retail-bronze-jds-42/bronze/users/ingestion_date=2025-09-12/ingestion_time=20:00:02/users.jsonl
2025-09-13 20:34:46,849 INFO ✅ S3 write ok: users/ingestion_date=2025-09-12/ingestion_time=20:00:02/users.jsonl
Successfully uploaded to s3://avosoft-retail-bronze-jds-42/bronze/products/ingestion_date=2025-09-12/ingestion_time=20:00:02/products.jsonl
2025-09-13 20:34:47,149 INFO ✅ S3 write ok: products/ingestion_date=2025-09-12/ingestion_time=20:00:02/products.jsonl
Successfully uploaded to s3://avosoft-retail-bronze-jds-42/bronze/distribution_centers/ingestion_date=2025-09-12/ingestion_time=20:00:02/dcs.jsonl
2025-09-13 20:34:47,452 INFO ✅ S3 write ok: distribution_centers/ingestion_date=2025-09-12/ingestion_time=20:00:02/dcs.jsonl
Successfully uploaded to s3://avosoft-retail-bronze-jds-42/bronze/inventory/ingestion_date=2025-09-12/ingestion_time=20:00:02/inventory.jsonl
2025-09-13 20:34:47,747 INFO ✅ S3 write ok: inventory/ingestion_date=2025-09-12/ingestion_time=20:00:02/inventory.jsonl
Successfully uploaded to s3://avosoft-retail-bronze-jds-42/bronze/orders/ingestion_date=2025-09-12/ingestion_time=20:00:02/orders.jsonl
2025-09-13 20:34:48,656 INFO ✅ S3 write ok: orders/ingestion_date=2025-09-12/ingestion_time=20:00:02/orders.jsonl
Successfully uploaded to s3://avosoft-retail-bronze-jds-42/bronze/order_items/ingestion_date=2025-09-12/ingestion_time=20:00:02/order_items.jsonl
2025-09-13 20:34:49,594 INFO ✅ S3 write ok: order_items/ingestion_date=2025-09-12/ingestion_time=20:00:02/order_items.jsonl
Successfully uploaded to s3://avosoft-retail-bronze-jds-42/bronze/payments/ingestion_date=2025-09-12/ingestion_time=20:00:02/payments.jsonl
2025-09-13 20:34:49,946 INFO ✅ S3 write ok: payments/ingestion_date=2025-09-12/ingestion_time=20:00:02/payments.jsonl
Successfully uploaded to s3://avosoft-retail-bronze-jds-42/bronze/events/ingestion_date=2025-09-12/ingestion_time=20:00:02/events.jsonl
2025-09-13 20:34:50,686 INFO ✅ S3 write ok: events/ingestion_date=2025-09-12/ingestion_time=20:00:02/events.jsonl
SUCCESS: Data generation completed
=== [2025-09-13 20:34:50] Completion status: 0 ===

Environment loaded from /home/ubuntu/avosoft_retail/.env
Running data generator for 2025-09-14...
2025-09-14 00:00:12,348 INFO DEBUG SETTINGS -> users=50, orders=750, events=5000
2025-09-14 00:00:13,500 INFO [2025-09-13] Inserted 50 new users ✅
2025-09-14 00:00:18,327 INFO [2025-09-13] Inserted 750 orders ✅
2025-09-14 00:34:59,964 INFO [2025-09-13] Inserted 1871 order_items ✅
2025-09-14 00:35:00,870 INFO [2025-09-13] Inserted 750 payments ✅
2025-09-14 00:35:06,899 INFO Generated | users=50 products=5 orders=750 items=1871 paid=691 events=5759
Successfully uploaded to s3://avosoft-retail-bronze-jds-42/bronze/users/ingestion_date=2025-09-13/ingestion_time=00:00:03/users.jsonl
2025-09-14 00:35:08,166 INFO ✅ S3 write ok: users/ingestion_date=2025-09-13/ingestion_time=00:00:03/users.jsonl
Successfully uploaded to s3://avosoft-retail-bronze-jds-42/bronze/products/ingestion_date=2025-09-13/ingestion_time=00:00:03/products.jsonl
2025-09-14 00:35:08,558 INFO ✅ S3 write ok: products/ingestion_date=2025-09-13/ingestion_time=00:00:03/products.jsonl
Successfully uploaded to s3://avosoft-retail-bronze-jds-42/bronze/distribution_centers/ingestion_date=2025-09-13/ingestion_time=00:00:03/dcs.jsonl
2025-09-14 00:35:08,862 INFO ✅ S3 write ok: distribution_centers/ingestion_date=2025-09-13/ingestion_time=00:00:03/dcs.jsonl
Successfully uploaded to s3://avosoft-retail-bronze-jds-42/bronze/inventory/ingestion_date=2025-09-13/ingestion_time=00:00:03/inventory.jsonl
2025-09-14 00:35:09,159 INFO ✅ S3 write ok: inventory/ingestion_date=2025-09-13/ingestion_time=00:00:03/inventory.jsonl
Successfully uploaded to s3://avosoft-retail-bronze-jds-42/bronze/orders/ingestion_date=2025-09-13/ingestion_time=00:00:03/orders.jsonl
2025-09-14 00:35:10,340 INFO ✅ S3 write ok: orders/ingestion_date=2025-09-13/ingestion_time=00:00:03/orders.jsonl
Successfully uploaded to s3://avosoft-retail-bronze-jds-42/bronze/order_items/ingestion_date=2025-09-13/ingestion_time=00:00:03/order_items.jsonl
2025-09-14 00:35:11,832 INFO ✅ S3 write ok: order_items/ingestion_date=2025-09-13/ingestion_time=00:00:03/order_items.jsonl
Successfully uploaded to s3://avosoft-retail-bronze-jds-42/bronze/payments/ingestion_date=2025-09-13/ingestion_time=00:00:03/payments.jsonl
2025-09-14 00:35:12,207 INFO ✅ S3 write ok: payments/ingestion_date=2025-09-13/ingestion_time=00:00:03/payments.jsonl
Successfully uploaded to s3://avosoft-retail-bronze-jds-42/bronze/events/ingestion_date=2025-09-13/ingestion_time=00:00:03/events.jsonl
2025-09-14 00:35:13,259 INFO ✅ S3 write ok: events/ingestion_date=2025-09-13/ingestion_time=00:00:03/events.jsonl
SUCCESS: Data generation completed
=== [2025-09-14 00:35:13] Completion status: 0 ===

Environment loaded from /home/ubuntu/avosoft_retail/.env
Running data generator for 2025-09-14...
2025-09-14 04:00:11,500 INFO DEBUG SETTINGS -> users=50, orders=750, events=5000
2025-09-14 04:00:12,624 INFO [2025-09-13] Inserted 50 new users ✅
2025-09-14 04:00:17,415 INFO [2025-09-13] Inserted 750 orders ✅
2025-09-14 04:34:52,692 INFO [2025-09-13] Inserted 1871 order_items ✅
2025-09-14 04:34:53,560 INFO [2025-09-13] Inserted 750 payments ✅
2025-09-14 04:34:59,619 INFO Generated | users=50 products=5 orders=750 items=1871 paid=691 events=5759
Successfully uploaded to s3://avosoft-retail-bronze-jds-42/bronze/users/ingestion_date=2025-09-13/ingestion_time=04:00:02/users.jsonl
2025-09-14 04:35:00,849 INFO ✅ S3 write ok: users/ingestion_date=2025-09-13/ingestion_time=04:00:02/users.jsonl
Successfully uploaded to s3://avosoft-retail-bronze-jds-42/bronze/products/ingestion_date=2025-09-13/ingestion_time=04:00:02/products.jsonl
2025-09-14 04:35:01,143 INFO ✅ S3 write ok: products/ingestion_date=2025-09-13/ingestion_time=04:00:02/products.jsonl
Successfully uploaded to s3://avosoft-retail-bronze-jds-42/bronze/distribution_centers/ingestion_date=2025-09-13/ingestion_time=04:00:02/dcs.jsonl
2025-09-14 04:35:01,438 INFO ✅ S3 write ok: distribution_centers/ingestion_date=2025-09-13/ingestion_time=04:00:02/dcs.jsonl
Successfully uploaded to s3://avosoft-retail-bronze-jds-42/bronze/inventory/ingestion_date=2025-09-13/ingestion_time=04:00:02/inventory.jsonl
2025-09-14 04:35:01,729 INFO ✅ S3 write ok: inventory/ingestion_date=2025-09-13/ingestion_time=04:00:02/inventory.jsonl
Successfully uploaded to s3://avosoft-retail-bronze-jds-42/bronze/orders/ingestion_date=2025-09-13/ingestion_time=04:00:02/orders.jsonl
2025-09-14 04:35:02,577 INFO ✅ S3 write ok: orders/ingestion_date=2025-09-13/ingestion_time=04:00:02/orders.jsonl
Successfully uploaded to s3://avosoft-retail-bronze-jds-42/bronze/order_items/ingestion_date=2025-09-13/ingestion_time=04:00:02/order_items.jsonl
2025-09-14 04:35:03,481 INFO ✅ S3 write ok: order_items/ingestion_date=2025-09-13/ingestion_time=04:00:02/order_items.jsonl
Successfully uploaded to s3://avosoft-retail-bronze-jds-42/bronze/payments/ingestion_date=2025-09-13/ingestion_time=04:00:02/payments.jsonl
2025-09-14 04:35:03,837 INFO ✅ S3 write ok: payments/ingestion_date=2025-09-13/ingestion_time=04:00:02/payments.jsonl
Successfully uploaded to s3://avosoft-retail-bronze-jds-42/bronze/events/ingestion_date=2025-09-13/ingestion_time=04:00:02/events.jsonl
2025-09-14 04:35:04,806 INFO ✅ S3 write ok: events/ingestion_date=2025-09-13/ingestion_time=04:00:02/events.jsonl
SUCCESS: Data generation completed
=== [2025-09-14 04:35:05] Completion status: 0 ===

Environment loaded from /home/ubuntu/avosoft_retail/.env
Running data generator for 2025-09-14...
2025-09-14 08:00:11,120 INFO DEBUG SETTINGS -> users=50, orders=750, events=5000
2025-09-14 08:00:12,268 INFO [2025-09-13] Inserted 50 new users ✅
2025-09-14 08:00:17,125 INFO [2025-09-13] Inserted 750 orders ✅
2025-09-14 08:35:25,586 INFO [2025-09-13] Inserted 1871 order_items ✅
2025-09-14 08:35:26,469 INFO [2025-09-13] Inserted 750 payments ✅
2025-09-14 08:35:32,545 INFO Generated | users=50 products=5 orders=750 items=1871 paid=691 events=5759
Successfully uploaded to s3://avosoft-retail-bronze-jds-42/bronze/users/ingestion_date=2025-09-13/ingestion_time=08:00:01/users.jsonl
2025-09-14 08:35:33,864 INFO ✅ S3 write ok: users/ingestion_date=2025-09-13/ingestion_time=08:00:01/users.jsonl
Successfully uploaded to s3://avosoft-retail-bronze-jds-42/bronze/products/ingestion_date=2025-09-13/ingestion_time=08:00:01/products.jsonl
2025-09-14 08:35:34,165 INFO ✅ S3 write ok: products/ingestion_date=2025-09-13/ingestion_time=08:00:01/products.jsonl
Successfully uploaded to s3://avosoft-retail-bronze-jds-42/bronze/distribution_centers/ingestion_date=2025-09-13/ingestion_time=08:00:01/dcs.jsonl
2025-09-14 08:35:34,493 INFO ✅ S3 write ok: distribution_centers/ingestion_date=2025-09-13/ingestion_time=08:00:01/dcs.jsonl
Successfully uploaded to s3://avosoft-retail-bronze-jds-42/bronze/inventory/ingestion_date=2025-09-13/ingestion_time=08:00:01/inventory.jsonl
2025-09-14 08:35:34,789 INFO ✅ S3 write ok: inventory/ingestion_date=2025-09-13/ingestion_time=08:00:01/inventory.jsonl
Successfully uploaded to s3://avosoft-retail-bronze-jds-42/bronze/orders/ingestion_date=2025-09-13/ingestion_time=08:00:01/orders.jsonl
2025-09-14 08:35:35,984 INFO ✅ S3 write ok: orders/ingestion_date=2025-09-13/ingestion_time=08:00:01/orders.jsonl
Successfully uploaded to s3://avosoft-retail-bronze-jds-42/bronze/order_items/ingestion_date=2025-09-13/ingestion_time=08:00:01/order_items.jsonl
2025-09-14 08:35:37,478 INFO ✅ S3 write ok: order_items/ingestion_date=2025-09-13/ingestion_time=08:00:01/order_items.jsonl
Successfully uploaded to s3://avosoft-retail-bronze-jds-42/bronze/payments/ingestion_date=2025-09-13/ingestion_time=08:00:01/payments.jsonl
2025-09-14 08:35:37,792 INFO ✅ S3 write ok: payments/ingestion_date=2025-09-13/ingestion_time=08:00:01/payments.jsonl
Successfully uploaded to s3://avosoft-retail-bronze-jds-42/bronze/events/ingestion_date=2025-09-13/ingestion_time=08:00:01/events.jsonl
2025-09-14 08:35:38,888 INFO ✅ S3 write ok: events/ingestion_date=2025-09-13/ingestion_time=08:00:01/events.jsonl
SUCCESS: Data generation completed
=== [2025-09-14 08:35:39] Completion status: 0 ===

Environment loaded from /home/ubuntu/avosoft_retail/.env
Virtual environment activated
Running data generator for 2025-09-14...
2025-09-14 11:42:19,105 INFO DEBUG SETTINGS -> users=50, orders=750, events=5000
2025-09-14 11:42:20,248 INFO [2025-09-13] Inserted 50 new users ✅
2025-09-14 11:42:25,082 INFO [2025-09-13] Inserted 750 orders ✅
Environment loaded from /home/ubuntu/avosoft_retail/.env
Running data generator for 2025-09-14...
2025-09-14 12:00:11,427 INFO DEBUG SETTINGS -> users=50, orders=750, events=5000
2025-09-14 12:00:12,571 INFO [2025-09-13] Inserted 50 new users ✅
2025-09-14 12:00:17,406 INFO [2025-09-13] Inserted 750 orders ✅
2025-09-14 12:17:26,847 INFO [2025-09-13] Inserted 1871 order_items ✅
2025-09-14 12:17:27,735 INFO [2025-09-13] Inserted 750 payments ✅
2025-09-14 12:17:33,902 INFO Generated | users=50 products=5 orders=750 items=1871 paid=691 events=5759
Successfully uploaded to s3://avosoft-retail-bronze-jds-42/bronze/users/ingestion_date=2025-09-13/ingestion_time=11:42:09/users.jsonl
2025-09-14 12:17:35,461 INFO ✅ S3 write ok: users/ingestion_date=2025-09-13/ingestion_time=11:42:09/users.jsonl
Successfully uploaded to s3://avosoft-retail-bronze-jds-42/bronze/products/ingestion_date=2025-09-13/ingestion_time=11:42:09/products.jsonl
2025-09-14 12:17:35,764 INFO ✅ S3 write ok: products/ingestion_date=2025-09-13/ingestion_time=11:42:09/products.jsonl
Successfully uploaded to s3://avosoft-retail-bronze-jds-42/bronze/distribution_centers/ingestion_date=2025-09-13/ingestion_time=11:42:09/dcs.jsonl
2025-09-14 12:17:36,069 INFO ✅ S3 write ok: distribution_centers/ingestion_date=2025-09-13/ingestion_time=11:42:09/dcs.jsonl
Successfully uploaded to s3://avosoft-retail-bronze-jds-42/bronze/inventory/ingestion_date=2025-09-13/ingestion_time=11:42:09/inventory.jsonl
2025-09-14 12:17:36,365 INFO ✅ S3 write ok: inventory/ingestion_date=2025-09-13/ingestion_time=11:42:09/inventory.jsonl
Successfully uploaded to s3://avosoft-retail-bronze-jds-42/bronze/orders/ingestion_date=2025-09-13/ingestion_time=11:42:09/orders.jsonl
2025-09-14 12:17:37,524 INFO ✅ S3 write ok: orders/ingestion_date=2025-09-13/ingestion_time=11:42:09/orders.jsonl
Successfully uploaded to s3://avosoft-retail-bronze-jds-42/bronze/order_items/ingestion_date=2025-09-13/ingestion_time=11:42:09/order_items.jsonl
2025-09-14 12:17:39,257 INFO ✅ S3 write ok: order_items/ingestion_date=2025-09-13/ingestion_time=11:42:09/order_items.jsonl
Successfully uploaded to s3://avosoft-retail-bronze-jds-42/bronze/payments/ingestion_date=2025-09-13/ingestion_time=11:42:09/payments.jsonl
2025-09-14 12:17:39,569 INFO ✅ S3 write ok: payments/ingestion_date=2025-09-13/ingestion_time=11:42:09/payments.jsonl
Successfully uploaded to s3://avosoft-retail-bronze-jds-42/bronze/events/ingestion_date=2025-09-13/ingestion_time=11:42:09/events.jsonl
2025-09-14 12:17:40,572 INFO ✅ S3 write ok: events/ingestion_date=2025-09-13/ingestion_time=11:42:09/events.jsonl
SUCCESS: Data generation completed
=== [2025-09-14 12:17:40] Completion status: 0 ===

2025-09-14 12:35:18,829 INFO [2025-09-13] Inserted 1871 order_items ✅
2025-09-14 12:35:19,710 INFO [2025-09-13] Inserted 750 payments ✅
2025-09-14 12:35:25,836 INFO Generated | users=50 products=5 orders=750 items=1871 paid=691 events=5759
Successfully uploaded to s3://avosoft-retail-bronze-jds-42/bronze/users/ingestion_date=2025-09-13/ingestion_time=12:00:01/users.jsonl
2025-09-14 12:35:27,365 INFO ✅ S3 write ok: users/ingestion_date=2025-09-13/ingestion_time=12:00:01/users.jsonl
Successfully uploaded to s3://avosoft-retail-bronze-jds-42/bronze/products/ingestion_date=2025-09-13/ingestion_time=12:00:01/products.jsonl
2025-09-14 12:35:27,668 INFO ✅ S3 write ok: products/ingestion_date=2025-09-13/ingestion_time=12:00:01/products.jsonl
Successfully uploaded to s3://avosoft-retail-bronze-jds-42/bronze/distribution_centers/ingestion_date=2025-09-13/ingestion_time=12:00:01/dcs.jsonl
2025-09-14 12:35:27,968 INFO ✅ S3 write ok: distribution_centers/ingestion_date=2025-09-13/ingestion_time=12:00:01/dcs.jsonl
Successfully uploaded to s3://avosoft-retail-bronze-jds-42/bronze/inventory/ingestion_date=2025-09-13/ingestion_time=12:00:01/inventory.jsonl
2025-09-14 12:35:28,265 INFO ✅ S3 write ok: inventory/ingestion_date=2025-09-13/ingestion_time=12:00:01/inventory.jsonl
Successfully uploaded to s3://avosoft-retail-bronze-jds-42/bronze/orders/ingestion_date=2025-09-13/ingestion_time=12:00:01/orders.jsonl
2025-09-14 12:35:29,169 INFO ✅ S3 write ok: orders/ingestion_date=2025-09-13/ingestion_time=12:00:01/orders.jsonl
Successfully uploaded to s3://avosoft-retail-bronze-jds-42/bronze/order_items/ingestion_date=2025-09-13/ingestion_time=12:00:01/order_items.jsonl
2025-09-14 12:35:30,100 INFO ✅ S3 write ok: order_items/ingestion_date=2025-09-13/ingestion_time=12:00:01/order_items.jsonl
Successfully uploaded to s3://avosoft-retail-bronze-jds-42/bronze/payments/ingestion_date=2025-09-13/ingestion_time=12:00:01/payments.jsonl
2025-09-14 12:35:30,410 INFO ✅ S3 write ok: payments/ingestion_date=2025-09-13/ingestion_time=12:00:01/payments.jsonl
Successfully uploaded to s3://avosoft-retail-bronze-jds-42/bronze/events/ingestion_date=2025-09-13/ingestion_time=12:00:01/events.jsonl
2025-09-14 12:35:31,403 INFO ✅ S3 write ok: events/ingestion_date=2025-09-13/ingestion_time=12:00:01/events.jsonl
SUCCESS: Data generation completed
=== [2025-09-14 12:35:31] Completion status: 0 ===

Environment loaded from /home/ubuntu/avosoft_retail/.env
Running data generator for 2025-09-14...
2025-09-14 16:00:11,611 INFO DEBUG SETTINGS -> users=50, orders=750, events=5000
2025-09-14 16:00:12,761 INFO [2025-09-13] Inserted 50 new users ✅
2025-09-14 16:00:21,044 INFO [2025-09-13] Inserted 750 orders ✅
2025-09-14 16:35:31,439 INFO [2025-09-13] Inserted 1872 order_items ✅
2025-09-14 16:35:32,325 INFO [2025-09-13] Inserted 750 payments ✅
2025-09-14 16:35:38,421 INFO Generated | users=50 products=5 orders=750 items=1872 paid=695 events=5763
Successfully uploaded to s3://avosoft-retail-bronze-jds-42/bronze/users/ingestion_date=2025-09-13/ingestion_time=16:00:02/users.jsonl
2025-09-14 16:35:39,668 INFO ✅ S3 write ok: users/ingestion_date=2025-09-13/ingestion_time=16:00:02/users.jsonl
Successfully uploaded to s3://avosoft-retail-bronze-jds-42/bronze/products/ingestion_date=2025-09-13/ingestion_time=16:00:02/products.jsonl
2025-09-14 16:35:39,969 INFO ✅ S3 write ok: products/ingestion_date=2025-09-13/ingestion_time=16:00:02/products.jsonl
Successfully uploaded to s3://avosoft-retail-bronze-jds-42/bronze/distribution_centers/ingestion_date=2025-09-13/ingestion_time=16:00:02/dcs.jsonl
2025-09-14 16:35:40,273 INFO ✅ S3 write ok: distribution_centers/ingestion_date=2025-09-13/ingestion_time=16:00:02/dcs.jsonl
2025-09-14 16:35:40,273 WARNING Failed to write s3 bronze inventory/ingestion_date=2025-09-13/ingestion_time=16:00:02/inventory.jsonl: Object of type Decimal is not JSON serializable
Successfully uploaded to s3://avosoft-retail-bronze-jds-42/bronze/orders/ingestion_date=2025-09-13/ingestion_time=16:00:02/orders.jsonl
2025-09-14 16:35:41,172 INFO ✅ S3 write ok: orders/ingestion_date=2025-09-13/ingestion_time=16:00:02/orders.jsonl
Successfully uploaded to s3://avosoft-retail-bronze-jds-42/bronze/order_items/ingestion_date=2025-09-13/ingestion_time=16:00:02/order_items.jsonl
2025-09-14 16:35:42,089 INFO ✅ S3 write ok: order_items/ingestion_date=2025-09-13/ingestion_time=16:00:02/order_items.jsonl
Successfully uploaded to s3://avosoft-retail-bronze-jds-42/bronze/payments/ingestion_date=2025-09-13/ingestion_time=16:00:02/payments.jsonl
2025-09-14 16:35:42,436 INFO ✅ S3 write ok: payments/ingestion_date=2025-09-13/ingestion_time=16:00:02/payments.jsonl
Successfully uploaded to s3://avosoft-retail-bronze-jds-42/bronze/events/ingestion_date=2025-09-13/ingestion_time=16:00:02/events.jsonl
2025-09-14 16:35:43,205 INFO ✅ S3 write ok: events/ingestion_date=2025-09-13/ingestion_time=16:00:02/events.jsonl
SUCCESS: Data generation completed
=== [2025-09-14 16:35:43] Completion status: 0 ===

Environment loaded from /home/ubuntu/avosoft_retail/.env
Running data generator for 2025-09-14...
2025-09-14 20:00:11,908 INFO DEBUG SETTINGS -> users=50, orders=750, events=5000
2025-09-14 20:00:13,051 INFO [2025-09-13] Inserted 50 new users ✅
2025-09-14 20:00:21,252 INFO [2025-09-13] Inserted 750 orders ✅
2025-09-14 20:35:09,471 INFO [2025-09-13] Inserted 1872 order_items ✅
2025-09-14 20:35:10,348 INFO [2025-09-13] Inserted 750 payments ✅
2025-09-14 20:35:16,302 INFO Generated | users=50 products=5 orders=750 items=1872 paid=695 events=5763
Successfully uploaded to s3://avosoft-retail-bronze-jds-42/bronze/users/ingestion_date=2025-09-13/ingestion_time=20:00:02/users.jsonl
2025-09-14 20:35:17,794 INFO ✅ S3 write ok: users/ingestion_date=2025-09-13/ingestion_time=20:00:02/users.jsonl
Successfully uploaded to s3://avosoft-retail-bronze-jds-42/bronze/products/ingestion_date=2025-09-13/ingestion_time=20:00:02/products.jsonl
2025-09-14 20:35:18,097 INFO ✅ S3 write ok: products/ingestion_date=2025-09-13/ingestion_time=20:00:02/products.jsonl
Successfully uploaded to s3://avosoft-retail-bronze-jds-42/bronze/distribution_centers/ingestion_date=2025-09-13/ingestion_time=20:00:02/dcs.jsonl
2025-09-14 20:35:18,398 INFO ✅ S3 write ok: distribution_centers/ingestion_date=2025-09-13/ingestion_time=20:00:02/dcs.jsonl
2025-09-14 20:35:18,398 WARNING Failed to write s3 bronze inventory/ingestion_date=2025-09-13/ingestion_time=20:00:02/inventory.jsonl: Object of type Decimal is not JSON serializable
Successfully uploaded to s3://avosoft-retail-bronze-jds-42/bronze/orders/ingestion_date=2025-09-13/ingestion_time=20:00:02/orders.jsonl
2025-09-14 20:35:19,581 INFO ✅ S3 write ok: orders/ingestion_date=2025-09-13/ingestion_time=20:00:02/orders.jsonl
Successfully uploaded to s3://avosoft-retail-bronze-jds-42/bronze/order_items/ingestion_date=2025-09-13/ingestion_time=20:00:02/order_items.jsonl
2025-09-14 20:35:21,060 INFO ✅ S3 write ok: order_items/ingestion_date=2025-09-13/ingestion_time=20:00:02/order_items.jsonl
Successfully uploaded to s3://avosoft-retail-bronze-jds-42/bronze/payments/ingestion_date=2025-09-13/ingestion_time=20:00:02/payments.jsonl
2025-09-14 20:35:21,409 INFO ✅ S3 write ok: payments/ingestion_date=2025-09-13/ingestion_time=20:00:02/payments.jsonl
Successfully uploaded to s3://avosoft-retail-bronze-jds-42/bronze/events/ingestion_date=2025-09-13/ingestion_time=20:00:02/events.jsonl
2025-09-14 20:35:22,458 INFO ✅ S3 write ok: events/ingestion_date=2025-09-13/ingestion_time=20:00:02/events.jsonl
SUCCESS: Data generation completed
=== [2025-09-14 20:35:22] Completion status: 0 ===

Environment loaded from /home/ubuntu/avosoft_retail/.env
Running data generator for 2025-09-15...
2025-09-15 00:00:11,746 INFO DEBUG SETTINGS -> users=50, orders=750, events=5000
2025-09-15 00:00:12,890 INFO [2025-09-14] Inserted 50 new users ✅
2025-09-15 00:00:22,800 INFO [2025-09-14] Inserted 750 orders ✅
2025-09-15 00:35:17,933 INFO [2025-09-14] Inserted 1871 order_items ✅
2025-09-15 00:35:18,810 INFO [2025-09-14] Inserted 750 payments ✅
2025-09-15 00:35:25,039 INFO Generated | users=50 products=5 orders=750 items=1871 paid=690 events=5758
Successfully uploaded to s3://avosoft-retail-bronze-jds-42/bronze/users/ingestion_date=2025-09-14/ingestion_time=00:00:02/users.jsonl
2025-09-15 00:35:26,593 INFO ✅ S3 write ok: users/ingestion_date=2025-09-14/ingestion_time=00:00:02/users.jsonl
Successfully uploaded to s3://avosoft-retail-bronze-jds-42/bronze/products/ingestion_date=2025-09-14/ingestion_time=00:00:02/products.jsonl
2025-09-15 00:35:26,895 INFO ✅ S3 write ok: products/ingestion_date=2025-09-14/ingestion_time=00:00:02/products.jsonl
Successfully uploaded to s3://avosoft-retail-bronze-jds-42/bronze/distribution_centers/ingestion_date=2025-09-14/ingestion_time=00:00:02/dcs.jsonl
2025-09-15 00:35:27,195 INFO ✅ S3 write ok: distribution_centers/ingestion_date=2025-09-14/ingestion_time=00:00:02/dcs.jsonl
2025-09-15 00:35:27,196 WARNING Failed to write s3 bronze inventory/ingestion_date=2025-09-14/ingestion_time=00:00:02/inventory.jsonl: Object of type Decimal is not JSON serializable
Successfully uploaded to s3://avosoft-retail-bronze-jds-42/bronze/orders/ingestion_date=2025-09-14/ingestion_time=00:00:02/orders.jsonl
2025-09-15 00:35:28,058 INFO ✅ S3 write ok: orders/ingestion_date=2025-09-14/ingestion_time=00:00:02/orders.jsonl
Successfully uploaded to s3://avosoft-retail-bronze-jds-42/bronze/order_items/ingestion_date=2025-09-14/ingestion_time=00:00:02/order_items.jsonl
2025-09-15 00:35:28,943 INFO ✅ S3 write ok: order_items/ingestion_date=2025-09-14/ingestion_time=00:00:02/order_items.jsonl
Successfully uploaded to s3://avosoft-retail-bronze-jds-42/bronze/payments/ingestion_date=2025-09-14/ingestion_time=00:00:02/payments.jsonl
2025-09-15 00:35:29,303 INFO ✅ S3 write ok: payments/ingestion_date=2025-09-14/ingestion_time=00:00:02/payments.jsonl
Successfully uploaded to s3://avosoft-retail-bronze-jds-42/bronze/events/ingestion_date=2025-09-14/ingestion_time=00:00:02/events.jsonl
2025-09-15 00:35:30,043 INFO ✅ S3 write ok: events/ingestion_date=2025-09-14/ingestion_time=00:00:02/events.jsonl
SUCCESS: Data generation completed
=== [2025-09-15 00:35:30] Completion status: 0 ===

Environment loaded from /home/ubuntu/avosoft_retail/.env
Running data generator for 2025-09-15...
2025-09-15 04:00:11,036 INFO DEBUG SETTINGS -> users=50, orders=750, events=5000
2025-09-15 04:00:12,188 INFO [2025-09-14] Inserted 50 new users ✅
2025-09-15 04:00:20,995 INFO [2025-09-14] Inserted 750 orders ✅
2025-09-15 04:35:27,831 INFO [2025-09-14] Inserted 1872 order_items ✅
2025-09-15 04:35:28,714 INFO [2025-09-14] Inserted 750 payments ✅
2025-09-15 04:35:34,741 INFO Generated | users=50 products=5 orders=750 items=1872 paid=695 events=5763
Successfully uploaded to s3://avosoft-retail-bronze-jds-42/bronze/users/ingestion_date=2025-09-14/ingestion_time=04:00:02/users.jsonl
2025-09-15 04:35:36,467 INFO ✅ S3 write ok: users/ingestion_date=2025-09-14/ingestion_time=04:00:02/users.jsonl
Successfully uploaded to s3://avosoft-retail-bronze-jds-42/bronze/products/ingestion_date=2025-09-14/ingestion_time=04:00:02/products.jsonl
2025-09-15 04:35:36,770 INFO ✅ S3 write ok: products/ingestion_date=2025-09-14/ingestion_time=04:00:02/products.jsonl
Successfully uploaded to s3://avosoft-retail-bronze-jds-42/bronze/distribution_centers/ingestion_date=2025-09-14/ingestion_time=04:00:02/dcs.jsonl
2025-09-15 04:35:37,076 INFO ✅ S3 write ok: distribution_centers/ingestion_date=2025-09-14/ingestion_time=04:00:02/dcs.jsonl
2025-09-15 04:35:37,076 WARNING Failed to write s3 bronze inventory/ingestion_date=2025-09-14/ingestion_time=04:00:02/inventory.jsonl: Object of type Decimal is not JSON serializable
Successfully uploaded to s3://avosoft-retail-bronze-jds-42/bronze/orders/ingestion_date=2025-09-14/ingestion_time=04:00:02/orders.jsonl
2025-09-15 04:35:37,976 INFO ✅ S3 write ok: orders/ingestion_date=2025-09-14/ingestion_time=04:00:02/orders.jsonl
Successfully uploaded to s3://avosoft-retail-bronze-jds-42/bronze/order_items/ingestion_date=2025-09-14/ingestion_time=04:00:02/order_items.jsonl
2025-09-15 04:35:38,923 INFO ✅ S3 write ok: order_items/ingestion_date=2025-09-14/ingestion_time=04:00:02/order_items.jsonl
Successfully uploaded to s3://avosoft-retail-bronze-jds-42/bronze/payments/ingestion_date=2025-09-14/ingestion_time=04:00:02/payments.jsonl
2025-09-15 04:35:39,269 INFO ✅ S3 write ok: payments/ingestion_date=2025-09-14/ingestion_time=04:00:02/payments.jsonl
Successfully uploaded to s3://avosoft-retail-bronze-jds-42/bronze/events/ingestion_date=2025-09-14/ingestion_time=04:00:02/events.jsonl
2025-09-15 04:35:40,254 INFO ✅ S3 write ok: events/ingestion_date=2025-09-14/ingestion_time=04:00:02/events.jsonl
SUCCESS: Data generation completed
=== [2025-09-15 04:35:40] Completion status: 0 ===

Environment loaded from /home/ubuntu/avosoft_retail/.env
Running data generator for 2025-09-15...
2025-09-15 08:00:11,238 INFO DEBUG SETTINGS -> users=50, orders=750, events=5000
2025-09-15 08:00:12,382 INFO [2025-09-14] Inserted 50 new users ✅
2025-09-15 08:00:23,187 INFO [2025-09-14] Inserted 750 orders ✅
2025-09-15 08:35:25,515 INFO [2025-09-14] Inserted 1871 order_items ✅
2025-09-15 08:35:26,399 INFO [2025-09-14] Inserted 750 payments ✅
2025-09-15 08:35:32,517 INFO Generated | users=50 products=5 orders=750 items=1871 paid=690 events=5758
Successfully uploaded to s3://avosoft-retail-bronze-jds-42/bronze/users/ingestion_date=2025-09-14/ingestion_time=08:00:02/users.jsonl
2025-09-15 08:35:34,067 INFO ✅ S3 write ok: users/ingestion_date=2025-09-14/ingestion_time=08:00:02/users.jsonl
Successfully uploaded to s3://avosoft-retail-bronze-jds-42/bronze/products/ingestion_date=2025-09-14/ingestion_time=08:00:02/products.jsonl
2025-09-15 08:35:34,370 INFO ✅ S3 write ok: products/ingestion_date=2025-09-14/ingestion_time=08:00:02/products.jsonl
Successfully uploaded to s3://avosoft-retail-bronze-jds-42/bronze/distribution_centers/ingestion_date=2025-09-14/ingestion_time=08:00:02/dcs.jsonl
2025-09-15 08:35:34,672 INFO ✅ S3 write ok: distribution_centers/ingestion_date=2025-09-14/ingestion_time=08:00:02/dcs.jsonl
2025-09-15 08:35:34,672 WARNING Failed to write s3 bronze inventory/ingestion_date=2025-09-14/ingestion_time=08:00:02/inventory.jsonl: Object of type Decimal is not JSON serializable
Successfully uploaded to s3://avosoft-retail-bronze-jds-42/bronze/orders/ingestion_date=2025-09-14/ingestion_time=08:00:02/orders.jsonl
2025-09-15 08:35:35,565 INFO ✅ S3 write ok: orders/ingestion_date=2025-09-14/ingestion_time=08:00:02/orders.jsonl
Successfully uploaded to s3://avosoft-retail-bronze-jds-42/bronze/order_items/ingestion_date=2025-09-14/ingestion_time=08:00:02/order_items.jsonl
2025-09-15 08:35:36,493 INFO ✅ S3 write ok: order_items/ingestion_date=2025-09-14/ingestion_time=08:00:02/order_items.jsonl
Successfully uploaded to s3://avosoft-retail-bronze-jds-42/bronze/payments/ingestion_date=2025-09-14/ingestion_time=08:00:02/payments.jsonl
2025-09-15 08:35:36,889 INFO ✅ S3 write ok: payments/ingestion_date=2025-09-14/ingestion_time=08:00:02/payments.jsonl
Successfully uploaded to s3://avosoft-retail-bronze-jds-42/bronze/events/ingestion_date=2025-09-14/ingestion_time=08:00:02/events.jsonl
2025-09-15 08:35:37,931 INFO ✅ S3 write ok: events/ingestion_date=2025-09-14/ingestion_time=08:00:02/events.jsonl
SUCCESS: Data generation completed
=== [2025-09-15 08:35:38] Completion status: 0 ===

Environment loaded from /home/ubuntu/avosoft_retail/.env
Running data generator for 2025-09-15...
2025-09-15 12:00:10,935 INFO DEBUG SETTINGS -> users=50, orders=750, events=5000
2025-09-15 12:00:12,062 INFO [2025-09-14] Inserted 50 new users ✅
2025-09-15 12:00:24,010 INFO [2025-09-14] Inserted 750 orders ✅
2025-09-15 12:34:49,793 INFO [2025-09-14] Inserted 1869 order_items ✅
2025-09-15 12:34:50,672 INFO [2025-09-14] Inserted 750 payments ✅
2025-09-15 12:34:56,747 INFO Generated | users=50 products=5 orders=750 items=1869 paid=691 events=5759
Successfully uploaded to s3://avosoft-retail-bronze-jds-42/bronze/users/ingestion_date=2025-09-14/ingestion_time=12:00:01/users.jsonl
2025-09-15 12:34:58,279 INFO ✅ S3 write ok: users/ingestion_date=2025-09-14/ingestion_time=12:00:01/users.jsonl
Successfully uploaded to s3://avosoft-retail-bronze-jds-42/bronze/products/ingestion_date=2025-09-14/ingestion_time=12:00:01/products.jsonl
2025-09-15 12:34:58,581 INFO ✅ S3 write ok: products/ingestion_date=2025-09-14/ingestion_time=12:00:01/products.jsonl
Successfully uploaded to s3://avosoft-retail-bronze-jds-42/bronze/distribution_centers/ingestion_date=2025-09-14/ingestion_time=12:00:01/dcs.jsonl
2025-09-15 12:34:58,881 INFO ✅ S3 write ok: distribution_centers/ingestion_date=2025-09-14/ingestion_time=12:00:01/dcs.jsonl
2025-09-15 12:34:58,881 WARNING Failed to write s3 bronze inventory/ingestion_date=2025-09-14/ingestion_time=12:00:01/inventory.jsonl: Object of type Decimal is not JSON serializable
Successfully uploaded to s3://avosoft-retail-bronze-jds-42/bronze/orders/ingestion_date=2025-09-14/ingestion_time=12:00:01/orders.jsonl
2025-09-15 12:34:59,764 INFO ✅ S3 write ok: orders/ingestion_date=2025-09-14/ingestion_time=12:00:01/orders.jsonl
Successfully uploaded to s3://avosoft-retail-bronze-jds-42/bronze/order_items/ingestion_date=2025-09-14/ingestion_time=12:00:01/order_items.jsonl
2025-09-15 12:35:00,692 INFO ✅ S3 write ok: order_items/ingestion_date=2025-09-14/ingestion_time=12:00:01/order_items.jsonl
Successfully uploaded to s3://avosoft-retail-bronze-jds-42/bronze/payments/ingestion_date=2025-09-14/ingestion_time=12:00:01/payments.jsonl
2025-09-15 12:35:01,025 INFO ✅ S3 write ok: payments/ingestion_date=2025-09-14/ingestion_time=12:00:01/payments.jsonl
Successfully uploaded to s3://avosoft-retail-bronze-jds-42/bronze/events/ingestion_date=2025-09-14/ingestion_time=12:00:01/events.jsonl
2025-09-15 12:35:02,012 INFO ✅ S3 write ok: events/ingestion_date=2025-09-14/ingestion_time=12:00:01/events.jsonl
SUCCESS: Data generation completed
=== [2025-09-15 12:35:02] Completion status: 0 ===

Environment loaded from /home/ubuntu/avosoft_retail/.env
Running data generator for 2025-09-15...
2025-09-15 16:00:12,111 INFO DEBUG SETTINGS -> users=50, orders=750, events=5000
2025-09-15 16:00:13,242 INFO [2025-09-14] Inserted 50 new users ✅
2025-09-15 16:00:22,207 INFO [2025-09-14] Inserted 750 orders ✅
2025-09-15 16:34:42,141 INFO [2025-09-14] Inserted 1872 order_items ✅
2025-09-15 16:34:43,049 INFO [2025-09-14] Inserted 750 payments ✅
2025-09-15 16:34:49,141 INFO Generated | users=50 products=5 orders=750 items=1872 paid=695 events=5763
Successfully uploaded to s3://avosoft-retail-bronze-jds-42/bronze/users/ingestion_date=2025-09-14/ingestion_time=16:00:02/users.jsonl
2025-09-15 16:34:50,456 INFO ✅ S3 write ok: users/ingestion_date=2025-09-14/ingestion_time=16:00:02/users.jsonl
Successfully uploaded to s3://avosoft-retail-bronze-jds-42/bronze/products/ingestion_date=2025-09-14/ingestion_time=16:00:02/products.jsonl
2025-09-15 16:34:50,758 INFO ✅ S3 write ok: products/ingestion_date=2025-09-14/ingestion_time=16:00:02/products.jsonl
Successfully uploaded to s3://avosoft-retail-bronze-jds-42/bronze/distribution_centers/ingestion_date=2025-09-14/ingestion_time=16:00:02/dcs.jsonl
2025-09-15 16:34:51,060 INFO ✅ S3 write ok: distribution_centers/ingestion_date=2025-09-14/ingestion_time=16:00:02/dcs.jsonl
2025-09-15 16:34:51,060 WARNING Failed to write s3 bronze inventory/ingestion_date=2025-09-14/ingestion_time=16:00:02/inventory.jsonl: Object of type Decimal is not JSON serializable
Successfully uploaded to s3://avosoft-retail-bronze-jds-42/bronze/orders/ingestion_date=2025-09-14/ingestion_time=16:00:02/orders.jsonl
2025-09-15 16:34:51,966 INFO ✅ S3 write ok: orders/ingestion_date=2025-09-14/ingestion_time=16:00:02/orders.jsonl
Successfully uploaded to s3://avosoft-retail-bronze-jds-42/bronze/order_items/ingestion_date=2025-09-14/ingestion_time=16:00:02/order_items.jsonl
2025-09-15 16:34:52,875 INFO ✅ S3 write ok: order_items/ingestion_date=2025-09-14/ingestion_time=16:00:02/order_items.jsonl
Successfully uploaded to s3://avosoft-retail-bronze-jds-42/bronze/payments/ingestion_date=2025-09-14/ingestion_time=16:00:02/payments.jsonl
2025-09-15 16:34:53,231 INFO ✅ S3 write ok: payments/ingestion_date=2025-09-14/ingestion_time=16:00:02/payments.jsonl
Successfully uploaded to s3://avosoft-retail-bronze-jds-42/bronze/events/ingestion_date=2025-09-14/ingestion_time=16:00:02/events.jsonl
2025-09-15 16:34:53,934 INFO ✅ S3 write ok: events/ingestion_date=2025-09-14/ingestion_time=16:00:02/events.jsonl
SUCCESS: Data generation completed
=== [2025-09-15 16:34:54] Completion status: 0 ===

Environment loaded from /home/ubuntu/avosoft_retail/.env
Running data generator for 2025-09-15...
2025-09-15 20:00:11,632 INFO DEBUG SETTINGS -> users=50, orders=750, events=5000
2025-09-15 20:00:12,824 INFO [2025-09-14] Inserted 50 new users ✅
2025-09-15 20:00:20,171 INFO [2025-09-14] Inserted 750 orders ✅
2025-09-15 20:37:48,145 INFO [2025-09-14] Inserted 1869 order_items ✅
2025-09-15 20:37:49,060 INFO [2025-09-14] Inserted 750 payments ✅
2025-09-15 20:37:55,120 INFO Generated | users=50 products=5 orders=750 items=1869 paid=693 events=5761
Successfully uploaded to s3://avosoft-retail-bronze-jds-42/bronze/users/ingestion_date=2025-09-14/ingestion_time=20:00:01/users.jsonl
2025-09-15 20:37:56,390 INFO ✅ S3 write ok: users/ingestion_date=2025-09-14/ingestion_time=20:00:01/users.jsonl
Successfully uploaded to s3://avosoft-retail-bronze-jds-42/bronze/products/ingestion_date=2025-09-14/ingestion_time=20:00:01/products.jsonl
2025-09-15 20:37:56,704 INFO ✅ S3 write ok: products/ingestion_date=2025-09-14/ingestion_time=20:00:01/products.jsonl
Successfully uploaded to s3://avosoft-retail-bronze-jds-42/bronze/distribution_centers/ingestion_date=2025-09-14/ingestion_time=20:00:01/dcs.jsonl
2025-09-15 20:37:57,023 INFO ✅ S3 write ok: distribution_centers/ingestion_date=2025-09-14/ingestion_time=20:00:01/dcs.jsonl
2025-09-15 20:37:57,023 WARNING Failed to write s3 bronze inventory/ingestion_date=2025-09-14/ingestion_time=20:00:01/inventory.jsonl: Object of type Decimal is not JSON serializable
Successfully uploaded to s3://avosoft-retail-bronze-jds-42/bronze/orders/ingestion_date=2025-09-14/ingestion_time=20:00:01/orders.jsonl
2025-09-15 20:37:58,240 INFO ✅ S3 write ok: orders/ingestion_date=2025-09-14/ingestion_time=20:00:01/orders.jsonl
Successfully uploaded to s3://avosoft-retail-bronze-jds-42/bronze/order_items/ingestion_date=2025-09-14/ingestion_time=20:00:01/order_items.jsonl
2025-09-15 20:37:59,452 INFO ✅ S3 write ok: order_items/ingestion_date=2025-09-14/ingestion_time=20:00:01/order_items.jsonl
Successfully uploaded to s3://avosoft-retail-bronze-jds-42/bronze/payments/ingestion_date=2025-09-14/ingestion_time=20:00:01/payments.jsonl
2025-09-15 20:37:59,837 INFO ✅ S3 write ok: payments/ingestion_date=2025-09-14/ingestion_time=20:00:01/payments.jsonl
Successfully uploaded to s3://avosoft-retail-bronze-jds-42/bronze/events/ingestion_date=2025-09-14/ingestion_time=20:00:01/events.jsonl
2025-09-15 20:38:00,852 INFO ✅ S3 write ok: events/ingestion_date=2025-09-14/ingestion_time=20:00:01/events.jsonl
SUCCESS: Data generation completed
=== [2025-09-15 20:38:01] Completion status: 0 ===

Environment loaded from /home/ubuntu/avosoft_retail/.env
Running data generator for 2025-09-16...
2025-09-16 00:00:10,825 INFO DEBUG SETTINGS -> users=50, orders=750, events=5000
2025-09-16 00:00:11,969 INFO [2025-09-15] Inserted 50 new users ✅
2025-09-16 00:00:24,939 INFO [2025-09-15] Inserted 750 orders ✅
2025-09-16 00:35:15,046 INFO [2025-09-15] Inserted 1869 order_items ✅
2025-09-16 00:35:15,934 INFO [2025-09-15] Inserted 750 payments ✅
2025-09-16 00:35:22,128 INFO Generated | users=50 products=5 orders=750 items=1869 paid=691 events=5759
Successfully uploaded to s3://avosoft-retail-bronze-jds-42/bronze/users/ingestion_date=2025-09-15/ingestion_time=00:00:02/users.jsonl
2025-09-16 00:35:23,644 INFO ✅ S3 write ok: users/ingestion_date=2025-09-15/ingestion_time=00:00:02/users.jsonl
Successfully uploaded to s3://avosoft-retail-bronze-jds-42/bronze/products/ingestion_date=2025-09-15/ingestion_time=00:00:02/products.jsonl
2025-09-16 00:35:23,941 INFO ✅ S3 write ok: products/ingestion_date=2025-09-15/ingestion_time=00:00:02/products.jsonl
Successfully uploaded to s3://avosoft-retail-bronze-jds-42/bronze/distribution_centers/ingestion_date=2025-09-15/ingestion_time=00:00:02/dcs.jsonl
2025-09-16 00:35:24,241 INFO ✅ S3 write ok: distribution_centers/ingestion_date=2025-09-15/ingestion_time=00:00:02/dcs.jsonl
2025-09-16 00:35:24,241 WARNING Failed to write s3 bronze inventory/ingestion_date=2025-09-15/ingestion_time=00:00:02/inventory.jsonl: Object of type Decimal is not JSON serializable
Successfully uploaded to s3://avosoft-retail-bronze-jds-42/bronze/orders/ingestion_date=2025-09-15/ingestion_time=00:00:02/orders.jsonl
2025-09-16 00:35:25,373 INFO ✅ S3 write ok: orders/ingestion_date=2025-09-15/ingestion_time=00:00:02/orders.jsonl
Successfully uploaded to s3://avosoft-retail-bronze-jds-42/bronze/order_items/ingestion_date=2025-09-15/ingestion_time=00:00:02/order_items.jsonl
2025-09-16 00:35:26,534 INFO ✅ S3 write ok: order_items/ingestion_date=2025-09-15/ingestion_time=00:00:02/order_items.jsonl
Successfully uploaded to s3://avosoft-retail-bronze-jds-42/bronze/payments/ingestion_date=2025-09-15/ingestion_time=00:00:02/payments.jsonl
2025-09-16 00:35:26,839 INFO ✅ S3 write ok: payments/ingestion_date=2025-09-15/ingestion_time=00:00:02/payments.jsonl
Successfully uploaded to s3://avosoft-retail-bronze-jds-42/bronze/events/ingestion_date=2025-09-15/ingestion_time=00:00:02/events.jsonl
2025-09-16 00:35:27,798 INFO ✅ S3 write ok: events/ingestion_date=2025-09-15/ingestion_time=00:00:02/events.jsonl
SUCCESS: Data generation completed
=== [2025-09-16 00:35:28] Completion status: 0 ===

Environment loaded from /home/ubuntu/avosoft_retail/.env
Running data generator for 2025-09-16...
2025-09-16 04:00:10,729 INFO DEBUG SETTINGS -> users=50, orders=750, events=5000
2025-09-16 04:00:11,858 INFO [2025-09-15] Inserted 50 new users ✅
2025-09-16 04:00:24,915 INFO [2025-09-15] Inserted 750 orders ✅
2025-09-16 04:34:36,584 INFO [2025-09-15] Inserted 1869 order_items ✅
2025-09-16 04:34:37,460 INFO [2025-09-15] Inserted 750 payments ✅
2025-09-16 04:34:43,705 INFO Generated | users=50 products=5 orders=750 items=1869 paid=691 events=5759
Successfully uploaded to s3://avosoft-retail-bronze-jds-42/bronze/users/ingestion_date=2025-09-15/ingestion_time=04:00:01/users.jsonl
2025-09-16 04:34:45,769 INFO ✅ S3 write ok: users/ingestion_date=2025-09-15/ingestion_time=04:00:01/users.jsonl
Successfully uploaded to s3://avosoft-retail-bronze-jds-42/bronze/products/ingestion_date=2025-09-15/ingestion_time=04:00:01/products.jsonl
2025-09-16 04:34:46,075 INFO ✅ S3 write ok: products/ingestion_date=2025-09-15/ingestion_time=04:00:01/products.jsonl
Successfully uploaded to s3://avosoft-retail-bronze-jds-42/bronze/distribution_centers/ingestion_date=2025-09-15/ingestion_time=04:00:01/dcs.jsonl
2025-09-16 04:34:46,380 INFO ✅ S3 write ok: distribution_centers/ingestion_date=2025-09-15/ingestion_time=04:00:01/dcs.jsonl
2025-09-16 04:34:46,380 WARNING Failed to write s3 bronze inventory/ingestion_date=2025-09-15/ingestion_time=04:00:01/inventory.jsonl: Object of type Decimal is not JSON serializable
Successfully uploaded to s3://avosoft-retail-bronze-jds-42/bronze/orders/ingestion_date=2025-09-15/ingestion_time=04:00:01/orders.jsonl
2025-09-16 04:34:47,271 INFO ✅ S3 write ok: orders/ingestion_date=2025-09-15/ingestion_time=04:00:01/orders.jsonl
Successfully uploaded to s3://avosoft-retail-bronze-jds-42/bronze/order_items/ingestion_date=2025-09-15/ingestion_time=04:00:01/order_items.jsonl
2025-09-16 04:34:48,155 INFO ✅ S3 write ok: order_items/ingestion_date=2025-09-15/ingestion_time=04:00:01/order_items.jsonl
Successfully uploaded to s3://avosoft-retail-bronze-jds-42/bronze/payments/ingestion_date=2025-09-15/ingestion_time=04:00:01/payments.jsonl
2025-09-16 04:34:48,471 INFO ✅ S3 write ok: payments/ingestion_date=2025-09-15/ingestion_time=04:00:01/payments.jsonl
Successfully uploaded to s3://avosoft-retail-bronze-jds-42/bronze/events/ingestion_date=2025-09-15/ingestion_time=04:00:01/events.jsonl
2025-09-16 04:34:49,263 INFO ✅ S3 write ok: events/ingestion_date=2025-09-15/ingestion_time=04:00:01/events.jsonl
SUCCESS: Data generation completed
=== [2025-09-16 04:34:49] Completion status: 0 ===

Environment loaded from /home/ubuntu/avosoft_retail/.env
Running data generator for 2025-09-16...
2025-09-16 08:00:11,246 INFO DEBUG SETTINGS -> users=50, orders=750, events=5000
2025-09-16 08:00:12,388 INFO [2025-09-15] Inserted 50 new users ✅
2025-09-16 08:00:23,947 INFO [2025-09-15] Inserted 750 orders ✅
2025-09-16 08:35:16,601 INFO [2025-09-15] Inserted 1869 order_items ✅
2025-09-16 08:35:17,484 INFO [2025-09-15] Inserted 750 payments ✅
2025-09-16 08:35:23,908 INFO Generated | users=50 products=5 orders=750 items=1869 paid=691 events=5759
Successfully uploaded to s3://avosoft-retail-bronze-jds-42/bronze/users/ingestion_date=2025-09-15/ingestion_time=08:00:02/users.jsonl
2025-09-16 08:35:25,158 INFO ✅ S3 write ok: users/ingestion_date=2025-09-15/ingestion_time=08:00:02/users.jsonl
Successfully uploaded to s3://avosoft-retail-bronze-jds-42/bronze/products/ingestion_date=2025-09-15/ingestion_time=08:00:02/products.jsonl
2025-09-16 08:35:25,456 INFO ✅ S3 write ok: products/ingestion_date=2025-09-15/ingestion_time=08:00:02/products.jsonl
Successfully uploaded to s3://avosoft-retail-bronze-jds-42/bronze/distribution_centers/ingestion_date=2025-09-15/ingestion_time=08:00:02/dcs.jsonl
2025-09-16 08:35:25,759 INFO ✅ S3 write ok: distribution_centers/ingestion_date=2025-09-15/ingestion_time=08:00:02/dcs.jsonl
2025-09-16 08:35:25,759 WARNING Failed to write s3 bronze inventory/ingestion_date=2025-09-15/ingestion_time=08:00:02/inventory.jsonl: Object of type Decimal is not JSON serializable
Successfully uploaded to s3://avosoft-retail-bronze-jds-42/bronze/orders/ingestion_date=2025-09-15/ingestion_time=08:00:02/orders.jsonl
2025-09-16 08:35:26,891 INFO ✅ S3 write ok: orders/ingestion_date=2025-09-15/ingestion_time=08:00:02/orders.jsonl
Successfully uploaded to s3://avosoft-retail-bronze-jds-42/bronze/order_items/ingestion_date=2025-09-15/ingestion_time=08:00:02/order_items.jsonl
2025-09-16 08:35:28,408 INFO ✅ S3 write ok: order_items/ingestion_date=2025-09-15/ingestion_time=08:00:02/order_items.jsonl
Successfully uploaded to s3://avosoft-retail-bronze-jds-42/bronze/payments/ingestion_date=2025-09-15/ingestion_time=08:00:02/payments.jsonl
2025-09-16 08:35:28,773 INFO ✅ S3 write ok: payments/ingestion_date=2025-09-15/ingestion_time=08:00:02/payments.jsonl
Successfully uploaded to s3://avosoft-retail-bronze-jds-42/bronze/events/ingestion_date=2025-09-15/ingestion_time=08:00:02/events.jsonl
2025-09-16 08:35:29,796 INFO ✅ S3 write ok: events/ingestion_date=2025-09-15/ingestion_time=08:00:02/events.jsonl
SUCCESS: Data generation completed
=== [2025-09-16 08:35:29] Completion status: 0 ===

Environment loaded from /home/ubuntu/avosoft_retail/.env
Running data generator for 2025-09-16...
2025-09-16 12:00:18,937 INFO DEBUG SETTINGS -> users=50, orders=750, events=5000
2025-09-16 12:00:20,203 INFO [2025-09-15] Inserted 50 new users ✅
2025-09-16 12:00:29,833 INFO [2025-09-15] Inserted 750 orders ✅
2025-09-16 12:38:00,764 INFO [2025-09-15] Inserted 1872 order_items ✅
2025-09-16 12:38:02,049 INFO [2025-09-15] Inserted 750 payments ✅
2025-09-16 12:38:08,110 INFO Generated | users=50 products=5 orders=750 items=1872 paid=695 events=5763
Successfully uploaded to s3://avosoft-retail-bronze-jds-42/bronze/users/ingestion_date=2025-09-15/ingestion_time=12:00:01/users.jsonl
2025-09-16 12:38:09,431 INFO ✅ S3 write ok: users/ingestion_date=2025-09-15/ingestion_time=12:00:01/users.jsonl
Successfully uploaded to s3://avosoft-retail-bronze-jds-42/bronze/products/ingestion_date=2025-09-15/ingestion_time=12:00:01/products.jsonl
2025-09-16 12:38:09,734 INFO ✅ S3 write ok: products/ingestion_date=2025-09-15/ingestion_time=12:00:01/products.jsonl
Successfully uploaded to s3://avosoft-retail-bronze-jds-42/bronze/distribution_centers/ingestion_date=2025-09-15/ingestion_time=12:00:01/dcs.jsonl
2025-09-16 12:38:10,037 INFO ✅ S3 write ok: distribution_centers/ingestion_date=2025-09-15/ingestion_time=12:00:01/dcs.jsonl
2025-09-16 12:38:10,037 WARNING Failed to write s3 bronze inventory/ingestion_date=2025-09-15/ingestion_time=12:00:01/inventory.jsonl: Object of type Decimal is not JSON serializable
Successfully uploaded to s3://avosoft-retail-bronze-jds-42/bronze/orders/ingestion_date=2025-09-15/ingestion_time=12:00:01/orders.jsonl
2025-09-16 12:38:10,935 INFO ✅ S3 write ok: orders/ingestion_date=2025-09-15/ingestion_time=12:00:01/orders.jsonl
Successfully uploaded to s3://avosoft-retail-bronze-jds-42/bronze/order_items/ingestion_date=2025-09-15/ingestion_time=12:00:01/order_items.jsonl
2025-09-16 12:38:11,855 INFO ✅ S3 write ok: order_items/ingestion_date=2025-09-15/ingestion_time=12:00:01/order_items.jsonl
Successfully uploaded to s3://avosoft-retail-bronze-jds-42/bronze/payments/ingestion_date=2025-09-15/ingestion_time=12:00:01/payments.jsonl
2025-09-16 12:38:12,212 INFO ✅ S3 write ok: payments/ingestion_date=2025-09-15/ingestion_time=12:00:01/payments.jsonl
Successfully uploaded to s3://avosoft-retail-bronze-jds-42/bronze/events/ingestion_date=2025-09-15/ingestion_time=12:00:01/events.jsonl
2025-09-16 12:38:12,973 INFO ✅ S3 write ok: events/ingestion_date=2025-09-15/ingestion_time=12:00:01/events.jsonl
SUCCESS: Data generation completed
=== [2025-09-16 12:38:13] Completion status: 0 ===

Environment loaded from /home/ubuntu/avosoft_retail/.env
Running data generator for 2025-09-16...
2025-09-16 16:00:10,944 INFO DEBUG SETTINGS -> users=50, orders=750, events=5000
2025-09-16 16:00:12,090 INFO [2025-09-15] Inserted 50 new users ✅
2025-09-16 16:00:25,868 INFO [2025-09-15] Inserted 750 orders ✅
2025-09-16 16:35:50,441 INFO [2025-09-15] Inserted 1869 order_items ✅
2025-09-16 16:35:51,360 INFO [2025-09-15] Inserted 750 payments ✅
2025-09-16 16:35:57,528 INFO Generated | users=50 products=5 orders=750 items=1869 paid=691 events=5759
Successfully uploaded to s3://avosoft-retail-bronze-jds-42/bronze/users/ingestion_date=2025-09-15/ingestion_time=16:00:01/users.jsonl
2025-09-16 16:35:59,105 INFO ✅ S3 write ok: users/ingestion_date=2025-09-15/ingestion_time=16:00:01/users.jsonl
Successfully uploaded to s3://avosoft-retail-bronze-jds-42/bronze/products/ingestion_date=2025-09-15/ingestion_time=16:00:01/products.jsonl
2025-09-16 16:35:59,412 INFO ✅ S3 write ok: products/ingestion_date=2025-09-15/ingestion_time=16:00:01/products.jsonl
Successfully uploaded to s3://avosoft-retail-bronze-jds-42/bronze/distribution_centers/ingestion_date=2025-09-15/ingestion_time=16:00:01/dcs.jsonl
2025-09-16 16:35:59,719 INFO ✅ S3 write ok: distribution_centers/ingestion_date=2025-09-15/ingestion_time=16:00:01/dcs.jsonl
2025-09-16 16:35:59,719 WARNING Failed to write s3 bronze inventory/ingestion_date=2025-09-15/ingestion_time=16:00:01/inventory.jsonl: Object of type Decimal is not JSON serializable
Successfully uploaded to s3://avosoft-retail-bronze-jds-42/bronze/orders/ingestion_date=2025-09-15/ingestion_time=16:00:01/orders.jsonl
2025-09-16 16:36:00,628 INFO ✅ S3 write ok: orders/ingestion_date=2025-09-15/ingestion_time=16:00:01/orders.jsonl
Successfully uploaded to s3://avosoft-retail-bronze-jds-42/bronze/order_items/ingestion_date=2025-09-15/ingestion_time=16:00:01/order_items.jsonl
2025-09-16 16:36:01,538 INFO ✅ S3 write ok: order_items/ingestion_date=2025-09-15/ingestion_time=16:00:01/order_items.jsonl
Successfully uploaded to s3://avosoft-retail-bronze-jds-42/bronze/payments/ingestion_date=2025-09-15/ingestion_time=16:00:01/payments.jsonl
2025-09-16 16:36:01,858 INFO ✅ S3 write ok: payments/ingestion_date=2025-09-15/ingestion_time=16:00:01/payments.jsonl
Successfully uploaded to s3://avosoft-retail-bronze-jds-42/bronze/events/ingestion_date=2025-09-15/ingestion_time=16:00:01/events.jsonl
2025-09-16 16:36:02,693 INFO ✅ S3 write ok: events/ingestion_date=2025-09-15/ingestion_time=16:00:01/events.jsonl
SUCCESS: Data generation completed
=== [2025-09-16 16:36:02] Completion status: 0 ===

Environment loaded from /home/ubuntu/avosoft_retail/.env
Running data generator for 2025-09-16...
2025-09-16 20:00:12,201 INFO DEBUG SETTINGS -> users=50, orders=750, events=5000
2025-09-16 20:00:13,455 INFO [2025-09-15] Inserted 50 new users ✅
2025-09-16 20:00:38,830 INFO [2025-09-15] Inserted 750 orders ✅
2025-09-16 20:36:11,510 INFO [2025-09-15] Inserted 1875 order_items ✅
2025-09-16 20:36:12,404 INFO [2025-09-15] Inserted 750 payments ✅
2025-09-16 20:36:18,628 INFO Generated | users=50 products=5 orders=750 items=1875 paid=694 events=5762
Successfully uploaded to s3://avosoft-retail-bronze-jds-42/bronze/users/ingestion_date=2025-09-15/ingestion_time=20:00:02/users.jsonl
2025-09-16 20:36:20,160 INFO ✅ S3 write ok: users/ingestion_date=2025-09-15/ingestion_time=20:00:02/users.jsonl
Successfully uploaded to s3://avosoft-retail-bronze-jds-42/bronze/products/ingestion_date=2025-09-15/ingestion_time=20:00:02/products.jsonl
2025-09-16 20:36:20,462 INFO ✅ S3 write ok: products/ingestion_date=2025-09-15/ingestion_time=20:00:02/products.jsonl
Successfully uploaded to s3://avosoft-retail-bronze-jds-42/bronze/distribution_centers/ingestion_date=2025-09-15/ingestion_time=20:00:02/dcs.jsonl
2025-09-16 20:36:20,763 INFO ✅ S3 write ok: distribution_centers/ingestion_date=2025-09-15/ingestion_time=20:00:02/dcs.jsonl
2025-09-16 20:36:20,763 WARNING Failed to write s3 bronze inventory/ingestion_date=2025-09-15/ingestion_time=20:00:02/inventory.jsonl: Object of type Decimal is not JSON serializable
Successfully uploaded to s3://avosoft-retail-bronze-jds-42/bronze/orders/ingestion_date=2025-09-15/ingestion_time=20:00:02/orders.jsonl
2025-09-16 20:36:21,637 INFO ✅ S3 write ok: orders/ingestion_date=2025-09-15/ingestion_time=20:00:02/orders.jsonl
Successfully uploaded to s3://avosoft-retail-bronze-jds-42/bronze/order_items/ingestion_date=2025-09-15/ingestion_time=20:00:02/order_items.jsonl
2025-09-16 20:36:22,562 INFO ✅ S3 write ok: order_items/ingestion_date=2025-09-15/ingestion_time=20:00:02/order_items.jsonl
Successfully uploaded to s3://avosoft-retail-bronze-jds-42/bronze/payments/ingestion_date=2025-09-15/ingestion_time=20:00:02/payments.jsonl
2025-09-16 20:36:22,876 INFO ✅ S3 write ok: payments/ingestion_date=2025-09-15/ingestion_time=20:00:02/payments.jsonl
Successfully uploaded to s3://avosoft-retail-bronze-jds-42/bronze/events/ingestion_date=2025-09-15/ingestion_time=20:00:02/events.jsonl
2025-09-16 20:36:23,914 INFO ✅ S3 write ok: events/ingestion_date=2025-09-15/ingestion_time=20:00:02/events.jsonl
SUCCESS: Data generation completed
=== [2025-09-16 20:36:24] Completion status: 0 ===

Environment loaded from /home/ubuntu/avosoft_retail/.env
Running data generator for 2025-09-17...
2025-09-17 00:00:11,204 INFO DEBUG SETTINGS -> users=50, orders=750, events=5000
2025-09-17 00:00:12,348 INFO [2025-09-16] Inserted 50 new users ✅
2025-09-17 00:00:29,852 INFO [2025-09-16] Inserted 750 orders ✅
2025-09-17 00:35:36,512 INFO [2025-09-16] Inserted 1876 order_items ✅
2025-09-17 00:35:37,400 INFO [2025-09-16] Inserted 750 payments ✅
2025-09-17 00:35:43,624 INFO Generated | users=50 products=5 orders=750 items=1876 paid=694 events=5762
Successfully uploaded to s3://avosoft-retail-bronze-jds-42/bronze/users/ingestion_date=2025-09-16/ingestion_time=00:00:02/users.jsonl
2025-09-17 00:35:45,176 INFO ✅ S3 write ok: users/ingestion_date=2025-09-16/ingestion_time=00:00:02/users.jsonl
Successfully uploaded to s3://avosoft-retail-bronze-jds-42/bronze/products/ingestion_date=2025-09-16/ingestion_time=00:00:02/products.jsonl
2025-09-17 00:35:45,481 INFO ✅ S3 write ok: products/ingestion_date=2025-09-16/ingestion_time=00:00:02/products.jsonl
Successfully uploaded to s3://avosoft-retail-bronze-jds-42/bronze/distribution_centers/ingestion_date=2025-09-16/ingestion_time=00:00:02/dcs.jsonl
2025-09-17 00:35:45,781 INFO ✅ S3 write ok: distribution_centers/ingestion_date=2025-09-16/ingestion_time=00:00:02/dcs.jsonl
2025-09-17 00:35:45,781 WARNING Failed to write s3 bronze inventory/ingestion_date=2025-09-16/ingestion_time=00:00:02/inventory.jsonl: Object of type Decimal is not JSON serializable
Successfully uploaded to s3://avosoft-retail-bronze-jds-42/bronze/orders/ingestion_date=2025-09-16/ingestion_time=00:00:02/orders.jsonl
2025-09-17 00:35:46,673 INFO ✅ S3 write ok: orders/ingestion_date=2025-09-16/ingestion_time=00:00:02/orders.jsonl
Successfully uploaded to s3://avosoft-retail-bronze-jds-42/bronze/order_items/ingestion_date=2025-09-16/ingestion_time=00:00:02/order_items.jsonl
2025-09-17 00:35:47,619 INFO ✅ S3 write ok: order_items/ingestion_date=2025-09-16/ingestion_time=00:00:02/order_items.jsonl
Successfully uploaded to s3://avosoft-retail-bronze-jds-42/bronze/payments/ingestion_date=2025-09-16/ingestion_time=00:00:02/payments.jsonl
2025-09-17 00:35:47,994 INFO ✅ S3 write ok: payments/ingestion_date=2025-09-16/ingestion_time=00:00:02/payments.jsonl
Successfully uploaded to s3://avosoft-retail-bronze-jds-42/bronze/events/ingestion_date=2025-09-16/ingestion_time=00:00:02/events.jsonl
2025-09-17 00:35:49,001 INFO ✅ S3 write ok: events/ingestion_date=2025-09-16/ingestion_time=00:00:02/events.jsonl
SUCCESS: Data generation completed
=== [2025-09-17 00:35:49] Completion status: 0 ===

Environment loaded from /home/ubuntu/avosoft_retail/.env
Running data generator for 2025-09-17...
2025-09-17 04:00:10,642 INFO DEBUG SETTINGS -> users=50, orders=750, events=5000
2025-09-17 04:00:11,782 INFO [2025-09-16] Inserted 50 new users ✅
2025-09-17 04:00:28,101 INFO [2025-09-16] Inserted 750 orders ✅
2025-09-17 04:35:29,465 INFO [2025-09-16] Inserted 1872 order_items ✅
2025-09-17 04:35:30,384 INFO [2025-09-16] Inserted 750 payments ✅
2025-09-17 04:35:36,502 INFO Generated | users=50 products=5 orders=750 items=1872 paid=692 events=5760
Successfully uploaded to s3://avosoft-retail-bronze-jds-42/bronze/users/ingestion_date=2025-09-16/ingestion_time=04:00:02/users.jsonl
2025-09-17 04:35:37,750 INFO ✅ S3 write ok: users/ingestion_date=2025-09-16/ingestion_time=04:00:02/users.jsonl
Successfully uploaded to s3://avosoft-retail-bronze-jds-42/bronze/products/ingestion_date=2025-09-16/ingestion_time=04:00:02/products.jsonl
2025-09-17 04:35:38,047 INFO ✅ S3 write ok: products/ingestion_date=2025-09-16/ingestion_time=04:00:02/products.jsonl
Successfully uploaded to s3://avosoft-retail-bronze-jds-42/bronze/distribution_centers/ingestion_date=2025-09-16/ingestion_time=04:00:02/dcs.jsonl
2025-09-17 04:35:38,344 INFO ✅ S3 write ok: distribution_centers/ingestion_date=2025-09-16/ingestion_time=04:00:02/dcs.jsonl
2025-09-17 04:35:38,344 WARNING Failed to write s3 bronze inventory/ingestion_date=2025-09-16/ingestion_time=04:00:02/inventory.jsonl: Object of type Decimal is not JSON serializable
Successfully uploaded to s3://avosoft-retail-bronze-jds-42/bronze/orders/ingestion_date=2025-09-16/ingestion_time=04:00:02/orders.jsonl
2025-09-17 04:35:39,493 INFO ✅ S3 write ok: orders/ingestion_date=2025-09-16/ingestion_time=04:00:02/orders.jsonl
Successfully uploaded to s3://avosoft-retail-bronze-jds-42/bronze/order_items/ingestion_date=2025-09-16/ingestion_time=04:00:02/order_items.jsonl
2025-09-17 04:35:40,938 INFO ✅ S3 write ok: order_items/ingestion_date=2025-09-16/ingestion_time=04:00:02/order_items.jsonl
Successfully uploaded to s3://avosoft-retail-bronze-jds-42/bronze/payments/ingestion_date=2025-09-16/ingestion_time=04:00:02/payments.jsonl
2025-09-17 04:35:41,264 INFO ✅ S3 write ok: payments/ingestion_date=2025-09-16/ingestion_time=04:00:02/payments.jsonl
Successfully uploaded to s3://avosoft-retail-bronze-jds-42/bronze/events/ingestion_date=2025-09-16/ingestion_time=04:00:02/events.jsonl
2025-09-17 04:35:42,228 INFO ✅ S3 write ok: events/ingestion_date=2025-09-16/ingestion_time=04:00:02/events.jsonl
SUCCESS: Data generation completed
=== [2025-09-17 04:35:42] Completion status: 0 ===

Environment loaded from /home/ubuntu/avosoft_retail/.env
Running data generator for 2025-09-17...
2025-09-17 08:00:10,943 INFO DEBUG SETTINGS -> users=50, orders=750, events=5000
2025-09-17 08:00:12,089 INFO [2025-09-16] Inserted 50 new users ✅
2025-09-17 08:00:27,059 INFO [2025-09-16] Inserted 750 orders ✅
2025-09-17 08:35:26,840 INFO [2025-09-16] Inserted 1868 order_items ✅
2025-09-17 08:35:27,741 INFO [2025-09-16] Inserted 750 payments ✅
2025-09-17 08:35:34,010 INFO Generated | users=50 products=5 orders=750 items=1868 paid=690 events=5758
Successfully uploaded to s3://avosoft-retail-bronze-jds-42/bronze/users/ingestion_date=2025-09-16/ingestion_time=08:00:02/users.jsonl
2025-09-17 08:35:35,763 INFO ✅ S3 write ok: users/ingestion_date=2025-09-16/ingestion_time=08:00:02/users.jsonl
Successfully uploaded to s3://avosoft-retail-bronze-jds-42/bronze/products/ingestion_date=2025-09-16/ingestion_time=08:00:02/products.jsonl
2025-09-17 08:35:36,063 INFO ✅ S3 write ok: products/ingestion_date=2025-09-16/ingestion_time=08:00:02/products.jsonl
Successfully uploaded to s3://avosoft-retail-bronze-jds-42/bronze/distribution_centers/ingestion_date=2025-09-16/ingestion_time=08:00:02/dcs.jsonl
2025-09-17 08:35:36,366 INFO ✅ S3 write ok: distribution_centers/ingestion_date=2025-09-16/ingestion_time=08:00:02/dcs.jsonl
2025-09-17 08:35:36,366 WARNING Failed to write s3 bronze inventory/ingestion_date=2025-09-16/ingestion_time=08:00:02/inventory.jsonl: Object of type Decimal is not JSON serializable
Successfully uploaded to s3://avosoft-retail-bronze-jds-42/bronze/orders/ingestion_date=2025-09-16/ingestion_time=08:00:02/orders.jsonl
2025-09-17 08:35:37,260 INFO ✅ S3 write ok: orders/ingestion_date=2025-09-16/ingestion_time=08:00:02/orders.jsonl
Successfully uploaded to s3://avosoft-retail-bronze-jds-42/bronze/order_items/ingestion_date=2025-09-16/ingestion_time=08:00:02/order_items.jsonl
2025-09-17 08:35:38,141 INFO ✅ S3 write ok: order_items/ingestion_date=2025-09-16/ingestion_time=08:00:02/order_items.jsonl
Successfully uploaded to s3://avosoft-retail-bronze-jds-42/bronze/payments/ingestion_date=2025-09-16/ingestion_time=08:00:02/payments.jsonl
2025-09-17 08:35:38,492 INFO ✅ S3 write ok: payments/ingestion_date=2025-09-16/ingestion_time=08:00:02/payments.jsonl
Successfully uploaded to s3://avosoft-retail-bronze-jds-42/bronze/events/ingestion_date=2025-09-16/ingestion_time=08:00:02/events.jsonl
2025-09-17 08:35:39,278 INFO ✅ S3 write ok: events/ingestion_date=2025-09-16/ingestion_time=08:00:02/events.jsonl
SUCCESS: Data generation completed
=== [2025-09-17 08:35:39] Completion status: 0 ===

Environment loaded from /home/ubuntu/avosoft_retail/.env
Running data generator for 2025-09-17...
2025-09-17 12:00:10,943 INFO DEBUG SETTINGS -> users=50, orders=750, events=5000
2025-09-17 12:00:12,086 INFO [2025-09-16] Inserted 50 new users ✅
2025-09-17 12:00:23,421 INFO [2025-09-16] Inserted 750 orders ✅
2025-09-17 12:35:19,376 INFO [2025-09-16] Inserted 1869 order_items ✅
2025-09-17 12:35:20,266 INFO [2025-09-16] Inserted 750 payments ✅
2025-09-17 12:35:26,407 INFO Generated | users=50 products=5 orders=750 items=1869 paid=691 events=5759
Successfully uploaded to s3://avosoft-retail-bronze-jds-42/bronze/users/ingestion_date=2025-09-16/ingestion_time=12:00:02/users.jsonl
2025-09-17 12:35:28,196 INFO ✅ S3 write ok: users/ingestion_date=2025-09-16/ingestion_time=12:00:02/users.jsonl
Successfully uploaded to s3://avosoft-retail-bronze-jds-42/bronze/products/ingestion_date=2025-09-16/ingestion_time=12:00:02/products.jsonl
2025-09-17 12:35:28,559 INFO ✅ S3 write ok: products/ingestion_date=2025-09-16/ingestion_time=12:00:02/products.jsonl
Successfully uploaded to s3://avosoft-retail-bronze-jds-42/bronze/distribution_centers/ingestion_date=2025-09-16/ingestion_time=12:00:02/dcs.jsonl
2025-09-17 12:35:28,860 INFO ✅ S3 write ok: distribution_centers/ingestion_date=2025-09-16/ingestion_time=12:00:02/dcs.jsonl
2025-09-17 12:35:28,861 WARNING Failed to write s3 bronze inventory/ingestion_date=2025-09-16/ingestion_time=12:00:02/inventory.jsonl: Object of type Decimal is not JSON serializable
Successfully uploaded to s3://avosoft-retail-bronze-jds-42/bronze/orders/ingestion_date=2025-09-16/ingestion_time=12:00:02/orders.jsonl
2025-09-17 12:35:29,740 INFO ✅ S3 write ok: orders/ingestion_date=2025-09-16/ingestion_time=12:00:02/orders.jsonl
Successfully uploaded to s3://avosoft-retail-bronze-jds-42/bronze/order_items/ingestion_date=2025-09-16/ingestion_time=12:00:02/order_items.jsonl
2025-09-17 12:35:30,624 INFO ✅ S3 write ok: order_items/ingestion_date=2025-09-16/ingestion_time=12:00:02/order_items.jsonl
Successfully uploaded to s3://avosoft-retail-bronze-jds-42/bronze/payments/ingestion_date=2025-09-16/ingestion_time=12:00:02/payments.jsonl
2025-09-17 12:35:31,001 INFO ✅ S3 write ok: payments/ingestion_date=2025-09-16/ingestion_time=12:00:02/payments.jsonl
Successfully uploaded to s3://avosoft-retail-bronze-jds-42/bronze/events/ingestion_date=2025-09-16/ingestion_time=12:00:02/events.jsonl
2025-09-17 12:35:32,051 INFO ✅ S3 write ok: events/ingestion_date=2025-09-16/ingestion_time=12:00:02/events.jsonl
SUCCESS: Data generation completed
=== [2025-09-17 12:35:32] Completion status: 0 ===

Environment loaded from /home/ubuntu/avosoft_retail/.env
Running data generator for 2025-09-17...
2025-09-17 16:00:10,835 INFO DEBUG SETTINGS -> users=50, orders=750, events=5000
2025-09-17 16:00:11,985 INFO [2025-09-16] Inserted 50 new users ✅
2025-09-17 16:00:25,305 INFO [2025-09-16] Inserted 750 orders ✅
2025-09-17 16:35:32,462 INFO [2025-09-16] Inserted 1869 order_items ✅
2025-09-17 16:35:33,370 INFO [2025-09-16] Inserted 750 payments ✅
2025-09-17 16:35:39,510 INFO Generated | users=50 products=5 orders=750 items=1869 paid=691 events=5759
Successfully uploaded to s3://avosoft-retail-bronze-jds-42/bronze/users/ingestion_date=2025-09-16/ingestion_time=16:00:02/users.jsonl
2025-09-17 16:35:41,066 INFO ✅ S3 write ok: users/ingestion_date=2025-09-16/ingestion_time=16:00:02/users.jsonl
Successfully uploaded to s3://avosoft-retail-bronze-jds-42/bronze/products/ingestion_date=2025-09-16/ingestion_time=16:00:02/products.jsonl
2025-09-17 16:35:41,366 INFO ✅ S3 write ok: products/ingestion_date=2025-09-16/ingestion_time=16:00:02/products.jsonl
Successfully uploaded to s3://avosoft-retail-bronze-jds-42/bronze/distribution_centers/ingestion_date=2025-09-16/ingestion_time=16:00:02/dcs.jsonl
2025-09-17 16:35:41,666 INFO ✅ S3 write ok: distribution_centers/ingestion_date=2025-09-16/ingestion_time=16:00:02/dcs.jsonl
2025-09-17 16:35:41,666 WARNING Failed to write s3 bronze inventory/ingestion_date=2025-09-16/ingestion_time=16:00:02/inventory.jsonl: Object of type Decimal is not JSON serializable
Successfully uploaded to s3://avosoft-retail-bronze-jds-42/bronze/orders/ingestion_date=2025-09-16/ingestion_time=16:00:02/orders.jsonl
2025-09-17 16:35:42,857 INFO ✅ S3 write ok: orders/ingestion_date=2025-09-16/ingestion_time=16:00:02/orders.jsonl
Successfully uploaded to s3://avosoft-retail-bronze-jds-42/bronze/order_items/ingestion_date=2025-09-16/ingestion_time=16:00:02/order_items.jsonl
2025-09-17 16:35:44,036 INFO ✅ S3 write ok: order_items/ingestion_date=2025-09-16/ingestion_time=16:00:02/order_items.jsonl
Successfully uploaded to s3://avosoft-retail-bronze-jds-42/bronze/payments/ingestion_date=2025-09-16/ingestion_time=16:00:02/payments.jsonl
2025-09-17 16:35:44,387 INFO ✅ S3 write ok: payments/ingestion_date=2025-09-16/ingestion_time=16:00:02/payments.jsonl
Successfully uploaded to s3://avosoft-retail-bronze-jds-42/bronze/events/ingestion_date=2025-09-16/ingestion_time=16:00:02/events.jsonl
2025-09-17 16:35:45,372 INFO ✅ S3 write ok: events/ingestion_date=2025-09-16/ingestion_time=16:00:02/events.jsonl
SUCCESS: Data generation completed
=== [2025-09-17 16:35:45] Completion status: 0 ===

Environment loaded from /home/ubuntu/avosoft_retail/.env
Running data generator for 2025-09-17...
2025-09-17 20:00:11,316 INFO DEBUG SETTINGS -> users=50, orders=750, events=5000
2025-09-17 20:00:12,454 INFO [2025-09-16] Inserted 50 new users ✅
2025-09-17 20:00:24,812 INFO [2025-09-16] Inserted 750 orders ✅
2025-09-17 20:35:34,485 INFO [2025-09-16] Inserted 1869 order_items ✅
2025-09-17 20:35:35,371 INFO [2025-09-16] Inserted 750 payments ✅
2025-09-17 20:35:41,446 INFO Generated | users=50 products=5 orders=750 items=1869 paid=691 events=5759
Successfully uploaded to s3://avosoft-retail-bronze-jds-42/bronze/users/ingestion_date=2025-09-16/ingestion_time=20:00:02/users.jsonl
2025-09-17 20:35:43,252 INFO ✅ S3 write ok: users/ingestion_date=2025-09-16/ingestion_time=20:00:02/users.jsonl
Successfully uploaded to s3://avosoft-retail-bronze-jds-42/bronze/products/ingestion_date=2025-09-16/ingestion_time=20:00:02/products.jsonl
2025-09-17 20:35:43,559 INFO ✅ S3 write ok: products/ingestion_date=2025-09-16/ingestion_time=20:00:02/products.jsonl
Successfully uploaded to s3://avosoft-retail-bronze-jds-42/bronze/distribution_centers/ingestion_date=2025-09-16/ingestion_time=20:00:02/dcs.jsonl
2025-09-17 20:35:43,857 INFO ✅ S3 write ok: distribution_centers/ingestion_date=2025-09-16/ingestion_time=20:00:02/dcs.jsonl
2025-09-17 20:35:43,857 WARNING Failed to write s3 bronze inventory/ingestion_date=2025-09-16/ingestion_time=20:00:02/inventory.jsonl: Object of type Decimal is not JSON serializable
Successfully uploaded to s3://avosoft-retail-bronze-jds-42/bronze/orders/ingestion_date=2025-09-16/ingestion_time=20:00:02/orders.jsonl
2025-09-17 20:35:44,993 INFO ✅ S3 write ok: orders/ingestion_date=2025-09-16/ingestion_time=20:00:02/orders.jsonl
Successfully uploaded to s3://avosoft-retail-bronze-jds-42/bronze/order_items/ingestion_date=2025-09-16/ingestion_time=20:00:02/order_items.jsonl
2025-09-17 20:35:46,207 INFO ✅ S3 write ok: order_items/ingestion_date=2025-09-16/ingestion_time=20:00:02/order_items.jsonl
Successfully uploaded to s3://avosoft-retail-bronze-jds-42/bronze/payments/ingestion_date=2025-09-16/ingestion_time=20:00:02/payments.jsonl
2025-09-17 20:35:46,561 INFO ✅ S3 write ok: payments/ingestion_date=2025-09-16/ingestion_time=20:00:02/payments.jsonl
Successfully uploaded to s3://avosoft-retail-bronze-jds-42/bronze/events/ingestion_date=2025-09-16/ingestion_time=20:00:02/events.jsonl
2025-09-17 20:35:47,562 INFO ✅ S3 write ok: events/ingestion_date=2025-09-16/ingestion_time=20:00:02/events.jsonl
SUCCESS: Data generation completed
=== [2025-09-17 20:35:47] Completion status: 0 ===

Environment loaded from /home/ubuntu/avosoft_retail/.env
Running data generator for 2025-09-18...
2025-09-18 00:00:11,797 INFO DEBUG SETTINGS -> users=50, orders=750, events=5000
2025-09-18 00:00:12,936 INFO [2025-09-17] Inserted 50 new users ✅
2025-09-18 00:00:31,909 INFO [2025-09-17] Inserted 750 orders ✅
2025-09-18 00:35:24,429 INFO [2025-09-17] Inserted 1868 order_items ✅
2025-09-18 00:35:25,329 INFO [2025-09-17] Inserted 750 payments ✅
2025-09-18 00:35:31,315 INFO Generated | users=50 products=5 orders=750 items=1868 paid=694 events=5760
Successfully uploaded to s3://avosoft-retail-bronze-jds-42/bronze/users/ingestion_date=2025-09-17/ingestion_time=00:00:02/users.jsonl
2025-09-18 00:35:32,850 INFO ✅ S3 write ok: users/ingestion_date=2025-09-17/ingestion_time=00:00:02/users.jsonl
Successfully uploaded to s3://avosoft-retail-bronze-jds-42/bronze/products/ingestion_date=2025-09-17/ingestion_time=00:00:02/products.jsonl
2025-09-18 00:35:33,150 INFO ✅ S3 write ok: products/ingestion_date=2025-09-17/ingestion_time=00:00:02/products.jsonl
Successfully uploaded to s3://avosoft-retail-bronze-jds-42/bronze/distribution_centers/ingestion_date=2025-09-17/ingestion_time=00:00:02/dcs.jsonl
2025-09-18 00:35:33,453 INFO ✅ S3 write ok: distribution_centers/ingestion_date=2025-09-17/ingestion_time=00:00:02/dcs.jsonl
2025-09-18 00:35:33,453 WARNING Failed to write s3 bronze inventory/ingestion_date=2025-09-17/ingestion_time=00:00:02/inventory.jsonl: Object of type Decimal is not JSON serializable
Successfully uploaded to s3://avosoft-retail-bronze-jds-42/bronze/orders/ingestion_date=2025-09-17/ingestion_time=00:00:02/orders.jsonl
2025-09-18 00:35:34,318 INFO ✅ S3 write ok: orders/ingestion_date=2025-09-17/ingestion_time=00:00:02/orders.jsonl
Successfully uploaded to s3://avosoft-retail-bronze-jds-42/bronze/order_items/ingestion_date=2025-09-17/ingestion_time=00:00:02/order_items.jsonl
2025-09-18 00:35:35,258 INFO ✅ S3 write ok: order_items/ingestion_date=2025-09-17/ingestion_time=00:00:02/order_items.jsonl
Successfully uploaded to s3://avosoft-retail-bronze-jds-42/bronze/payments/ingestion_date=2025-09-17/ingestion_time=00:00:02/payments.jsonl
2025-09-18 00:35:35,634 INFO ✅ S3 write ok: payments/ingestion_date=2025-09-17/ingestion_time=00:00:02/payments.jsonl
Successfully uploaded to s3://avosoft-retail-bronze-jds-42/bronze/events/ingestion_date=2025-09-17/ingestion_time=00:00:02/events.jsonl
2025-09-18 00:35:36,581 INFO ✅ S3 write ok: events/ingestion_date=2025-09-17/ingestion_time=00:00:02/events.jsonl
SUCCESS: Data generation completed
=== [2025-09-18 00:35:36] Completion status: 0 ===

Environment loaded from /home/ubuntu/avosoft_retail/.env
Running data generator for 2025-09-18...
2025-09-18 04:00:11,544 INFO DEBUG SETTINGS -> users=50, orders=750, events=5000
2025-09-18 04:00:12,687 INFO [2025-09-17] Inserted 50 new users ✅
2025-09-18 04:00:30,094 INFO [2025-09-17] Inserted 750 orders ✅
2025-09-18 04:35:24,353 INFO [2025-09-17] Inserted 1876 order_items ✅
2025-09-18 04:35:25,248 INFO [2025-09-17] Inserted 750 payments ✅
2025-09-18 04:35:31,349 INFO Generated | users=50 products=5 orders=750 items=1876 paid=694 events=5762
Successfully uploaded to s3://avosoft-retail-bronze-jds-42/bronze/users/ingestion_date=2025-09-17/ingestion_time=04:00:02/users.jsonl
2025-09-18 04:35:32,872 INFO ✅ S3 write ok: users/ingestion_date=2025-09-17/ingestion_time=04:00:02/users.jsonl
Successfully uploaded to s3://avosoft-retail-bronze-jds-42/bronze/products/ingestion_date=2025-09-17/ingestion_time=04:00:02/products.jsonl
2025-09-18 04:35:33,173 INFO ✅ S3 write ok: products/ingestion_date=2025-09-17/ingestion_time=04:00:02/products.jsonl
Successfully uploaded to s3://avosoft-retail-bronze-jds-42/bronze/distribution_centers/ingestion_date=2025-09-17/ingestion_time=04:00:02/dcs.jsonl
2025-09-18 04:35:33,473 INFO ✅ S3 write ok: distribution_centers/ingestion_date=2025-09-17/ingestion_time=04:00:02/dcs.jsonl
2025-09-18 04:35:33,473 WARNING Failed to write s3 bronze inventory/ingestion_date=2025-09-17/ingestion_time=04:00:02/inventory.jsonl: Object of type Decimal is not JSON serializable
Successfully uploaded to s3://avosoft-retail-bronze-jds-42/bronze/orders/ingestion_date=2025-09-17/ingestion_time=04:00:02/orders.jsonl
2025-09-18 04:35:34,372 INFO ✅ S3 write ok: orders/ingestion_date=2025-09-17/ingestion_time=04:00:02/orders.jsonl
Successfully uploaded to s3://avosoft-retail-bronze-jds-42/bronze/order_items/ingestion_date=2025-09-17/ingestion_time=04:00:02/order_items.jsonl
2025-09-18 04:35:35,301 INFO ✅ S3 write ok: order_items/ingestion_date=2025-09-17/ingestion_time=04:00:02/order_items.jsonl
Successfully uploaded to s3://avosoft-retail-bronze-jds-42/bronze/payments/ingestion_date=2025-09-17/ingestion_time=04:00:02/payments.jsonl
2025-09-18 04:35:35,765 INFO ✅ S3 write ok: payments/ingestion_date=2025-09-17/ingestion_time=04:00:02/payments.jsonl
Successfully uploaded to s3://avosoft-retail-bronze-jds-42/bronze/events/ingestion_date=2025-09-17/ingestion_time=04:00:02/events.jsonl
2025-09-18 04:35:36,799 INFO ✅ S3 write ok: events/ingestion_date=2025-09-17/ingestion_time=04:00:02/events.jsonl
SUCCESS: Data generation completed
=== [2025-09-18 04:35:37] Completion status: 0 ===

Environment loaded from /home/ubuntu/avosoft_retail/.env
Running data generator for 2025-09-18...
2025-09-18 08:00:10,399 INFO DEBUG SETTINGS -> users=50, orders=750, events=5000
2025-09-18 08:00:11,525 INFO [2025-09-17] Inserted 50 new users ✅
2025-09-18 08:00:30,299 INFO [2025-09-17] Inserted 750 orders ✅
2025-09-18 08:34:02,990 INFO [2025-09-17] Inserted 1826 order_items ✅
2025-09-18 08:34:03,931 INFO [2025-09-17] Inserted 750 payments ✅
2025-09-18 08:34:09,928 INFO Generated | users=50 products=5 orders=750 items=1826 paid=687 events=5755
Successfully uploaded to s3://avosoft-retail-bronze-jds-42/bronze/users/ingestion_date=2025-09-17/ingestion_time=08:00:01/users.jsonl
2025-09-18 08:34:11,440 INFO ✅ S3 write ok: users/ingestion_date=2025-09-17/ingestion_time=08:00:01/users.jsonl
Successfully uploaded to s3://avosoft-retail-bronze-jds-42/bronze/products/ingestion_date=2025-09-17/ingestion_time=08:00:01/products.jsonl
2025-09-18 08:34:11,736 INFO ✅ S3 write ok: products/ingestion_date=2025-09-17/ingestion_time=08:00:01/products.jsonl
Successfully uploaded to s3://avosoft-retail-bronze-jds-42/bronze/distribution_centers/ingestion_date=2025-09-17/ingestion_time=08:00:01/dcs.jsonl
2025-09-18 08:34:12,034 INFO ✅ S3 write ok: distribution_centers/ingestion_date=2025-09-17/ingestion_time=08:00:01/dcs.jsonl
2025-09-18 08:34:12,034 WARNING Failed to write s3 bronze inventory/ingestion_date=2025-09-17/ingestion_time=08:00:01/inventory.jsonl: Object of type Decimal is not JSON serializable
Successfully uploaded to s3://avosoft-retail-bronze-jds-42/bronze/orders/ingestion_date=2025-09-17/ingestion_time=08:00:01/orders.jsonl
2025-09-18 08:34:12,906 INFO ✅ S3 write ok: orders/ingestion_date=2025-09-17/ingestion_time=08:00:01/orders.jsonl
Successfully uploaded to s3://avosoft-retail-bronze-jds-42/bronze/order_items/ingestion_date=2025-09-17/ingestion_time=08:00:01/order_items.jsonl
2025-09-18 08:34:13,800 INFO ✅ S3 write ok: order_items/ingestion_date=2025-09-17/ingestion_time=08:00:01/order_items.jsonl
Successfully uploaded to s3://avosoft-retail-bronze-jds-42/bronze/payments/ingestion_date=2025-09-17/ingestion_time=08:00:01/payments.jsonl
2025-09-18 08:34:14,109 INFO ✅ S3 write ok: payments/ingestion_date=2025-09-17/ingestion_time=08:00:01/payments.jsonl
Successfully uploaded to s3://avosoft-retail-bronze-jds-42/bronze/events/ingestion_date=2025-09-17/ingestion_time=08:00:01/events.jsonl
2025-09-18 08:34:15,065 INFO ✅ S3 write ok: events/ingestion_date=2025-09-17/ingestion_time=08:00:01/events.jsonl
SUCCESS: Data generation completed
=== [2025-09-18 08:34:15] Completion status: 0 ===

Environment loaded from /home/ubuntu/avosoft_retail/.env
Running data generator for 2025-09-18...
2025-09-18 12:00:11,530 INFO DEBUG SETTINGS -> users=50, orders=750, events=5000
2025-09-18 12:00:12,767 INFO [2025-09-17] Inserted 50 new users ✅
2025-09-18 12:00:30,208 INFO [2025-09-17] Inserted 750 orders ✅
2025-09-18 12:35:28,396 INFO [2025-09-17] Inserted 1869 order_items ✅
2025-09-18 12:35:29,284 INFO [2025-09-17] Inserted 750 payments ✅
2025-09-18 12:35:35,435 INFO Generated | users=50 products=5 orders=750 items=1869 paid=687 events=5753
Successfully uploaded to s3://avosoft-retail-bronze-jds-42/bronze/users/ingestion_date=2025-09-17/ingestion_time=12:00:01/users.jsonl
2025-09-18 12:35:36,955 INFO ✅ S3 write ok: users/ingestion_date=2025-09-17/ingestion_time=12:00:01/users.jsonl
Successfully uploaded to s3://avosoft-retail-bronze-jds-42/bronze/products/ingestion_date=2025-09-17/ingestion_time=12:00:01/products.jsonl
2025-09-18 12:35:37,256 INFO ✅ S3 write ok: products/ingestion_date=2025-09-17/ingestion_time=12:00:01/products.jsonl
Successfully uploaded to s3://avosoft-retail-bronze-jds-42/bronze/distribution_centers/ingestion_date=2025-09-17/ingestion_time=12:00:01/dcs.jsonl
2025-09-18 12:35:37,553 INFO ✅ S3 write ok: distribution_centers/ingestion_date=2025-09-17/ingestion_time=12:00:01/dcs.jsonl
2025-09-18 12:35:37,553 WARNING Failed to write s3 bronze inventory/ingestion_date=2025-09-17/ingestion_time=12:00:01/inventory.jsonl: Object of type Decimal is not JSON serializable
Successfully uploaded to s3://avosoft-retail-bronze-jds-42/bronze/orders/ingestion_date=2025-09-17/ingestion_time=12:00:01/orders.jsonl
2025-09-18 12:35:38,403 INFO ✅ S3 write ok: orders/ingestion_date=2025-09-17/ingestion_time=12:00:01/orders.jsonl
Successfully uploaded to s3://avosoft-retail-bronze-jds-42/bronze/order_items/ingestion_date=2025-09-17/ingestion_time=12:00:01/order_items.jsonl
2025-09-18 12:35:39,303 INFO ✅ S3 write ok: order_items/ingestion_date=2025-09-17/ingestion_time=12:00:01/order_items.jsonl
Successfully uploaded to s3://avosoft-retail-bronze-jds-42/bronze/payments/ingestion_date=2025-09-17/ingestion_time=12:00:01/payments.jsonl
2025-09-18 12:35:39,606 INFO ✅ S3 write ok: payments/ingestion_date=2025-09-17/ingestion_time=12:00:01/payments.jsonl
Successfully uploaded to s3://avosoft-retail-bronze-jds-42/bronze/events/ingestion_date=2025-09-17/ingestion_time=12:00:01/events.jsonl
2025-09-18 12:35:40,628 INFO ✅ S3 write ok: events/ingestion_date=2025-09-17/ingestion_time=12:00:01/events.jsonl
SUCCESS: Data generation completed
=== [2025-09-18 12:35:40] Completion status: 0 ===

Environment loaded from /home/ubuntu/avosoft_retail/.env
Running data generator for 2025-09-18...
2025-09-18 16:00:11,020 INFO DEBUG SETTINGS -> users=50, orders=750, events=5000
2025-09-18 16:00:12,168 INFO [2025-09-17] Inserted 50 new users ✅
2025-09-18 16:00:26,853 INFO [2025-09-17] Inserted 750 orders ✅
2025-09-18 16:35:03,660 INFO [2025-09-17] Inserted 1849 order_items ✅
2025-09-18 16:35:04,592 INFO [2025-09-17] Inserted 750 payments ✅
2025-09-18 16:35:10,628 INFO Generated | users=50 products=5 orders=750 items=1849 paid=694 events=5762
Successfully uploaded to s3://avosoft-retail-bronze-jds-42/bronze/users/ingestion_date=2025-09-17/ingestion_time=16:00:02/users.jsonl
2025-09-18 16:35:12,145 INFO ✅ S3 write ok: users/ingestion_date=2025-09-17/ingestion_time=16:00:02/users.jsonl
Successfully uploaded to s3://avosoft-retail-bronze-jds-42/bronze/products/ingestion_date=2025-09-17/ingestion_time=16:00:02/products.jsonl
2025-09-18 16:35:12,441 INFO ✅ S3 write ok: products/ingestion_date=2025-09-17/ingestion_time=16:00:02/products.jsonl
Successfully uploaded to s3://avosoft-retail-bronze-jds-42/bronze/distribution_centers/ingestion_date=2025-09-17/ingestion_time=16:00:02/dcs.jsonl
2025-09-18 16:35:12,739 INFO ✅ S3 write ok: distribution_centers/ingestion_date=2025-09-17/ingestion_time=16:00:02/dcs.jsonl
2025-09-18 16:35:12,739 WARNING Failed to write s3 bronze inventory/ingestion_date=2025-09-17/ingestion_time=16:00:02/inventory.jsonl: Object of type Decimal is not JSON serializable
Successfully uploaded to s3://avosoft-retail-bronze-jds-42/bronze/orders/ingestion_date=2025-09-17/ingestion_time=16:00:02/orders.jsonl
2025-09-18 16:35:13,624 INFO ✅ S3 write ok: orders/ingestion_date=2025-09-17/ingestion_time=16:00:02/orders.jsonl
Successfully uploaded to s3://avosoft-retail-bronze-jds-42/bronze/order_items/ingestion_date=2025-09-17/ingestion_time=16:00:02/order_items.jsonl
2025-09-18 16:35:14,527 INFO ✅ S3 write ok: order_items/ingestion_date=2025-09-17/ingestion_time=16:00:02/order_items.jsonl
Successfully uploaded to s3://avosoft-retail-bronze-jds-42/bronze/payments/ingestion_date=2025-09-17/ingestion_time=16:00:02/payments.jsonl
2025-09-18 16:35:14,891 INFO ✅ S3 write ok: payments/ingestion_date=2025-09-17/ingestion_time=16:00:02/payments.jsonl
Successfully uploaded to s3://avosoft-retail-bronze-jds-42/bronze/events/ingestion_date=2025-09-17/ingestion_time=16:00:02/events.jsonl
2025-09-18 16:35:15,667 INFO ✅ S3 write ok: events/ingestion_date=2025-09-17/ingestion_time=16:00:02/events.jsonl
SUCCESS: Data generation completed
=== [2025-09-18 16:35:15] Completion status: 0 ===

Environment loaded from /home/ubuntu/avosoft_retail/.env
Running data generator for 2025-09-18...
2025-09-18 20:00:12,097 INFO DEBUG SETTINGS -> users=50, orders=750, events=5000
2025-09-18 20:00:13,237 INFO [2025-09-17] Inserted 50 new users ✅
2025-09-18 20:00:33,139 INFO [2025-09-17] Inserted 750 orders ✅
2025-09-18 20:35:31,990 INFO [2025-09-17] Inserted 1876 order_items ✅
2025-09-18 20:35:32,883 INFO [2025-09-17] Inserted 750 payments ✅
2025-09-18 20:35:38,938 INFO Generated | users=50 products=5 orders=750 items=1876 paid=692 events=5760
Successfully uploaded to s3://avosoft-retail-bronze-jds-42/bronze/users/ingestion_date=2025-09-17/ingestion_time=20:00:02/users.jsonl
2025-09-18 20:35:40,456 INFO ✅ S3 write ok: users/ingestion_date=2025-09-17/ingestion_time=20:00:02/users.jsonl
Successfully uploaded to s3://avosoft-retail-bronze-jds-42/bronze/products/ingestion_date=2025-09-17/ingestion_time=20:00:02/products.jsonl
2025-09-18 20:35:40,753 INFO ✅ S3 write ok: products/ingestion_date=2025-09-17/ingestion_time=20:00:02/products.jsonl
Successfully uploaded to s3://avosoft-retail-bronze-jds-42/bronze/distribution_centers/ingestion_date=2025-09-17/ingestion_time=20:00:02/dcs.jsonl
2025-09-18 20:35:41,046 INFO ✅ S3 write ok: distribution_centers/ingestion_date=2025-09-17/ingestion_time=20:00:02/dcs.jsonl
2025-09-18 20:35:41,046 WARNING Failed to write s3 bronze inventory/ingestion_date=2025-09-17/ingestion_time=20:00:02/inventory.jsonl: Object of type Decimal is not JSON serializable
Successfully uploaded to s3://avosoft-retail-bronze-jds-42/bronze/orders/ingestion_date=2025-09-17/ingestion_time=20:00:02/orders.jsonl
2025-09-18 20:35:41,952 INFO ✅ S3 write ok: orders/ingestion_date=2025-09-17/ingestion_time=20:00:02/orders.jsonl
Successfully uploaded to s3://avosoft-retail-bronze-jds-42/bronze/order_items/ingestion_date=2025-09-17/ingestion_time=20:00:02/order_items.jsonl
2025-09-18 20:35:42,862 INFO ✅ S3 write ok: order_items/ingestion_date=2025-09-17/ingestion_time=20:00:02/order_items.jsonl
Successfully uploaded to s3://avosoft-retail-bronze-jds-42/bronze/payments/ingestion_date=2025-09-17/ingestion_time=20:00:02/payments.jsonl
2025-09-18 20:35:43,206 INFO ✅ S3 write ok: payments/ingestion_date=2025-09-17/ingestion_time=20:00:02/payments.jsonl
Successfully uploaded to s3://avosoft-retail-bronze-jds-42/bronze/events/ingestion_date=2025-09-17/ingestion_time=20:00:02/events.jsonl
2025-09-18 20:35:43,931 INFO ✅ S3 write ok: events/ingestion_date=2025-09-17/ingestion_time=20:00:02/events.jsonl
SUCCESS: Data generation completed
=== [2025-09-18 20:35:44] Completion status: 0 ===

Environment loaded from /home/ubuntu/avosoft_retail/.env
Running data generator for 2025-09-19...
2025-09-19 00:00:11,004 INFO DEBUG SETTINGS -> users=50, orders=750, events=5000
2025-09-19 00:00:12,147 INFO [2025-09-18] Inserted 50 new users ✅
2025-09-19 00:00:29,605 INFO [2025-09-18] Inserted 750 orders ✅
2025-09-19 00:35:15,039 INFO [2025-09-18] Inserted 1861 order_items ✅
2025-09-19 00:35:15,949 INFO [2025-09-18] Inserted 750 payments ✅
2025-09-19 00:35:21,944 INFO Generated | users=50 products=5 orders=750 items=1861 paid=690 events=5758
Successfully uploaded to s3://avosoft-retail-bronze-jds-42/bronze/users/ingestion_date=2025-09-18/ingestion_time=00:00:02/users.jsonl
2025-09-19 00:35:23,480 INFO ✅ S3 write ok: users/ingestion_date=2025-09-18/ingestion_time=00:00:02/users.jsonl
Successfully uploaded to s3://avosoft-retail-bronze-jds-42/bronze/products/ingestion_date=2025-09-18/ingestion_time=00:00:02/products.jsonl
2025-09-19 00:35:23,784 INFO ✅ S3 write ok: products/ingestion_date=2025-09-18/ingestion_time=00:00:02/products.jsonl
Successfully uploaded to s3://avosoft-retail-bronze-jds-42/bronze/distribution_centers/ingestion_date=2025-09-18/ingestion_time=00:00:02/dcs.jsonl
2025-09-19 00:35:24,088 INFO ✅ S3 write ok: distribution_centers/ingestion_date=2025-09-18/ingestion_time=00:00:02/dcs.jsonl
2025-09-19 00:35:24,088 WARNING Failed to write s3 bronze inventory/ingestion_date=2025-09-18/ingestion_time=00:00:02/inventory.jsonl: Object of type Decimal is not JSON serializable
Successfully uploaded to s3://avosoft-retail-bronze-jds-42/bronze/orders/ingestion_date=2025-09-18/ingestion_time=00:00:02/orders.jsonl
2025-09-19 00:35:24,992 INFO ✅ S3 write ok: orders/ingestion_date=2025-09-18/ingestion_time=00:00:02/orders.jsonl
Successfully uploaded to s3://avosoft-retail-bronze-jds-42/bronze/order_items/ingestion_date=2025-09-18/ingestion_time=00:00:02/order_items.jsonl
2025-09-19 00:35:25,954 INFO ✅ S3 write ok: order_items/ingestion_date=2025-09-18/ingestion_time=00:00:02/order_items.jsonl
Successfully uploaded to s3://avosoft-retail-bronze-jds-42/bronze/payments/ingestion_date=2025-09-18/ingestion_time=00:00:02/payments.jsonl
2025-09-19 00:35:26,309 INFO ✅ S3 write ok: payments/ingestion_date=2025-09-18/ingestion_time=00:00:02/payments.jsonl
Successfully uploaded to s3://avosoft-retail-bronze-jds-42/bronze/events/ingestion_date=2025-09-18/ingestion_time=00:00:02/events.jsonl
2025-09-19 00:35:27,345 INFO ✅ S3 write ok: events/ingestion_date=2025-09-18/ingestion_time=00:00:02/events.jsonl
SUCCESS: Data generation completed
=== [2025-09-19 00:35:27] Completion status: 0 ===

Environment loaded from /home/ubuntu/avosoft_retail/.env
Running data generator for 2025-09-19...
2025-09-19 04:00:11,005 INFO DEBUG SETTINGS -> users=50, orders=750, events=5000
2025-09-19 04:00:12,138 INFO [2025-09-18] Inserted 50 new users ✅
2025-09-19 04:00:34,002 INFO [2025-09-18] Inserted 750 orders ✅
2025-09-19 04:34:26,711 INFO [2025-09-18] Inserted 1825 order_items ✅
2025-09-19 04:34:28,130 INFO [2025-09-18] Inserted 750 payments ✅
2025-09-19 04:34:34,146 INFO Generated | users=50 products=5 orders=750 items=1825 paid=686 events=5753
Successfully uploaded to s3://avosoft-retail-bronze-jds-42/bronze/users/ingestion_date=2025-09-18/ingestion_time=04:00:02/users.jsonl
2025-09-19 04:34:35,698 INFO ✅ S3 write ok: users/ingestion_date=2025-09-18/ingestion_time=04:00:02/users.jsonl
Successfully uploaded to s3://avosoft-retail-bronze-jds-42/bronze/products/ingestion_date=2025-09-18/ingestion_time=04:00:02/products.jsonl
2025-09-19 04:34:35,998 INFO ✅ S3 write ok: products/ingestion_date=2025-09-18/ingestion_time=04:00:02/products.jsonl
Successfully uploaded to s3://avosoft-retail-bronze-jds-42/bronze/distribution_centers/ingestion_date=2025-09-18/ingestion_time=04:00:02/dcs.jsonl
2025-09-19 04:34:36,299 INFO ✅ S3 write ok: distribution_centers/ingestion_date=2025-09-18/ingestion_time=04:00:02/dcs.jsonl
2025-09-19 04:34:36,299 WARNING Failed to write s3 bronze inventory/ingestion_date=2025-09-18/ingestion_time=04:00:02/inventory.jsonl: Object of type Decimal is not JSON serializable
Successfully uploaded to s3://avosoft-retail-bronze-jds-42/bronze/orders/ingestion_date=2025-09-18/ingestion_time=04:00:02/orders.jsonl
2025-09-19 04:34:37,206 INFO ✅ S3 write ok: orders/ingestion_date=2025-09-18/ingestion_time=04:00:02/orders.jsonl
Successfully uploaded to s3://avosoft-retail-bronze-jds-42/bronze/order_items/ingestion_date=2025-09-18/ingestion_time=04:00:02/order_items.jsonl
2025-09-19 04:34:38,176 INFO ✅ S3 write ok: order_items/ingestion_date=2025-09-18/ingestion_time=04:00:02/order_items.jsonl
Successfully uploaded to s3://avosoft-retail-bronze-jds-42/bronze/payments/ingestion_date=2025-09-18/ingestion_time=04:00:02/payments.jsonl
2025-09-19 04:34:38,526 INFO ✅ S3 write ok: payments/ingestion_date=2025-09-18/ingestion_time=04:00:02/payments.jsonl
Successfully uploaded to s3://avosoft-retail-bronze-jds-42/bronze/events/ingestion_date=2025-09-18/ingestion_time=04:00:02/events.jsonl
2025-09-19 04:34:39,507 INFO ✅ S3 write ok: events/ingestion_date=2025-09-18/ingestion_time=04:00:02/events.jsonl
SUCCESS: Data generation completed
=== [2025-09-19 04:34:39] Completion status: 0 ===

Environment loaded from /home/ubuntu/avosoft_retail/.env
Running data generator for 2025-09-19...
2025-09-19 08:00:12,523 INFO DEBUG SETTINGS -> users=50, orders=750, events=5000
2025-09-19 08:00:13,654 INFO [2025-09-18] Inserted 50 new users ✅
2025-09-19 08:00:26,700 INFO [2025-09-18] Inserted 750 orders ✅
2025-09-19 08:34:37,128 INFO [2025-09-18] Inserted 1870 order_items ✅
2025-09-19 08:34:38,004 INFO [2025-09-18] Inserted 750 payments ✅
2025-09-19 08:34:44,217 INFO Generated | users=50 products=5 orders=750 items=1870 paid=694 events=5760
Successfully uploaded to s3://avosoft-retail-bronze-jds-42/bronze/users/ingestion_date=2025-09-18/ingestion_time=08:00:03/users.jsonl
2025-09-19 08:34:45,467 INFO ✅ S3 write ok: users/ingestion_date=2025-09-18/ingestion_time=08:00:03/users.jsonl
Successfully uploaded to s3://avosoft-retail-bronze-jds-42/bronze/products/ingestion_date=2025-09-18/ingestion_time=08:00:03/products.jsonl
2025-09-19 08:34:45,772 INFO ✅ S3 write ok: products/ingestion_date=2025-09-18/ingestion_time=08:00:03/products.jsonl
Successfully uploaded to s3://avosoft-retail-bronze-jds-42/bronze/distribution_centers/ingestion_date=2025-09-18/ingestion_time=08:00:03/dcs.jsonl
2025-09-19 08:34:46,075 INFO ✅ S3 write ok: distribution_centers/ingestion_date=2025-09-18/ingestion_time=08:00:03/dcs.jsonl
2025-09-19 08:34:46,075 WARNING Failed to write s3 bronze inventory/ingestion_date=2025-09-18/ingestion_time=08:00:03/inventory.jsonl: Object of type Decimal is not JSON serializable
Successfully uploaded to s3://avosoft-retail-bronze-jds-42/bronze/orders/ingestion_date=2025-09-18/ingestion_time=08:00:03/orders.jsonl
2025-09-19 08:34:47,012 INFO ✅ S3 write ok: orders/ingestion_date=2025-09-18/ingestion_time=08:00:03/orders.jsonl
Successfully uploaded to s3://avosoft-retail-bronze-jds-42/bronze/order_items/ingestion_date=2025-09-18/ingestion_time=08:00:03/order_items.jsonl
2025-09-19 08:34:47,923 INFO ✅ S3 write ok: order_items/ingestion_date=2025-09-18/ingestion_time=08:00:03/order_items.jsonl
Successfully uploaded to s3://avosoft-retail-bronze-jds-42/bronze/payments/ingestion_date=2025-09-18/ingestion_time=08:00:03/payments.jsonl
2025-09-19 08:34:48,238 INFO ✅ S3 write ok: payments/ingestion_date=2025-09-18/ingestion_time=08:00:03/payments.jsonl
Successfully uploaded to s3://avosoft-retail-bronze-jds-42/bronze/events/ingestion_date=2025-09-18/ingestion_time=08:00:03/events.jsonl
2025-09-19 08:34:48,980 INFO ✅ S3 write ok: events/ingestion_date=2025-09-18/ingestion_time=08:00:03/events.jsonl
SUCCESS: Data generation completed
=== [2025-09-19 08:34:49] Completion status: 0 ===

Environment loaded from /home/ubuntu/avosoft_retail/.env
Running data generator for 2025-09-19...
2025-09-19 12:00:13,149 INFO DEBUG SETTINGS -> users=50, orders=750, events=5000
2025-09-19 12:00:14,556 INFO [2025-09-18] Inserted 50 new users ✅
2025-09-19 12:00:34,050 INFO [2025-09-18] Inserted 750 orders ✅
2025-09-19 12:35:03,457 INFO [2025-09-18] Inserted 1869 order_items ✅
2025-09-19 12:35:04,641 INFO [2025-09-18] Inserted 750 payments ✅
2025-09-19 12:35:10,801 INFO Generated | users=50 products=5 orders=750 items=1869 paid=687 events=5753
Successfully uploaded to s3://avosoft-retail-bronze-jds-42/bronze/users/ingestion_date=2025-09-18/ingestion_time=12:00:01/users.jsonl
2025-09-19 12:35:12,302 INFO ✅ S3 write ok: users/ingestion_date=2025-09-18/ingestion_time=12:00:01/users.jsonl
Successfully uploaded to s3://avosoft-retail-bronze-jds-42/bronze/products/ingestion_date=2025-09-18/ingestion_time=12:00:01/products.jsonl
2025-09-19 12:35:12,604 INFO ✅ S3 write ok: products/ingestion_date=2025-09-18/ingestion_time=12:00:01/products.jsonl
Successfully uploaded to s3://avosoft-retail-bronze-jds-42/bronze/distribution_centers/ingestion_date=2025-09-18/ingestion_time=12:00:01/dcs.jsonl
2025-09-19 12:35:12,906 INFO ✅ S3 write ok: distribution_centers/ingestion_date=2025-09-18/ingestion_time=12:00:01/dcs.jsonl
2025-09-19 12:35:12,906 WARNING Failed to write s3 bronze inventory/ingestion_date=2025-09-18/ingestion_time=12:00:01/inventory.jsonl: Object of type Decimal is not JSON serializable
Successfully uploaded to s3://avosoft-retail-bronze-jds-42/bronze/orders/ingestion_date=2025-09-18/ingestion_time=12:00:01/orders.jsonl
2025-09-19 12:35:14,055 INFO ✅ S3 write ok: orders/ingestion_date=2025-09-18/ingestion_time=12:00:01/orders.jsonl
Successfully uploaded to s3://avosoft-retail-bronze-jds-42/bronze/order_items/ingestion_date=2025-09-18/ingestion_time=12:00:01/order_items.jsonl
2025-09-19 12:35:15,516 INFO ✅ S3 write ok: order_items/ingestion_date=2025-09-18/ingestion_time=12:00:01/order_items.jsonl
Successfully uploaded to s3://avosoft-retail-bronze-jds-42/bronze/payments/ingestion_date=2025-09-18/ingestion_time=12:00:01/payments.jsonl
2025-09-19 12:35:15,905 INFO ✅ S3 write ok: payments/ingestion_date=2025-09-18/ingestion_time=12:00:01/payments.jsonl
Successfully uploaded to s3://avosoft-retail-bronze-jds-42/bronze/events/ingestion_date=2025-09-18/ingestion_time=12:00:01/events.jsonl
2025-09-19 12:35:16,979 INFO ✅ S3 write ok: events/ingestion_date=2025-09-18/ingestion_time=12:00:01/events.jsonl
SUCCESS: Data generation completed
=== [2025-09-19 12:35:17] Completion status: 0 ===

Environment loaded from /home/ubuntu/avosoft_retail/.env
Running data generator for 2025-09-19...
2025-09-19 16:00:10,644 INFO DEBUG SETTINGS -> users=50, orders=750, events=5000
2025-09-19 16:00:11,791 INFO [2025-09-18] Inserted 50 new users ✅
2025-09-19 16:00:32,534 INFO [2025-09-18] Inserted 750 orders ✅
2025-09-19 16:35:22,056 INFO [2025-09-18] Inserted 1869 order_items ✅
2025-09-19 16:35:22,991 INFO [2025-09-18] Inserted 750 payments ✅
2025-09-19 16:35:29,115 INFO Generated | users=50 products=5 orders=750 items=1869 paid=694 events=5761
Successfully uploaded to s3://avosoft-retail-bronze-jds-42/bronze/users/ingestion_date=2025-09-18/ingestion_time=16:00:01/users.jsonl
2025-09-19 16:35:30,707 INFO ✅ S3 write ok: users/ingestion_date=2025-09-18/ingestion_time=16:00:01/users.jsonl
Successfully uploaded to s3://avosoft-retail-bronze-jds-42/bronze/products/ingestion_date=2025-09-18/ingestion_time=16:00:01/products.jsonl
2025-09-19 16:35:31,010 INFO ✅ S3 write ok: products/ingestion_date=2025-09-18/ingestion_time=16:00:01/products.jsonl
Successfully uploaded to s3://avosoft-retail-bronze-jds-42/bronze/distribution_centers/ingestion_date=2025-09-18/ingestion_time=16:00:01/dcs.jsonl
2025-09-19 16:35:31,317 INFO ✅ S3 write ok: distribution_centers/ingestion_date=2025-09-18/ingestion_time=16:00:01/dcs.jsonl
2025-09-19 16:35:31,318 WARNING Failed to write s3 bronze inventory/ingestion_date=2025-09-18/ingestion_time=16:00:01/inventory.jsonl: Object of type Decimal is not JSON serializable
Successfully uploaded to s3://avosoft-retail-bronze-jds-42/bronze/orders/ingestion_date=2025-09-18/ingestion_time=16:00:01/orders.jsonl
2025-09-19 16:35:32,520 INFO ✅ S3 write ok: orders/ingestion_date=2025-09-18/ingestion_time=16:00:01/orders.jsonl
Successfully uploaded to s3://avosoft-retail-bronze-jds-42/bronze/order_items/ingestion_date=2025-09-18/ingestion_time=16:00:01/order_items.jsonl
2025-09-19 16:35:34,058 INFO ✅ S3 write ok: order_items/ingestion_date=2025-09-18/ingestion_time=16:00:01/order_items.jsonl
Successfully uploaded to s3://avosoft-retail-bronze-jds-42/bronze/payments/ingestion_date=2025-09-18/ingestion_time=16:00:01/payments.jsonl
2025-09-19 16:35:34,430 INFO ✅ S3 write ok: payments/ingestion_date=2025-09-18/ingestion_time=16:00:01/payments.jsonl
Successfully uploaded to s3://avosoft-retail-bronze-jds-42/bronze/events/ingestion_date=2025-09-18/ingestion_time=16:00:01/events.jsonl
2025-09-19 16:35:35,447 INFO ✅ S3 write ok: events/ingestion_date=2025-09-18/ingestion_time=16:00:01/events.jsonl
SUCCESS: Data generation completed
=== [2025-09-19 16:35:35] Completion status: 0 ===

Environment loaded from /home/ubuntu/avosoft_retail/.env
Running data generator for 2025-09-19...
2025-09-19 20:00:11,247 INFO DEBUG SETTINGS -> users=50, orders=750, events=5000
2025-09-19 20:00:12,424 INFO [2025-09-18] Inserted 50 new users ✅
2025-09-19 20:00:25,477 INFO [2025-09-18] Inserted 750 orders ✅
2025-09-19 20:34:20,845 INFO [2025-09-18] Inserted 1847 order_items ✅
2025-09-19 20:34:21,729 INFO [2025-09-18] Inserted 750 payments ✅
2025-09-19 20:34:27,835 INFO Generated | users=50 products=5 orders=750 items=1847 paid=692 events=5760
Successfully uploaded to s3://avosoft-retail-bronze-jds-42/bronze/users/ingestion_date=2025-09-18/ingestion_time=20:00:02/users.jsonl
2025-09-19 20:34:29,583 INFO ✅ S3 write ok: users/ingestion_date=2025-09-18/ingestion_time=20:00:02/users.jsonl
Successfully uploaded to s3://avosoft-retail-bronze-jds-42/bronze/products/ingestion_date=2025-09-18/ingestion_time=20:00:02/products.jsonl
2025-09-19 20:34:29,884 INFO ✅ S3 write ok: products/ingestion_date=2025-09-18/ingestion_time=20:00:02/products.jsonl
Successfully uploaded to s3://avosoft-retail-bronze-jds-42/bronze/distribution_centers/ingestion_date=2025-09-18/ingestion_time=20:00:02/dcs.jsonl
2025-09-19 20:34:30,185 INFO ✅ S3 write ok: distribution_centers/ingestion_date=2025-09-18/ingestion_time=20:00:02/dcs.jsonl
2025-09-19 20:34:30,185 WARNING Failed to write s3 bronze inventory/ingestion_date=2025-09-18/ingestion_time=20:00:02/inventory.jsonl: Object of type Decimal is not JSON serializable
Successfully uploaded to s3://avosoft-retail-bronze-jds-42/bronze/orders/ingestion_date=2025-09-18/ingestion_time=20:00:02/orders.jsonl
2025-09-19 20:34:31,108 INFO ✅ S3 write ok: orders/ingestion_date=2025-09-18/ingestion_time=20:00:02/orders.jsonl
Successfully uploaded to s3://avosoft-retail-bronze-jds-42/bronze/order_items/ingestion_date=2025-09-18/ingestion_time=20:00:02/order_items.jsonl
2025-09-19 20:34:32,021 INFO ✅ S3 write ok: order_items/ingestion_date=2025-09-18/ingestion_time=20:00:02/order_items.jsonl
Successfully uploaded to s3://avosoft-retail-bronze-jds-42/bronze/payments/ingestion_date=2025-09-18/ingestion_time=20:00:02/payments.jsonl
2025-09-19 20:34:32,331 INFO ✅ S3 write ok: payments/ingestion_date=2025-09-18/ingestion_time=20:00:02/payments.jsonl
Successfully uploaded to s3://avosoft-retail-bronze-jds-42/bronze/events/ingestion_date=2025-09-18/ingestion_time=20:00:02/events.jsonl
2025-09-19 20:34:33,301 INFO ✅ S3 write ok: events/ingestion_date=2025-09-18/ingestion_time=20:00:02/events.jsonl
SUCCESS: Data generation completed
=== [2025-09-19 20:34:33] Completion status: 0 ===

Environment loaded from /home/ubuntu/avosoft_retail/.env
Running data generator for 2025-09-20...
2025-09-20 00:00:11,846 INFO DEBUG SETTINGS -> users=50, orders=750, events=5000
2025-09-20 00:00:12,989 INFO [2025-09-19] Inserted 50 new users ✅
2025-09-20 00:00:26,218 INFO [2025-09-19] Inserted 750 orders ✅
2025-09-20 00:35:10,471 INFO [2025-09-19] Inserted 1858 order_items ✅
2025-09-20 00:35:11,418 INFO [2025-09-19] Inserted 750 payments ✅
2025-09-20 00:35:17,630 INFO Generated | users=50 products=5 orders=750 items=1858 paid=693 events=5761
Successfully uploaded to s3://avosoft-retail-bronze-jds-42/bronze/users/ingestion_date=2025-09-19/ingestion_time=00:00:02/users.jsonl
2025-09-20 00:35:19,356 INFO ✅ S3 write ok: users/ingestion_date=2025-09-19/ingestion_time=00:00:02/users.jsonl
Successfully uploaded to s3://avosoft-retail-bronze-jds-42/bronze/products/ingestion_date=2025-09-19/ingestion_time=00:00:02/products.jsonl
2025-09-20 00:35:19,656 INFO ✅ S3 write ok: products/ingestion_date=2025-09-19/ingestion_time=00:00:02/products.jsonl
Successfully uploaded to s3://avosoft-retail-bronze-jds-42/bronze/distribution_centers/ingestion_date=2025-09-19/ingestion_time=00:00:02/dcs.jsonl
2025-09-20 00:35:19,952 INFO ✅ S3 write ok: distribution_centers/ingestion_date=2025-09-19/ingestion_time=00:00:02/dcs.jsonl
2025-09-20 00:35:19,953 WARNING Failed to write s3 bronze inventory/ingestion_date=2025-09-19/ingestion_time=00:00:02/inventory.jsonl: Object of type Decimal is not JSON serializable
Successfully uploaded to s3://avosoft-retail-bronze-jds-42/bronze/orders/ingestion_date=2025-09-19/ingestion_time=00:00:02/orders.jsonl
2025-09-20 00:35:21,063 INFO ✅ S3 write ok: orders/ingestion_date=2025-09-19/ingestion_time=00:00:02/orders.jsonl
Successfully uploaded to s3://avosoft-retail-bronze-jds-42/bronze/order_items/ingestion_date=2025-09-19/ingestion_time=00:00:02/order_items.jsonl
2025-09-20 00:35:22,267 INFO ✅ S3 write ok: order_items/ingestion_date=2025-09-19/ingestion_time=00:00:02/order_items.jsonl
Successfully uploaded to s3://avosoft-retail-bronze-jds-42/bronze/payments/ingestion_date=2025-09-19/ingestion_time=00:00:02/payments.jsonl
2025-09-20 00:35:22,625 INFO ✅ S3 write ok: payments/ingestion_date=2025-09-19/ingestion_time=00:00:02/payments.jsonl
Successfully uploaded to s3://avosoft-retail-bronze-jds-42/bronze/events/ingestion_date=2025-09-19/ingestion_time=00:00:02/events.jsonl
2025-09-20 00:35:23,594 INFO ✅ S3 write ok: events/ingestion_date=2025-09-19/ingestion_time=00:00:02/events.jsonl
SUCCESS: Data generation completed
=== [2025-09-20 00:35:23] Completion status: 0 ===

Environment loaded from /home/ubuntu/avosoft_retail/.env
Running data generator for 2025-09-20...
2025-09-20 04:00:12,336 INFO DEBUG SETTINGS -> users=50, orders=750, events=5000
2025-09-20 04:00:13,497 INFO [2025-09-19] Inserted 50 new users ✅
2025-09-20 04:00:38,966 INFO [2025-09-19] Inserted 750 orders ✅
2025-09-20 04:34:38,391 INFO [2025-09-19] Inserted 1822 order_items ✅
2025-09-20 04:34:39,447 INFO [2025-09-19] Inserted 750 payments ✅
2025-09-20 04:34:45,652 INFO Generated | users=50 products=5 orders=750 items=1822 paid=681 events=5747
Successfully uploaded to s3://avosoft-retail-bronze-jds-42/bronze/users/ingestion_date=2025-09-19/ingestion_time=04:00:02/users.jsonl
2025-09-20 04:34:47,183 INFO ✅ S3 write ok: users/ingestion_date=2025-09-19/ingestion_time=04:00:02/users.jsonl
Successfully uploaded to s3://avosoft-retail-bronze-jds-42/bronze/products/ingestion_date=2025-09-19/ingestion_time=04:00:02/products.jsonl
2025-09-20 04:34:47,489 INFO ✅ S3 write ok: products/ingestion_date=2025-09-19/ingestion_time=04:00:02/products.jsonl
Successfully uploaded to s3://avosoft-retail-bronze-jds-42/bronze/distribution_centers/ingestion_date=2025-09-19/ingestion_time=04:00:02/dcs.jsonl
2025-09-20 04:34:47,789 INFO ✅ S3 write ok: distribution_centers/ingestion_date=2025-09-19/ingestion_time=04:00:02/dcs.jsonl
2025-09-20 04:34:47,790 WARNING Failed to write s3 bronze inventory/ingestion_date=2025-09-19/ingestion_time=04:00:02/inventory.jsonl: Object of type Decimal is not JSON serializable
Successfully uploaded to s3://avosoft-retail-bronze-jds-42/bronze/orders/ingestion_date=2025-09-19/ingestion_time=04:00:02/orders.jsonl
2025-09-20 04:34:48,956 INFO ✅ S3 write ok: orders/ingestion_date=2025-09-19/ingestion_time=04:00:02/orders.jsonl
Successfully uploaded to s3://avosoft-retail-bronze-jds-42/bronze/order_items/ingestion_date=2025-09-19/ingestion_time=04:00:02/order_items.jsonl
2025-09-20 04:34:50,442 INFO ✅ S3 write ok: order_items/ingestion_date=2025-09-19/ingestion_time=04:00:02/order_items.jsonl
Successfully uploaded to s3://avosoft-retail-bronze-jds-42/bronze/payments/ingestion_date=2025-09-19/ingestion_time=04:00:02/payments.jsonl
2025-09-20 04:34:50,786 INFO ✅ S3 write ok: payments/ingestion_date=2025-09-19/ingestion_time=04:00:02/payments.jsonl
Successfully uploaded to s3://avosoft-retail-bronze-jds-42/bronze/events/ingestion_date=2025-09-19/ingestion_time=04:00:02/events.jsonl
2025-09-20 04:34:51,831 INFO ✅ S3 write ok: events/ingestion_date=2025-09-19/ingestion_time=04:00:02/events.jsonl
SUCCESS: Data generation completed
=== [2025-09-20 04:34:52] Completion status: 0 ===

Environment loaded from /home/ubuntu/avosoft_retail/.env
Running data generator for 2025-09-20...
2025-09-20 08:00:14,838 INFO DEBUG SETTINGS -> users=50, orders=750, events=5000
2025-09-20 08:00:16,020 INFO [2025-09-19] Inserted 50 new users ✅
2025-09-20 08:00:37,231 INFO [2025-09-19] Inserted 750 orders ✅
2025-09-20 08:37:29,638 INFO [2025-09-19] Inserted 1803 order_items ✅
2025-09-20 08:37:30,631 INFO [2025-09-19] Inserted 750 payments ✅
2025-09-20 08:37:36,711 INFO Generated | users=50 products=5 orders=750 items=1803 paid=688 events=5752
Successfully uploaded to s3://avosoft-retail-bronze-jds-42/bronze/users/ingestion_date=2025-09-19/ingestion_time=08:00:01/users.jsonl
2025-09-20 08:37:38,111 INFO ✅ S3 write ok: users/ingestion_date=2025-09-19/ingestion_time=08:00:01/users.jsonl
Successfully uploaded to s3://avosoft-retail-bronze-jds-42/bronze/products/ingestion_date=2025-09-19/ingestion_time=08:00:01/products.jsonl
2025-09-20 08:37:38,500 INFO ✅ S3 write ok: products/ingestion_date=2025-09-19/ingestion_time=08:00:01/products.jsonl
Successfully uploaded to s3://avosoft-retail-bronze-jds-42/bronze/distribution_centers/ingestion_date=2025-09-19/ingestion_time=08:00:01/dcs.jsonl
2025-09-20 08:37:38,854 INFO ✅ S3 write ok: distribution_centers/ingestion_date=2025-09-19/ingestion_time=08:00:01/dcs.jsonl
2025-09-20 08:37:38,854 WARNING Failed to write s3 bronze inventory/ingestion_date=2025-09-19/ingestion_time=08:00:01/inventory.jsonl: Object of type Decimal is not JSON serializable
Successfully uploaded to s3://avosoft-retail-bronze-jds-42/bronze/orders/ingestion_date=2025-09-19/ingestion_time=08:00:01/orders.jsonl
2025-09-20 08:37:39,882 INFO ✅ S3 write ok: orders/ingestion_date=2025-09-19/ingestion_time=08:00:01/orders.jsonl
Successfully uploaded to s3://avosoft-retail-bronze-jds-42/bronze/order_items/ingestion_date=2025-09-19/ingestion_time=08:00:01/order_items.jsonl
2025-09-20 08:37:41,893 INFO ✅ S3 write ok: order_items/ingestion_date=2025-09-19/ingestion_time=08:00:01/order_items.jsonl
Successfully uploaded to s3://avosoft-retail-bronze-jds-42/bronze/payments/ingestion_date=2025-09-19/ingestion_time=08:00:01/payments.jsonl
2025-09-20 08:37:42,566 INFO ✅ S3 write ok: payments/ingestion_date=2025-09-19/ingestion_time=08:00:01/payments.jsonl
Successfully uploaded to s3://avosoft-retail-bronze-jds-42/bronze/events/ingestion_date=2025-09-19/ingestion_time=08:00:01/events.jsonl
2025-09-20 08:37:49,125 INFO ✅ S3 write ok: events/ingestion_date=2025-09-19/ingestion_time=08:00:01/events.jsonl
SUCCESS: Data generation completed
=== [2025-09-20 08:37:49] Completion status: 0 ===

Environment loaded from /home/ubuntu/avosoft_retail/.env
Running data generator for 2025-09-20...
2025-09-20 12:00:17,827 INFO DEBUG SETTINGS -> users=50, orders=750, events=5000
2025-09-20 12:00:18,994 INFO [2025-09-19] Inserted 50 new users ✅
2025-09-20 12:00:35,677 INFO [2025-09-19] Inserted 750 orders ✅
2025-09-20 12:37:35,326 INFO [2025-09-19] Inserted 1781 order_items ✅
2025-09-20 12:37:36,543 INFO [2025-09-19] Inserted 750 payments ✅
2025-09-20 12:37:42,597 INFO Generated | users=50 products=5 orders=750 items=1781 paid=683 events=5746
Successfully uploaded to s3://avosoft-retail-bronze-jds-42/bronze/users/ingestion_date=2025-09-19/ingestion_time=12:00:02/users.jsonl
2025-09-20 12:37:43,947 INFO ✅ S3 write ok: users/ingestion_date=2025-09-19/ingestion_time=12:00:02/users.jsonl
Successfully uploaded to s3://avosoft-retail-bronze-jds-42/bronze/products/ingestion_date=2025-09-19/ingestion_time=12:00:02/products.jsonl
2025-09-20 12:37:44,273 INFO ✅ S3 write ok: products/ingestion_date=2025-09-19/ingestion_time=12:00:02/products.jsonl
Successfully uploaded to s3://avosoft-retail-bronze-jds-42/bronze/distribution_centers/ingestion_date=2025-09-19/ingestion_time=12:00:02/dcs.jsonl
2025-09-20 12:37:44,588 INFO ✅ S3 write ok: distribution_centers/ingestion_date=2025-09-19/ingestion_time=12:00:02/dcs.jsonl
2025-09-20 12:37:44,588 WARNING Failed to write s3 bronze inventory/ingestion_date=2025-09-19/ingestion_time=12:00:02/inventory.jsonl: Object of type Decimal is not JSON serializable
Successfully uploaded to s3://avosoft-retail-bronze-jds-42/bronze/orders/ingestion_date=2025-09-19/ingestion_time=12:00:02/orders.jsonl
2025-09-20 12:37:45,900 INFO ✅ S3 write ok: orders/ingestion_date=2025-09-19/ingestion_time=12:00:02/orders.jsonl
Successfully uploaded to s3://avosoft-retail-bronze-jds-42/bronze/order_items/ingestion_date=2025-09-19/ingestion_time=12:00:02/order_items.jsonl
2025-09-20 12:37:47,994 INFO ✅ S3 write ok: order_items/ingestion_date=2025-09-19/ingestion_time=12:00:02/order_items.jsonl
Successfully uploaded to s3://avosoft-retail-bronze-jds-42/bronze/payments/ingestion_date=2025-09-19/ingestion_time=12:00:02/payments.jsonl
2025-09-20 12:37:48,679 INFO ✅ S3 write ok: payments/ingestion_date=2025-09-19/ingestion_time=12:00:02/payments.jsonl
Successfully uploaded to s3://avosoft-retail-bronze-jds-42/bronze/events/ingestion_date=2025-09-19/ingestion_time=12:00:02/events.jsonl
2025-09-20 12:37:54,974 INFO ✅ S3 write ok: events/ingestion_date=2025-09-19/ingestion_time=12:00:02/events.jsonl
SUCCESS: Data generation completed
=== [2025-09-20 12:37:55] Completion status: 0 ===

Environment loaded from /home/ubuntu/avosoft_retail/.env
Running data generator for 2025-09-20...
2025-09-20 16:00:10,435 INFO DEBUG SETTINGS -> users=50, orders=750, events=5000
2025-09-20 16:00:11,588 INFO [2025-09-19] Inserted 50 new users ✅
2025-09-20 16:00:30,719 INFO [2025-09-19] Inserted 750 orders ✅
2025-09-20 16:33:50,408 INFO [2025-09-19] Inserted 1759 order_items ✅
2025-09-20 16:33:51,396 INFO [2025-09-19] Inserted 750 payments ✅
2025-09-20 16:33:57,520 INFO Generated | users=50 products=5 orders=750 items=1759 paid=688 events=5750
Successfully uploaded to s3://avosoft-retail-bronze-jds-42/bronze/users/ingestion_date=2025-09-19/ingestion_time=16:00:01/users.jsonl
2025-09-20 16:33:59,058 INFO ✅ S3 write ok: users/ingestion_date=2025-09-19/ingestion_time=16:00:01/users.jsonl
Successfully uploaded to s3://avosoft-retail-bronze-jds-42/bronze/products/ingestion_date=2025-09-19/ingestion_time=16:00:01/products.jsonl
2025-09-20 16:33:59,357 INFO ✅ S3 write ok: products/ingestion_date=2025-09-19/ingestion_time=16:00:01/products.jsonl
Successfully uploaded to s3://avosoft-retail-bronze-jds-42/bronze/distribution_centers/ingestion_date=2025-09-19/ingestion_time=16:00:01/dcs.jsonl
2025-09-20 16:33:59,661 INFO ✅ S3 write ok: distribution_centers/ingestion_date=2025-09-19/ingestion_time=16:00:01/dcs.jsonl
2025-09-20 16:33:59,661 WARNING Failed to write s3 bronze inventory/ingestion_date=2025-09-19/ingestion_time=16:00:01/inventory.jsonl: Object of type Decimal is not JSON serializable
Successfully uploaded to s3://avosoft-retail-bronze-jds-42/bronze/orders/ingestion_date=2025-09-19/ingestion_time=16:00:01/orders.jsonl
2025-09-20 16:34:00,520 INFO ✅ S3 write ok: orders/ingestion_date=2025-09-19/ingestion_time=16:00:01/orders.jsonl
Successfully uploaded to s3://avosoft-retail-bronze-jds-42/bronze/order_items/ingestion_date=2025-09-19/ingestion_time=16:00:01/order_items.jsonl
2025-09-20 16:34:01,440 INFO ✅ S3 write ok: order_items/ingestion_date=2025-09-19/ingestion_time=16:00:01/order_items.jsonl
Successfully uploaded to s3://avosoft-retail-bronze-jds-42/bronze/payments/ingestion_date=2025-09-19/ingestion_time=16:00:01/payments.jsonl
2025-09-20 16:34:01,779 INFO ✅ S3 write ok: payments/ingestion_date=2025-09-19/ingestion_time=16:00:01/payments.jsonl
Successfully uploaded to s3://avosoft-retail-bronze-jds-42/bronze/events/ingestion_date=2025-09-19/ingestion_time=16:00:01/events.jsonl
2025-09-20 16:34:02,810 INFO ✅ S3 write ok: events/ingestion_date=2025-09-19/ingestion_time=16:00:01/events.jsonl
SUCCESS: Data generation completed
=== [2025-09-20 16:34:03] Completion status: 0 ===

Environment loaded from /home/ubuntu/avosoft_retail/.env
Running data generator for 2025-09-20...
2025-09-20 20:00:10,725 INFO DEBUG SETTINGS -> users=50, orders=750, events=5000
2025-09-20 20:00:11,883 INFO [2025-09-19] Inserted 50 new users ✅
2025-09-20 20:00:27,100 INFO [2025-09-19] Inserted 750 orders ✅
2025-09-20 20:33:19,785 INFO [2025-09-19] Inserted 1733 order_items ✅
2025-09-20 20:33:20,713 INFO [2025-09-19] Inserted 750 payments ✅
2025-09-20 20:33:26,823 INFO Generated | users=50 products=5 orders=750 items=1733 paid=680 events=5744
Successfully uploaded to s3://avosoft-retail-bronze-jds-42/bronze/users/ingestion_date=2025-09-19/ingestion_time=20:00:01/users.jsonl
2025-09-20 20:33:28,599 INFO ✅ S3 write ok: users/ingestion_date=2025-09-19/ingestion_time=20:00:01/users.jsonl
Successfully uploaded to s3://avosoft-retail-bronze-jds-42/bronze/products/ingestion_date=2025-09-19/ingestion_time=20:00:01/products.jsonl
2025-09-20 20:33:28,899 INFO ✅ S3 write ok: products/ingestion_date=2025-09-19/ingestion_time=20:00:01/products.jsonl
Successfully uploaded to s3://avosoft-retail-bronze-jds-42/bronze/distribution_centers/ingestion_date=2025-09-19/ingestion_time=20:00:01/dcs.jsonl
2025-09-20 20:33:29,200 INFO ✅ S3 write ok: distribution_centers/ingestion_date=2025-09-19/ingestion_time=20:00:01/dcs.jsonl
2025-09-20 20:33:29,200 WARNING Failed to write s3 bronze inventory/ingestion_date=2025-09-19/ingestion_time=20:00:01/inventory.jsonl: Object of type Decimal is not JSON serializable
Successfully uploaded to s3://avosoft-retail-bronze-jds-42/bronze/orders/ingestion_date=2025-09-19/ingestion_time=20:00:01/orders.jsonl
2025-09-20 20:33:30,380 INFO ✅ S3 write ok: orders/ingestion_date=2025-09-19/ingestion_time=20:00:01/orders.jsonl
Successfully uploaded to s3://avosoft-retail-bronze-jds-42/bronze/order_items/ingestion_date=2025-09-19/ingestion_time=20:00:01/order_items.jsonl
2025-09-20 20:33:31,817 INFO ✅ S3 write ok: order_items/ingestion_date=2025-09-19/ingestion_time=20:00:01/order_items.jsonl
Successfully uploaded to s3://avosoft-retail-bronze-jds-42/bronze/payments/ingestion_date=2025-09-19/ingestion_time=20:00:01/payments.jsonl
2025-09-20 20:33:32,204 INFO ✅ S3 write ok: payments/ingestion_date=2025-09-19/ingestion_time=20:00:01/payments.jsonl
Successfully uploaded to s3://avosoft-retail-bronze-jds-42/bronze/events/ingestion_date=2025-09-19/ingestion_time=20:00:01/events.jsonl
2025-09-20 20:33:33,496 INFO ✅ S3 write ok: events/ingestion_date=2025-09-19/ingestion_time=20:00:01/events.jsonl
SUCCESS: Data generation completed
=== [2025-09-20 20:33:33] Completion status: 0 ===

Environment loaded from /home/ubuntu/avosoft_retail/.env
Running data generator for 2025-09-21...
2025-09-21 00:00:11,825 INFO DEBUG SETTINGS -> users=50, orders=750, events=5000
2025-09-21 00:00:12,974 INFO [2025-09-20] Inserted 50 new users ✅
2025-09-21 00:00:36,053 INFO [2025-09-20] Inserted 750 orders ✅
2025-09-21 00:33:07,826 INFO [2025-09-20] Inserted 1749 order_items ✅
2025-09-21 00:33:08,721 INFO [2025-09-20] Inserted 750 payments ✅
2025-09-21 00:33:14,898 INFO Generated | users=50 products=5 orders=750 items=1749 paid=682 events=5744
Successfully uploaded to s3://avosoft-retail-bronze-jds-42/bronze/users/ingestion_date=2025-09-20/ingestion_time=00:00:02/users.jsonl
2025-09-21 00:33:16,147 INFO ✅ S3 write ok: users/ingestion_date=2025-09-20/ingestion_time=00:00:02/users.jsonl
Successfully uploaded to s3://avosoft-retail-bronze-jds-42/bronze/products/ingestion_date=2025-09-20/ingestion_time=00:00:02/products.jsonl
2025-09-21 00:33:16,444 INFO ✅ S3 write ok: products/ingestion_date=2025-09-20/ingestion_time=00:00:02/products.jsonl
Successfully uploaded to s3://avosoft-retail-bronze-jds-42/bronze/distribution_centers/ingestion_date=2025-09-20/ingestion_time=00:00:02/dcs.jsonl
2025-09-21 00:33:16,744 INFO ✅ S3 write ok: distribution_centers/ingestion_date=2025-09-20/ingestion_time=00:00:02/dcs.jsonl
2025-09-21 00:33:16,744 WARNING Failed to write s3 bronze inventory/ingestion_date=2025-09-20/ingestion_time=00:00:02/inventory.jsonl: Object of type Decimal is not JSON serializable
Successfully uploaded to s3://avosoft-retail-bronze-jds-42/bronze/orders/ingestion_date=2025-09-20/ingestion_time=00:00:02/orders.jsonl
2025-09-21 00:33:17,904 INFO ✅ S3 write ok: orders/ingestion_date=2025-09-20/ingestion_time=00:00:02/orders.jsonl
Successfully uploaded to s3://avosoft-retail-bronze-jds-42/bronze/order_items/ingestion_date=2025-09-20/ingestion_time=00:00:02/order_items.jsonl
2025-09-21 00:33:19,355 INFO ✅ S3 write ok: order_items/ingestion_date=2025-09-20/ingestion_time=00:00:02/order_items.jsonl
Successfully uploaded to s3://avosoft-retail-bronze-jds-42/bronze/payments/ingestion_date=2025-09-20/ingestion_time=00:00:02/payments.jsonl
2025-09-21 00:33:19,717 INFO ✅ S3 write ok: payments/ingestion_date=2025-09-20/ingestion_time=00:00:02/payments.jsonl
Successfully uploaded to s3://avosoft-retail-bronze-jds-42/bronze/events/ingestion_date=2025-09-20/ingestion_time=00:00:02/events.jsonl
2025-09-21 00:33:20,676 INFO ✅ S3 write ok: events/ingestion_date=2025-09-20/ingestion_time=00:00:02/events.jsonl
SUCCESS: Data generation completed
=== [2025-09-21 00:33:20] Completion status: 0 ===

Environment loaded from /home/ubuntu/avosoft_retail/.env
Running data generator for 2025-09-21...
2025-09-21 04:00:11,125 INFO DEBUG SETTINGS -> users=50, orders=750, events=5000
2025-09-21 04:00:12,267 INFO [2025-09-20] Inserted 50 new users ✅
2025-09-21 04:00:34,433 INFO [2025-09-20] Inserted 750 orders ✅
2025-09-21 04:33:28,184 INFO [2025-09-20] Inserted 1730 order_items ✅
2025-09-21 04:33:29,085 INFO [2025-09-20] Inserted 750 payments ✅
2025-09-21 04:33:35,216 INFO Generated | users=50 products=5 orders=750 items=1730 paid=683 events=5746
Successfully uploaded to s3://avosoft-retail-bronze-jds-42/bronze/users/ingestion_date=2025-09-20/ingestion_time=04:00:02/users.jsonl
2025-09-21 04:33:36,739 INFO ✅ S3 write ok: users/ingestion_date=2025-09-20/ingestion_time=04:00:02/users.jsonl
Successfully uploaded to s3://avosoft-retail-bronze-jds-42/bronze/products/ingestion_date=2025-09-20/ingestion_time=04:00:02/products.jsonl
2025-09-21 04:33:37,037 INFO ✅ S3 write ok: products/ingestion_date=2025-09-20/ingestion_time=04:00:02/products.jsonl
Successfully uploaded to s3://avosoft-retail-bronze-jds-42/bronze/distribution_centers/ingestion_date=2025-09-20/ingestion_time=04:00:02/dcs.jsonl
2025-09-21 04:33:37,335 INFO ✅ S3 write ok: distribution_centers/ingestion_date=2025-09-20/ingestion_time=04:00:02/dcs.jsonl
2025-09-21 04:33:37,335 WARNING Failed to write s3 bronze inventory/ingestion_date=2025-09-20/ingestion_time=04:00:02/inventory.jsonl: Object of type Decimal is not JSON serializable
Successfully uploaded to s3://avosoft-retail-bronze-jds-42/bronze/orders/ingestion_date=2025-09-20/ingestion_time=04:00:02/orders.jsonl
2025-09-21 04:33:38,203 INFO ✅ S3 write ok: orders/ingestion_date=2025-09-20/ingestion_time=04:00:02/orders.jsonl
Successfully uploaded to s3://avosoft-retail-bronze-jds-42/bronze/order_items/ingestion_date=2025-09-20/ingestion_time=04:00:02/order_items.jsonl
2025-09-21 04:33:39,112 INFO ✅ S3 write ok: order_items/ingestion_date=2025-09-20/ingestion_time=04:00:02/order_items.jsonl
Successfully uploaded to s3://avosoft-retail-bronze-jds-42/bronze/payments/ingestion_date=2025-09-20/ingestion_time=04:00:02/payments.jsonl
2025-09-21 04:33:39,463 INFO ✅ S3 write ok: payments/ingestion_date=2025-09-20/ingestion_time=04:00:02/payments.jsonl
Successfully uploaded to s3://avosoft-retail-bronze-jds-42/bronze/events/ingestion_date=2025-09-20/ingestion_time=04:00:02/events.jsonl
2025-09-21 04:33:40,412 INFO ✅ S3 write ok: events/ingestion_date=2025-09-20/ingestion_time=04:00:02/events.jsonl
SUCCESS: Data generation completed
=== [2025-09-21 04:33:40] Completion status: 0 ===

Environment loaded from /home/ubuntu/avosoft_retail/.env
Running data generator for 2025-09-21...
2025-09-21 08:00:18,127 INFO DEBUG SETTINGS -> users=50, orders=750, events=5000
2025-09-21 08:00:19,343 INFO [2025-09-20] Inserted 50 new users ✅
2025-09-21 08:00:40,286 INFO [2025-09-20] Inserted 750 orders ✅
2025-09-21 08:35:45,351 INFO [2025-09-20] Inserted 1708 order_items ✅
2025-09-21 08:35:46,570 INFO [2025-09-20] Inserted 750 payments ✅
2025-09-21 08:35:52,711 INFO Generated | users=50 products=5 orders=750 items=1708 paid=682 events=5743
Successfully uploaded to s3://avosoft-retail-bronze-jds-42/bronze/users/ingestion_date=2025-09-20/ingestion_time=08:00:02/users.jsonl
2025-09-21 08:35:54,267 INFO ✅ S3 write ok: users/ingestion_date=2025-09-20/ingestion_time=08:00:02/users.jsonl
Successfully uploaded to s3://avosoft-retail-bronze-jds-42/bronze/products/ingestion_date=2025-09-20/ingestion_time=08:00:02/products.jsonl
2025-09-21 08:35:54,572 INFO ✅ S3 write ok: products/ingestion_date=2025-09-20/ingestion_time=08:00:02/products.jsonl
Successfully uploaded to s3://avosoft-retail-bronze-jds-42/bronze/distribution_centers/ingestion_date=2025-09-20/ingestion_time=08:00:02/dcs.jsonl
2025-09-21 08:35:54,873 INFO ✅ S3 write ok: distribution_centers/ingestion_date=2025-09-20/ingestion_time=08:00:02/dcs.jsonl
2025-09-21 08:35:54,873 WARNING Failed to write s3 bronze inventory/ingestion_date=2025-09-20/ingestion_time=08:00:02/inventory.jsonl: Object of type Decimal is not JSON serializable
Successfully uploaded to s3://avosoft-retail-bronze-jds-42/bronze/orders/ingestion_date=2025-09-20/ingestion_time=08:00:02/orders.jsonl
2025-09-21 08:35:56,033 INFO ✅ S3 write ok: orders/ingestion_date=2025-09-20/ingestion_time=08:00:02/orders.jsonl
Successfully uploaded to s3://avosoft-retail-bronze-jds-42/bronze/order_items/ingestion_date=2025-09-20/ingestion_time=08:00:02/order_items.jsonl
2025-09-21 08:35:57,481 INFO ✅ S3 write ok: order_items/ingestion_date=2025-09-20/ingestion_time=08:00:02/order_items.jsonl
Successfully uploaded to s3://avosoft-retail-bronze-jds-42/bronze/payments/ingestion_date=2025-09-20/ingestion_time=08:00:02/payments.jsonl
2025-09-21 08:35:57,818 INFO ✅ S3 write ok: payments/ingestion_date=2025-09-20/ingestion_time=08:00:02/payments.jsonl
Successfully uploaded to s3://avosoft-retail-bronze-jds-42/bronze/events/ingestion_date=2025-09-20/ingestion_time=08:00:02/events.jsonl
2025-09-21 08:35:58,847 INFO ✅ S3 write ok: events/ingestion_date=2025-09-20/ingestion_time=08:00:02/events.jsonl
SUCCESS: Data generation completed
=== [2025-09-21 08:35:59] Completion status: 0 ===

Environment loaded from /home/ubuntu/avosoft_retail/.env
Running data generator for 2025-09-21...
2025-09-21 12:00:10,528 INFO DEBUG SETTINGS -> users=50, orders=750, events=5000
2025-09-21 12:00:11,664 INFO [2025-09-20] Inserted 50 new users ✅
2025-09-21 12:00:27,276 INFO [2025-09-20] Inserted 750 orders ✅
2025-09-21 12:32:57,505 INFO [2025-09-20] Inserted 1686 order_items ✅
2025-09-21 12:32:58,418 INFO [2025-09-20] Inserted 750 payments ✅
2025-09-21 12:33:04,548 INFO Generated | users=50 products=5 orders=750 items=1686 paid=682 events=5743
Successfully uploaded to s3://avosoft-retail-bronze-jds-42/bronze/users/ingestion_date=2025-09-20/ingestion_time=12:00:01/users.jsonl
2025-09-21 12:33:06,111 INFO ✅ S3 write ok: users/ingestion_date=2025-09-20/ingestion_time=12:00:01/users.jsonl
Successfully uploaded to s3://avosoft-retail-bronze-jds-42/bronze/products/ingestion_date=2025-09-20/ingestion_time=12:00:01/products.jsonl
2025-09-21 12:33:06,414 INFO ✅ S3 write ok: products/ingestion_date=2025-09-20/ingestion_time=12:00:01/products.jsonl
Successfully uploaded to s3://avosoft-retail-bronze-jds-42/bronze/distribution_centers/ingestion_date=2025-09-20/ingestion_time=12:00:01/dcs.jsonl
2025-09-21 12:33:06,730 INFO ✅ S3 write ok: distribution_centers/ingestion_date=2025-09-20/ingestion_time=12:00:01/dcs.jsonl
2025-09-21 12:33:06,730 WARNING Failed to write s3 bronze inventory/ingestion_date=2025-09-20/ingestion_time=12:00:01/inventory.jsonl: Object of type Decimal is not JSON serializable
Successfully uploaded to s3://avosoft-retail-bronze-jds-42/bronze/orders/ingestion_date=2025-09-20/ingestion_time=12:00:01/orders.jsonl
2025-09-21 12:33:07,627 INFO ✅ S3 write ok: orders/ingestion_date=2025-09-20/ingestion_time=12:00:01/orders.jsonl
Successfully uploaded to s3://avosoft-retail-bronze-jds-42/bronze/order_items/ingestion_date=2025-09-20/ingestion_time=12:00:01/order_items.jsonl
2025-09-21 12:33:08,524 INFO ✅ S3 write ok: order_items/ingestion_date=2025-09-20/ingestion_time=12:00:01/order_items.jsonl
Successfully uploaded to s3://avosoft-retail-bronze-jds-42/bronze/payments/ingestion_date=2025-09-20/ingestion_time=12:00:01/payments.jsonl
2025-09-21 12:33:08,862 INFO ✅ S3 write ok: payments/ingestion_date=2025-09-20/ingestion_time=12:00:01/payments.jsonl
Successfully uploaded to s3://avosoft-retail-bronze-jds-42/bronze/events/ingestion_date=2025-09-20/ingestion_time=12:00:01/events.jsonl
2025-09-21 12:33:09,891 INFO ✅ S3 write ok: events/ingestion_date=2025-09-20/ingestion_time=12:00:01/events.jsonl
SUCCESS: Data generation completed
=== [2025-09-21 12:33:10] Completion status: 0 ===

Environment loaded from /home/ubuntu/avosoft_retail/.env
Running data generator for 2025-09-21...
2025-09-21 16:00:11,110 INFO DEBUG SETTINGS -> users=50, orders=750, events=5000
2025-09-21 16:00:12,269 INFO [2025-09-20] Inserted 50 new users ✅
2025-09-21 16:00:32,409 INFO [2025-09-20] Inserted 750 orders ✅
2025-09-21 16:32:58,866 INFO [2025-09-20] Inserted 1675 order_items ✅
2025-09-21 16:33:00,341 INFO [2025-09-20] Inserted 750 payments ✅
2025-09-21 16:33:06,508 INFO Generated | users=50 products=5 orders=750 items=1675 paid=681 events=5742
Successfully uploaded to s3://avosoft-retail-bronze-jds-42/bronze/users/ingestion_date=2025-09-20/ingestion_time=16:00:01/users.jsonl
2025-09-21 16:33:07,987 INFO ✅ S3 write ok: users/ingestion_date=2025-09-20/ingestion_time=16:00:01/users.jsonl
Successfully uploaded to s3://avosoft-retail-bronze-jds-42/bronze/products/ingestion_date=2025-09-20/ingestion_time=16:00:01/products.jsonl
2025-09-21 16:33:08,286 INFO ✅ S3 write ok: products/ingestion_date=2025-09-20/ingestion_time=16:00:01/products.jsonl
Successfully uploaded to s3://avosoft-retail-bronze-jds-42/bronze/distribution_centers/ingestion_date=2025-09-20/ingestion_time=16:00:01/dcs.jsonl
2025-09-21 16:33:08,584 INFO ✅ S3 write ok: distribution_centers/ingestion_date=2025-09-20/ingestion_time=16:00:01/dcs.jsonl
2025-09-21 16:33:08,584 WARNING Failed to write s3 bronze inventory/ingestion_date=2025-09-20/ingestion_time=16:00:01/inventory.jsonl: Object of type Decimal is not JSON serializable
Successfully uploaded to s3://avosoft-retail-bronze-jds-42/bronze/orders/ingestion_date=2025-09-20/ingestion_time=16:00:01/orders.jsonl
2025-09-21 16:33:09,466 INFO ✅ S3 write ok: orders/ingestion_date=2025-09-20/ingestion_time=16:00:01/orders.jsonl
Successfully uploaded to s3://avosoft-retail-bronze-jds-42/bronze/order_items/ingestion_date=2025-09-20/ingestion_time=16:00:01/order_items.jsonl
2025-09-21 16:33:10,371 INFO ✅ S3 write ok: order_items/ingestion_date=2025-09-20/ingestion_time=16:00:01/order_items.jsonl
Successfully uploaded to s3://avosoft-retail-bronze-jds-42/bronze/payments/ingestion_date=2025-09-20/ingestion_time=16:00:01/payments.jsonl
2025-09-21 16:33:10,733 INFO ✅ S3 write ok: payments/ingestion_date=2025-09-20/ingestion_time=16:00:01/payments.jsonl
Successfully uploaded to s3://avosoft-retail-bronze-jds-42/bronze/events/ingestion_date=2025-09-20/ingestion_time=16:00:01/events.jsonl
2025-09-21 16:33:11,708 INFO ✅ S3 write ok: events/ingestion_date=2025-09-20/ingestion_time=16:00:01/events.jsonl
SUCCESS: Data generation completed
=== [2025-09-21 16:33:11] Completion status: 0 ===

Environment loaded from /home/ubuntu/avosoft_retail/.env
Running data generator for 2025-09-21...
2025-09-21 20:00:11,519 INFO DEBUG SETTINGS -> users=50, orders=750, events=5000
2025-09-21 20:00:12,647 INFO [2025-09-20] Inserted 50 new users ✅
2025-09-21 20:00:36,436 INFO [2025-09-20] Inserted 750 orders ✅
2025-09-21 20:32:05,671 INFO [2025-09-20] Inserted 1666 order_items ✅
2025-09-21 20:32:06,604 INFO [2025-09-20] Inserted 750 payments ✅
2025-09-21 20:32:12,740 INFO Generated | users=50 products=5 orders=750 items=1666 paid=679 events=5740
Successfully uploaded to s3://avosoft-retail-bronze-jds-42/bronze/users/ingestion_date=2025-09-20/ingestion_time=20:00:02/users.jsonl
2025-09-21 20:32:14,774 INFO ✅ S3 write ok: users/ingestion_date=2025-09-20/ingestion_time=20:00:02/users.jsonl
Successfully uploaded to s3://avosoft-retail-bronze-jds-42/bronze/products/ingestion_date=2025-09-20/ingestion_time=20:00:02/products.jsonl
2025-09-21 20:32:15,080 INFO ✅ S3 write ok: products/ingestion_date=2025-09-20/ingestion_time=20:00:02/products.jsonl
Successfully uploaded to s3://avosoft-retail-bronze-jds-42/bronze/distribution_centers/ingestion_date=2025-09-20/ingestion_time=20:00:02/dcs.jsonl
2025-09-21 20:32:15,381 INFO ✅ S3 write ok: distribution_centers/ingestion_date=2025-09-20/ingestion_time=20:00:02/dcs.jsonl
2025-09-21 20:32:15,381 WARNING Failed to write s3 bronze inventory/ingestion_date=2025-09-20/ingestion_time=20:00:02/inventory.jsonl: Object of type Decimal is not JSON serializable
Successfully uploaded to s3://avosoft-retail-bronze-jds-42/bronze/orders/ingestion_date=2025-09-20/ingestion_time=20:00:02/orders.jsonl
2025-09-21 20:32:16,262 INFO ✅ S3 write ok: orders/ingestion_date=2025-09-20/ingestion_time=20:00:02/orders.jsonl
Successfully uploaded to s3://avosoft-retail-bronze-jds-42/bronze/order_items/ingestion_date=2025-09-20/ingestion_time=20:00:02/order_items.jsonl
2025-09-21 20:32:17,174 INFO ✅ S3 write ok: order_items/ingestion_date=2025-09-20/ingestion_time=20:00:02/order_items.jsonl
Successfully uploaded to s3://avosoft-retail-bronze-jds-42/bronze/payments/ingestion_date=2025-09-20/ingestion_time=20:00:02/payments.jsonl
2025-09-21 20:32:17,538 INFO ✅ S3 write ok: payments/ingestion_date=2025-09-20/ingestion_time=20:00:02/payments.jsonl
Successfully uploaded to s3://avosoft-retail-bronze-jds-42/bronze/events/ingestion_date=2025-09-20/ingestion_time=20:00:02/events.jsonl
2025-09-21 20:32:18,542 INFO ✅ S3 write ok: events/ingestion_date=2025-09-20/ingestion_time=20:00:02/events.jsonl
SUCCESS: Data generation completed
=== [2025-09-21 20:32:18] Completion status: 0 ===

Environment loaded from /home/ubuntu/avosoft_retail/.env
Running data generator for 2025-09-22...
2025-09-22 00:00:11,325 INFO DEBUG SETTINGS -> users=50, orders=750, events=5000
2025-09-22 00:00:12,471 INFO [2025-09-21] Inserted 50 new users ✅
2025-09-22 00:00:28,262 INFO [2025-09-21] Inserted 750 orders ✅
2025-09-22 00:32:04,993 INFO [2025-09-21] Inserted 1652 order_items ✅
2025-09-22 00:32:05,934 INFO [2025-09-21] Inserted 750 payments ✅
2025-09-22 00:32:12,133 INFO Generated | users=50 products=5 orders=750 items=1652 paid=673 events=5731
Successfully uploaded to s3://avosoft-retail-bronze-jds-42/bronze/users/ingestion_date=2025-09-21/ingestion_time=00:00:02/users.jsonl
2025-09-22 00:32:13,645 INFO ✅ S3 write ok: users/ingestion_date=2025-09-21/ingestion_time=00:00:02/users.jsonl
Successfully uploaded to s3://avosoft-retail-bronze-jds-42/bronze/products/ingestion_date=2025-09-21/ingestion_time=00:00:02/products.jsonl
2025-09-22 00:32:13,940 INFO ✅ S3 write ok: products/ingestion_date=2025-09-21/ingestion_time=00:00:02/products.jsonl
Successfully uploaded to s3://avosoft-retail-bronze-jds-42/bronze/distribution_centers/ingestion_date=2025-09-21/ingestion_time=00:00:02/dcs.jsonl
2025-09-22 00:32:14,237 INFO ✅ S3 write ok: distribution_centers/ingestion_date=2025-09-21/ingestion_time=00:00:02/dcs.jsonl
2025-09-22 00:32:14,237 WARNING Failed to write s3 bronze inventory/ingestion_date=2025-09-21/ingestion_time=00:00:02/inventory.jsonl: Object of type Decimal is not JSON serializable
Successfully uploaded to s3://avosoft-retail-bronze-jds-42/bronze/orders/ingestion_date=2025-09-21/ingestion_time=00:00:02/orders.jsonl
2025-09-22 00:32:15,142 INFO ✅ S3 write ok: orders/ingestion_date=2025-09-21/ingestion_time=00:00:02/orders.jsonl
Successfully uploaded to s3://avosoft-retail-bronze-jds-42/bronze/order_items/ingestion_date=2025-09-21/ingestion_time=00:00:02/order_items.jsonl
2025-09-22 00:32:16,028 INFO ✅ S3 write ok: order_items/ingestion_date=2025-09-21/ingestion_time=00:00:02/order_items.jsonl
Successfully uploaded to s3://avosoft-retail-bronze-jds-42/bronze/payments/ingestion_date=2025-09-21/ingestion_time=00:00:02/payments.jsonl
2025-09-22 00:32:16,337 INFO ✅ S3 write ok: payments/ingestion_date=2025-09-21/ingestion_time=00:00:02/payments.jsonl
Successfully uploaded to s3://avosoft-retail-bronze-jds-42/bronze/events/ingestion_date=2025-09-21/ingestion_time=00:00:02/events.jsonl
2025-09-22 00:32:17,323 INFO ✅ S3 write ok: events/ingestion_date=2025-09-21/ingestion_time=00:00:02/events.jsonl
SUCCESS: Data generation completed
=== [2025-09-22 00:32:17] Completion status: 0 ===

Environment loaded from /home/ubuntu/avosoft_retail/.env
Running data generator for 2025-09-22...
2025-09-22 04:00:10,729 INFO DEBUG SETTINGS -> users=50, orders=750, events=5000
2025-09-22 04:00:11,878 INFO [2025-09-21] Inserted 50 new users ✅
2025-09-22 04:00:27,686 INFO [2025-09-21] Inserted 750 orders ✅
2025-09-22 04:31:51,556 INFO [2025-09-21] Inserted 1622 order_items ✅
2025-09-22 04:31:52,464 INFO [2025-09-21] Inserted 750 payments ✅
2025-09-22 04:31:58,506 INFO Generated | users=50 products=5 orders=750 items=1622 paid=661 events=5718
Successfully uploaded to s3://avosoft-retail-bronze-jds-42/bronze/users/ingestion_date=2025-09-21/ingestion_time=04:00:02/users.jsonl
2025-09-22 04:32:00,362 INFO ✅ S3 write ok: users/ingestion_date=2025-09-21/ingestion_time=04:00:02/users.jsonl
Successfully uploaded to s3://avosoft-retail-bronze-jds-42/bronze/products/ingestion_date=2025-09-21/ingestion_time=04:00:02/products.jsonl
2025-09-22 04:32:00,665 INFO ✅ S3 write ok: products/ingestion_date=2025-09-21/ingestion_time=04:00:02/products.jsonl
Successfully uploaded to s3://avosoft-retail-bronze-jds-42/bronze/distribution_centers/ingestion_date=2025-09-21/ingestion_time=04:00:02/dcs.jsonl
2025-09-22 04:32:00,970 INFO ✅ S3 write ok: distribution_centers/ingestion_date=2025-09-21/ingestion_time=04:00:02/dcs.jsonl
2025-09-22 04:32:00,970 WARNING Failed to write s3 bronze inventory/ingestion_date=2025-09-21/ingestion_time=04:00:02/inventory.jsonl: Object of type Decimal is not JSON serializable
Successfully uploaded to s3://avosoft-retail-bronze-jds-42/bronze/orders/ingestion_date=2025-09-21/ingestion_time=04:00:02/orders.jsonl
2025-09-22 04:32:02,104 INFO ✅ S3 write ok: orders/ingestion_date=2025-09-21/ingestion_time=04:00:02/orders.jsonl
Successfully uploaded to s3://avosoft-retail-bronze-jds-42/bronze/order_items/ingestion_date=2025-09-21/ingestion_time=04:00:02/order_items.jsonl
2025-09-22 04:32:03,566 INFO ✅ S3 write ok: order_items/ingestion_date=2025-09-21/ingestion_time=04:00:02/order_items.jsonl
Successfully uploaded to s3://avosoft-retail-bronze-jds-42/bronze/payments/ingestion_date=2025-09-21/ingestion_time=04:00:02/payments.jsonl
2025-09-22 04:32:03,907 INFO ✅ S3 write ok: payments/ingestion_date=2025-09-21/ingestion_time=04:00:02/payments.jsonl
Successfully uploaded to s3://avosoft-retail-bronze-jds-42/bronze/events/ingestion_date=2025-09-21/ingestion_time=04:00:02/events.jsonl
2025-09-22 04:32:04,940 INFO ✅ S3 write ok: events/ingestion_date=2025-09-21/ingestion_time=04:00:02/events.jsonl
SUCCESS: Data generation completed
=== [2025-09-22 04:32:05] Completion status: 0 ===

Environment loaded from /home/ubuntu/avosoft_retail/.env
Running data generator for 2025-09-22...
2025-09-22 08:00:10,920 INFO DEBUG SETTINGS -> users=50, orders=750, events=5000
2025-09-22 08:00:12,069 INFO [2025-09-21] Inserted 50 new users ✅
2025-09-22 08:00:34,609 INFO [2025-09-21] Inserted 750 orders ✅
2025-09-22 08:32:11,924 INFO [2025-09-21] Inserted 1632 order_items ✅
2025-09-22 08:32:12,830 INFO [2025-09-21] Inserted 750 payments ✅
2025-09-22 08:32:18,997 INFO Generated | users=50 products=5 orders=750 items=1632 paid=662 events=5719
Successfully uploaded to s3://avosoft-retail-bronze-jds-42/bronze/users/ingestion_date=2025-09-21/ingestion_time=08:00:01/users.jsonl
2025-09-22 08:32:20,520 INFO ✅ S3 write ok: users/ingestion_date=2025-09-21/ingestion_time=08:00:01/users.jsonl
Successfully uploaded to s3://avosoft-retail-bronze-jds-42/bronze/products/ingestion_date=2025-09-21/ingestion_time=08:00:01/products.jsonl
2025-09-22 08:32:20,824 INFO ✅ S3 write ok: products/ingestion_date=2025-09-21/ingestion_time=08:00:01/products.jsonl
Successfully uploaded to s3://avosoft-retail-bronze-jds-42/bronze/distribution_centers/ingestion_date=2025-09-21/ingestion_time=08:00:01/dcs.jsonl
2025-09-22 08:32:21,125 INFO ✅ S3 write ok: distribution_centers/ingestion_date=2025-09-21/ingestion_time=08:00:01/dcs.jsonl
2025-09-22 08:32:21,125 WARNING Failed to write s3 bronze inventory/ingestion_date=2025-09-21/ingestion_time=08:00:01/inventory.jsonl: Object of type Decimal is not JSON serializable
Successfully uploaded to s3://avosoft-retail-bronze-jds-42/bronze/orders/ingestion_date=2025-09-21/ingestion_time=08:00:01/orders.jsonl
2025-09-22 08:32:22,021 INFO ✅ S3 write ok: orders/ingestion_date=2025-09-21/ingestion_time=08:00:01/orders.jsonl
Successfully uploaded to s3://avosoft-retail-bronze-jds-42/bronze/order_items/ingestion_date=2025-09-21/ingestion_time=08:00:01/order_items.jsonl
2025-09-22 08:32:22,933 INFO ✅ S3 write ok: order_items/ingestion_date=2025-09-21/ingestion_time=08:00:01/order_items.jsonl
Successfully uploaded to s3://avosoft-retail-bronze-jds-42/bronze/payments/ingestion_date=2025-09-21/ingestion_time=08:00:01/payments.jsonl
2025-09-22 08:32:23,285 INFO ✅ S3 write ok: payments/ingestion_date=2025-09-21/ingestion_time=08:00:01/payments.jsonl
Successfully uploaded to s3://avosoft-retail-bronze-jds-42/bronze/events/ingestion_date=2025-09-21/ingestion_time=08:00:01/events.jsonl
2025-09-22 08:32:24,298 INFO ✅ S3 write ok: events/ingestion_date=2025-09-21/ingestion_time=08:00:01/events.jsonl
SUCCESS: Data generation completed
=== [2025-09-22 08:32:24] Completion status: 0 ===

Environment loaded from /home/ubuntu/avosoft_retail/.env
Running data generator for 2025-09-22...
2025-09-22 12:00:11,229 INFO DEBUG SETTINGS -> users=50, orders=750, events=5000
2025-09-22 12:00:12,398 INFO [2025-09-21] Inserted 50 new users ✅
2025-09-22 12:00:29,122 INFO [2025-09-21] Inserted 750 orders ✅
2025-09-22 12:32:15,607 INFO [2025-09-21] Inserted 1624 order_items ✅
2025-09-22 12:32:16,582 INFO [2025-09-21] Inserted 750 payments ✅
2025-09-22 12:32:22,636 INFO Generated | users=50 products=5 orders=750 items=1624 paid=665 events=5722
Successfully uploaded to s3://avosoft-retail-bronze-jds-42/bronze/users/ingestion_date=2025-09-21/ingestion_time=12:00:02/users.jsonl
2025-09-22 12:32:23,870 INFO ✅ S3 write ok: users/ingestion_date=2025-09-21/ingestion_time=12:00:02/users.jsonl
Successfully uploaded to s3://avosoft-retail-bronze-jds-42/bronze/products/ingestion_date=2025-09-21/ingestion_time=12:00:02/products.jsonl
2025-09-22 12:32:24,175 INFO ✅ S3 write ok: products/ingestion_date=2025-09-21/ingestion_time=12:00:02/products.jsonl
Successfully uploaded to s3://avosoft-retail-bronze-jds-42/bronze/distribution_centers/ingestion_date=2025-09-21/ingestion_time=12:00:02/dcs.jsonl
2025-09-22 12:32:24,479 INFO ✅ S3 write ok: distribution_centers/ingestion_date=2025-09-21/ingestion_time=12:00:02/dcs.jsonl
2025-09-22 12:32:24,479 WARNING Failed to write s3 bronze inventory/ingestion_date=2025-09-21/ingestion_time=12:00:02/inventory.jsonl: Object of type Decimal is not JSON serializable
Successfully uploaded to s3://avosoft-retail-bronze-jds-42/bronze/orders/ingestion_date=2025-09-21/ingestion_time=12:00:02/orders.jsonl
2025-09-22 12:32:25,391 INFO ✅ S3 write ok: orders/ingestion_date=2025-09-21/ingestion_time=12:00:02/orders.jsonl
Successfully uploaded to s3://avosoft-retail-bronze-jds-42/bronze/order_items/ingestion_date=2025-09-21/ingestion_time=12:00:02/order_items.jsonl
2025-09-22 12:32:26,337 INFO ✅ S3 write ok: order_items/ingestion_date=2025-09-21/ingestion_time=12:00:02/order_items.jsonl
Successfully uploaded to s3://avosoft-retail-bronze-jds-42/bronze/payments/ingestion_date=2025-09-21/ingestion_time=12:00:02/payments.jsonl
2025-09-22 12:32:26,719 INFO ✅ S3 write ok: payments/ingestion_date=2025-09-21/ingestion_time=12:00:02/payments.jsonl
Successfully uploaded to s3://avosoft-retail-bronze-jds-42/bronze/events/ingestion_date=2025-09-21/ingestion_time=12:00:02/events.jsonl
2025-09-22 12:32:27,689 INFO ✅ S3 write ok: events/ingestion_date=2025-09-21/ingestion_time=12:00:02/events.jsonl
SUCCESS: Data generation completed
=== [2025-09-22 12:32:27] Completion status: 0 ===

Environment loaded from /home/ubuntu/avosoft_retail/.env
Running data generator for 2025-09-22...
2025-09-22 16:00:11,534 INFO DEBUG SETTINGS -> users=50, orders=750, events=5000
2025-09-22 16:00:12,678 INFO [2025-09-21] Inserted 50 new users ✅
2025-09-22 16:00:31,850 INFO [2025-09-21] Inserted 750 orders ✅
2025-09-22 16:31:39,947 INFO [2025-09-21] Inserted 1603 order_items ✅
2025-09-22 16:31:40,880 INFO [2025-09-21] Inserted 750 payments ✅
2025-09-22 16:31:47,901 INFO Generated | users=50 products=5 orders=750 items=1603 paid=662 events=5721
Successfully uploaded to s3://avosoft-retail-bronze-jds-42/bronze/users/ingestion_date=2025-09-21/ingestion_time=16:00:02/users.jsonl
2025-09-22 16:31:49,695 INFO ✅ S3 write ok: users/ingestion_date=2025-09-21/ingestion_time=16:00:02/users.jsonl
Successfully uploaded to s3://avosoft-retail-bronze-jds-42/bronze/products/ingestion_date=2025-09-21/ingestion_time=16:00:02/products.jsonl
2025-09-22 16:31:50,009 INFO ✅ S3 write ok: products/ingestion_date=2025-09-21/ingestion_time=16:00:02/products.jsonl
Successfully uploaded to s3://avosoft-retail-bronze-jds-42/bronze/distribution_centers/ingestion_date=2025-09-21/ingestion_time=16:00:02/dcs.jsonl
2025-09-22 16:31:50,312 INFO ✅ S3 write ok: distribution_centers/ingestion_date=2025-09-21/ingestion_time=16:00:02/dcs.jsonl
2025-09-22 16:31:50,312 WARNING Failed to write s3 bronze inventory/ingestion_date=2025-09-21/ingestion_time=16:00:02/inventory.jsonl: Object of type Decimal is not JSON serializable
Successfully uploaded to s3://avosoft-retail-bronze-jds-42/bronze/orders/ingestion_date=2025-09-21/ingestion_time=16:00:02/orders.jsonl
2025-09-22 16:31:51,265 INFO ✅ S3 write ok: orders/ingestion_date=2025-09-21/ingestion_time=16:00:02/orders.jsonl
Successfully uploaded to s3://avosoft-retail-bronze-jds-42/bronze/order_items/ingestion_date=2025-09-21/ingestion_time=16:00:02/order_items.jsonl
2025-09-22 16:31:52,236 INFO ✅ S3 write ok: order_items/ingestion_date=2025-09-21/ingestion_time=16:00:02/order_items.jsonl
Successfully uploaded to s3://avosoft-retail-bronze-jds-42/bronze/payments/ingestion_date=2025-09-21/ingestion_time=16:00:02/payments.jsonl
2025-09-22 16:31:52,581 INFO ✅ S3 write ok: payments/ingestion_date=2025-09-21/ingestion_time=16:00:02/payments.jsonl
Successfully uploaded to s3://avosoft-retail-bronze-jds-42/bronze/events/ingestion_date=2025-09-21/ingestion_time=16:00:02/events.jsonl
2025-09-22 16:31:53,594 INFO ✅ S3 write ok: events/ingestion_date=2025-09-21/ingestion_time=16:00:02/events.jsonl
SUCCESS: Data generation completed
=== [2025-09-22 16:31:53] Completion status: 0 ===

Environment loaded from /home/ubuntu/avosoft_retail/.env
Running data generator for 2025-09-22...
2025-09-22 20:00:11,218 INFO DEBUG SETTINGS -> users=50, orders=750, events=5000
2025-09-22 20:00:12,348 INFO [2025-09-21] Inserted 50 new users ✅
2025-09-22 20:00:30,395 INFO [2025-09-21] Inserted 750 orders ✅
2025-09-22 20:30:57,392 INFO [2025-09-21] Inserted 1585 order_items ✅
2025-09-22 20:30:58,297 INFO [2025-09-21] Inserted 750 payments ✅
2025-09-22 20:31:04,406 INFO Generated | users=50 products=5 orders=750 items=1585 paid=657 events=5716
Successfully uploaded to s3://avosoft-retail-bronze-jds-42/bronze/users/ingestion_date=2025-09-21/ingestion_time=20:00:02/users.jsonl
2025-09-22 20:31:06,163 INFO ✅ S3 write ok: users/ingestion_date=2025-09-21/ingestion_time=20:00:02/users.jsonl
Successfully uploaded to s3://avosoft-retail-bronze-jds-42/bronze/products/ingestion_date=2025-09-21/ingestion_time=20:00:02/products.jsonl
2025-09-22 20:31:06,467 INFO ✅ S3 write ok: products/ingestion_date=2025-09-21/ingestion_time=20:00:02/products.jsonl
Successfully uploaded to s3://avosoft-retail-bronze-jds-42/bronze/distribution_centers/ingestion_date=2025-09-21/ingestion_time=20:00:02/dcs.jsonl
2025-09-22 20:31:06,767 INFO ✅ S3 write ok: distribution_centers/ingestion_date=2025-09-21/ingestion_time=20:00:02/dcs.jsonl
2025-09-22 20:31:06,767 WARNING Failed to write s3 bronze inventory/ingestion_date=2025-09-21/ingestion_time=20:00:02/inventory.jsonl: Object of type Decimal is not JSON serializable
Successfully uploaded to s3://avosoft-retail-bronze-jds-42/bronze/orders/ingestion_date=2025-09-21/ingestion_time=20:00:02/orders.jsonl
2025-09-22 20:31:07,670 INFO ✅ S3 write ok: orders/ingestion_date=2025-09-21/ingestion_time=20:00:02/orders.jsonl
Successfully uploaded to s3://avosoft-retail-bronze-jds-42/bronze/order_items/ingestion_date=2025-09-21/ingestion_time=20:00:02/order_items.jsonl
2025-09-22 20:31:08,605 INFO ✅ S3 write ok: order_items/ingestion_date=2025-09-21/ingestion_time=20:00:02/order_items.jsonl
Successfully uploaded to s3://avosoft-retail-bronze-jds-42/bronze/payments/ingestion_date=2025-09-21/ingestion_time=20:00:02/payments.jsonl
2025-09-22 20:31:08,944 INFO ✅ S3 write ok: payments/ingestion_date=2025-09-21/ingestion_time=20:00:02/payments.jsonl
Successfully uploaded to s3://avosoft-retail-bronze-jds-42/bronze/events/ingestion_date=2025-09-21/ingestion_time=20:00:02/events.jsonl
2025-09-22 20:31:09,911 INFO ✅ S3 write ok: events/ingestion_date=2025-09-21/ingestion_time=20:00:02/events.jsonl
SUCCESS: Data generation completed
=== [2025-09-22 20:31:10] Completion status: 0 ===

Environment loaded from /home/ubuntu/avosoft_retail/.env
Running data generator for 2025-09-23...
2025-09-23 00:00:10,911 INFO DEBUG SETTINGS -> users=50, orders=750, events=5000
2025-09-23 00:00:12,065 INFO [2025-09-22] Inserted 50 new users ✅
2025-09-23 00:00:30,375 INFO [2025-09-22] Inserted 750 orders ✅
2025-09-23 00:31:11,591 INFO [2025-09-22] Inserted 1569 order_items ✅
2025-09-23 00:31:12,520 INFO [2025-09-22] Inserted 750 payments ✅
2025-09-23 00:31:18,698 INFO Generated | users=50 products=5 orders=750 items=1569 paid=653 events=5711
Successfully uploaded to s3://avosoft-retail-bronze-jds-42/bronze/users/ingestion_date=2025-09-22/ingestion_time=00:00:02/users.jsonl
2025-09-23 00:31:20,466 INFO ✅ S3 write ok: users/ingestion_date=2025-09-22/ingestion_time=00:00:02/users.jsonl
Successfully uploaded to s3://avosoft-retail-bronze-jds-42/bronze/products/ingestion_date=2025-09-22/ingestion_time=00:00:02/products.jsonl
2025-09-23 00:31:20,772 INFO ✅ S3 write ok: products/ingestion_date=2025-09-22/ingestion_time=00:00:02/products.jsonl
Successfully uploaded to s3://avosoft-retail-bronze-jds-42/bronze/distribution_centers/ingestion_date=2025-09-22/ingestion_time=00:00:02/dcs.jsonl
2025-09-23 00:31:21,085 INFO ✅ S3 write ok: distribution_centers/ingestion_date=2025-09-22/ingestion_time=00:00:02/dcs.jsonl
2025-09-23 00:31:21,085 WARNING Failed to write s3 bronze inventory/ingestion_date=2025-09-22/ingestion_time=00:00:02/inventory.jsonl: Object of type Decimal is not JSON serializable
Successfully uploaded to s3://avosoft-retail-bronze-jds-42/bronze/orders/ingestion_date=2025-09-22/ingestion_time=00:00:02/orders.jsonl
2025-09-23 00:31:22,279 INFO ✅ S3 write ok: orders/ingestion_date=2025-09-22/ingestion_time=00:00:02/orders.jsonl
Successfully uploaded to s3://avosoft-retail-bronze-jds-42/bronze/order_items/ingestion_date=2025-09-22/ingestion_time=00:00:02/order_items.jsonl
2025-09-23 00:31:23,721 INFO ✅ S3 write ok: order_items/ingestion_date=2025-09-22/ingestion_time=00:00:02/order_items.jsonl
Successfully uploaded to s3://avosoft-retail-bronze-jds-42/bronze/payments/ingestion_date=2025-09-22/ingestion_time=00:00:02/payments.jsonl
2025-09-23 00:31:24,041 INFO ✅ S3 write ok: payments/ingestion_date=2025-09-22/ingestion_time=00:00:02/payments.jsonl
Successfully uploaded to s3://avosoft-retail-bronze-jds-42/bronze/events/ingestion_date=2025-09-22/ingestion_time=00:00:02/events.jsonl
2025-09-23 00:31:25,042 INFO ✅ S3 write ok: events/ingestion_date=2025-09-22/ingestion_time=00:00:02/events.jsonl
SUCCESS: Data generation completed
=== [2025-09-23 00:31:25] Completion status: 0 ===

Environment loaded from /home/ubuntu/avosoft_retail/.env
Running data generator for 2025-09-23...
2025-09-23 04:00:10,911 INFO DEBUG SETTINGS -> users=50, orders=750, events=5000
2025-09-23 04:00:12,043 INFO [2025-09-22] Inserted 50 new users ✅
2025-09-23 04:00:27,592 INFO [2025-09-22] Inserted 750 orders ✅
2025-09-23 04:30:27,933 INFO [2025-09-22] Inserted 1565 order_items ✅
2025-09-23 04:30:28,833 INFO [2025-09-22] Inserted 750 payments ✅
2025-09-23 04:30:34,899 INFO Generated | users=50 products=5 orders=750 items=1565 paid=650 events=5708
Successfully uploaded to s3://avosoft-retail-bronze-jds-42/bronze/users/ingestion_date=2025-09-22/ingestion_time=04:00:02/users.jsonl
2025-09-23 04:30:36,398 INFO ✅ S3 write ok: users/ingestion_date=2025-09-22/ingestion_time=04:00:02/users.jsonl
Successfully uploaded to s3://avosoft-retail-bronze-jds-42/bronze/products/ingestion_date=2025-09-22/ingestion_time=04:00:02/products.jsonl
2025-09-23 04:30:36,703 INFO ✅ S3 write ok: products/ingestion_date=2025-09-22/ingestion_time=04:00:02/products.jsonl
Successfully uploaded to s3://avosoft-retail-bronze-jds-42/bronze/distribution_centers/ingestion_date=2025-09-22/ingestion_time=04:00:02/dcs.jsonl
2025-09-23 04:30:37,035 INFO ✅ S3 write ok: distribution_centers/ingestion_date=2025-09-22/ingestion_time=04:00:02/dcs.jsonl
2025-09-23 04:30:37,036 WARNING Failed to write s3 bronze inventory/ingestion_date=2025-09-22/ingestion_time=04:00:02/inventory.jsonl: Object of type Decimal is not JSON serializable
Successfully uploaded to s3://avosoft-retail-bronze-jds-42/bronze/orders/ingestion_date=2025-09-22/ingestion_time=04:00:02/orders.jsonl
2025-09-23 04:30:37,900 INFO ✅ S3 write ok: orders/ingestion_date=2025-09-22/ingestion_time=04:00:02/orders.jsonl
Successfully uploaded to s3://avosoft-retail-bronze-jds-42/bronze/order_items/ingestion_date=2025-09-22/ingestion_time=04:00:02/order_items.jsonl
2025-09-23 04:30:38,814 INFO ✅ S3 write ok: order_items/ingestion_date=2025-09-22/ingestion_time=04:00:02/order_items.jsonl
Successfully uploaded to s3://avosoft-retail-bronze-jds-42/bronze/payments/ingestion_date=2025-09-22/ingestion_time=04:00:02/payments.jsonl
2025-09-23 04:30:39,140 INFO ✅ S3 write ok: payments/ingestion_date=2025-09-22/ingestion_time=04:00:02/payments.jsonl
Successfully uploaded to s3://avosoft-retail-bronze-jds-42/bronze/events/ingestion_date=2025-09-22/ingestion_time=04:00:02/events.jsonl
2025-09-23 04:30:40,133 INFO ✅ S3 write ok: events/ingestion_date=2025-09-22/ingestion_time=04:00:02/events.jsonl
SUCCESS: Data generation completed
=== [2025-09-23 04:30:40] Completion status: 0 ===

Environment loaded from /home/ubuntu/avosoft_retail/.env
Running data generator for 2025-09-23...
2025-09-23 08:00:11,307 INFO DEBUG SETTINGS -> users=50, orders=750, events=5000
2025-09-23 08:00:12,443 INFO [2025-09-22] Inserted 50 new users ✅
2025-09-23 08:00:30,603 INFO [2025-09-22] Inserted 750 orders ✅
2025-09-23 08:30:46,986 INFO [2025-09-22] Inserted 1547 order_items ✅
2025-09-23 08:30:47,909 INFO [2025-09-22] Inserted 750 payments ✅
2025-09-23 08:30:53,948 INFO Generated | users=50 products=5 orders=750 items=1547 paid=657 events=5713
Successfully uploaded to s3://avosoft-retail-bronze-jds-42/bronze/users/ingestion_date=2025-09-22/ingestion_time=08:00:02/users.jsonl
2025-09-23 08:30:55,265 INFO ✅ S3 write ok: users/ingestion_date=2025-09-22/ingestion_time=08:00:02/users.jsonl
Successfully uploaded to s3://avosoft-retail-bronze-jds-42/bronze/products/ingestion_date=2025-09-22/ingestion_time=08:00:02/products.jsonl
2025-09-23 08:30:55,568 INFO ✅ S3 write ok: products/ingestion_date=2025-09-22/ingestion_time=08:00:02/products.jsonl
Successfully uploaded to s3://avosoft-retail-bronze-jds-42/bronze/distribution_centers/ingestion_date=2025-09-22/ingestion_time=08:00:02/dcs.jsonl
2025-09-23 08:30:55,870 INFO ✅ S3 write ok: distribution_centers/ingestion_date=2025-09-22/ingestion_time=08:00:02/dcs.jsonl
2025-09-23 08:30:55,870 WARNING Failed to write s3 bronze inventory/ingestion_date=2025-09-22/ingestion_time=08:00:02/inventory.jsonl: Object of type Decimal is not JSON serializable
Successfully uploaded to s3://avosoft-retail-bronze-jds-42/bronze/orders/ingestion_date=2025-09-22/ingestion_time=08:00:02/orders.jsonl
2025-09-23 08:30:57,044 INFO ✅ S3 write ok: orders/ingestion_date=2025-09-22/ingestion_time=08:00:02/orders.jsonl
Successfully uploaded to s3://avosoft-retail-bronze-jds-42/bronze/order_items/ingestion_date=2025-09-22/ingestion_time=08:00:02/order_items.jsonl
2025-09-23 08:30:58,505 INFO ✅ S3 write ok: order_items/ingestion_date=2025-09-22/ingestion_time=08:00:02/order_items.jsonl
Successfully uploaded to s3://avosoft-retail-bronze-jds-42/bronze/payments/ingestion_date=2025-09-22/ingestion_time=08:00:02/payments.jsonl
2025-09-23 08:30:58,877 INFO ✅ S3 write ok: payments/ingestion_date=2025-09-22/ingestion_time=08:00:02/payments.jsonl
Successfully uploaded to s3://avosoft-retail-bronze-jds-42/bronze/events/ingestion_date=2025-09-22/ingestion_time=08:00:02/events.jsonl
2025-09-23 08:31:00,182 INFO ✅ S3 write ok: events/ingestion_date=2025-09-22/ingestion_time=08:00:02/events.jsonl
SUCCESS: Data generation completed
=== [2025-09-23 08:31:00] Completion status: 0 ===

Environment loaded from /home/ubuntu/avosoft_retail/.env
Running data generator for 2025-09-23...
2025-09-23 12:00:11,417 INFO DEBUG SETTINGS -> users=50, orders=750, events=5000
2025-09-23 12:00:12,552 INFO [2025-09-22] Inserted 50 new users ✅
2025-09-23 12:00:28,970 INFO [2025-09-22] Inserted 750 orders ✅
2025-09-23 12:30:04,184 INFO [2025-09-22] Inserted 1531 order_items ✅
2025-09-23 12:30:05,267 INFO [2025-09-22] Inserted 750 payments ✅
2025-09-23 12:30:11,342 INFO Generated | users=50 products=5 orders=750 items=1531 paid=644 events=5700
Successfully uploaded to s3://avosoft-retail-bronze-jds-42/bronze/users/ingestion_date=2025-09-22/ingestion_time=12:00:02/users.jsonl
2025-09-23 12:30:12,702 INFO ✅ S3 write ok: users/ingestion_date=2025-09-22/ingestion_time=12:00:02/users.jsonl
Successfully uploaded to s3://avosoft-retail-bronze-jds-42/bronze/products/ingestion_date=2025-09-22/ingestion_time=12:00:02/products.jsonl
2025-09-23 12:30:13,010 INFO ✅ S3 write ok: products/ingestion_date=2025-09-22/ingestion_time=12:00:02/products.jsonl
Successfully uploaded to s3://avosoft-retail-bronze-jds-42/bronze/distribution_centers/ingestion_date=2025-09-22/ingestion_time=12:00:02/dcs.jsonl
2025-09-23 12:30:13,314 INFO ✅ S3 write ok: distribution_centers/ingestion_date=2025-09-22/ingestion_time=12:00:02/dcs.jsonl
2025-09-23 12:30:13,314 WARNING Failed to write s3 bronze inventory/ingestion_date=2025-09-22/ingestion_time=12:00:02/inventory.jsonl: Object of type Decimal is not JSON serializable
Successfully uploaded to s3://avosoft-retail-bronze-jds-42/bronze/orders/ingestion_date=2025-09-22/ingestion_time=12:00:02/orders.jsonl
2025-09-23 12:30:14,450 INFO ✅ S3 write ok: orders/ingestion_date=2025-09-22/ingestion_time=12:00:02/orders.jsonl
Successfully uploaded to s3://avosoft-retail-bronze-jds-42/bronze/order_items/ingestion_date=2025-09-22/ingestion_time=12:00:02/order_items.jsonl
2025-09-23 12:30:15,924 INFO ✅ S3 write ok: order_items/ingestion_date=2025-09-22/ingestion_time=12:00:02/order_items.jsonl
Successfully uploaded to s3://avosoft-retail-bronze-jds-42/bronze/payments/ingestion_date=2025-09-22/ingestion_time=12:00:02/payments.jsonl
2025-09-23 12:30:16,305 INFO ✅ S3 write ok: payments/ingestion_date=2025-09-22/ingestion_time=12:00:02/payments.jsonl
Successfully uploaded to s3://avosoft-retail-bronze-jds-42/bronze/events/ingestion_date=2025-09-22/ingestion_time=12:00:02/events.jsonl
2025-09-23 12:30:17,634 INFO ✅ S3 write ok: events/ingestion_date=2025-09-22/ingestion_time=12:00:02/events.jsonl
SUCCESS: Data generation completed
=== [2025-09-23 12:30:17] Completion status: 0 ===

Environment loaded from /home/ubuntu/avosoft_retail/.env
Running data generator for 2025-09-23...
2025-09-23 16:00:11,512 INFO DEBUG SETTINGS -> users=50, orders=750, events=5000
2025-09-23 16:00:12,668 INFO [2025-09-22] Inserted 50 new users ✅
2025-09-23 16:00:29,574 INFO [2025-09-22] Inserted 750 orders ✅
2025-09-23 16:29:55,805 INFO [2025-09-22] Inserted 1510 order_items ✅
2025-09-23 16:29:56,698 INFO [2025-09-22] Inserted 750 payments ✅
2025-09-23 16:30:02,914 INFO Generated | users=50 products=5 orders=750 items=1510 paid=645 events=5701
Successfully uploaded to s3://avosoft-retail-bronze-jds-42/bronze/users/ingestion_date=2025-09-22/ingestion_time=16:00:03/users.jsonl
2025-09-23 16:30:04,702 INFO ✅ S3 write ok: users/ingestion_date=2025-09-22/ingestion_time=16:00:03/users.jsonl
Successfully uploaded to s3://avosoft-retail-bronze-jds-42/bronze/products/ingestion_date=2025-09-22/ingestion_time=16:00:03/products.jsonl
2025-09-23 16:30:05,005 INFO ✅ S3 write ok: products/ingestion_date=2025-09-22/ingestion_time=16:00:03/products.jsonl
Successfully uploaded to s3://avosoft-retail-bronze-jds-42/bronze/distribution_centers/ingestion_date=2025-09-22/ingestion_time=16:00:03/dcs.jsonl
2025-09-23 16:30:05,309 INFO ✅ S3 write ok: distribution_centers/ingestion_date=2025-09-22/ingestion_time=16:00:03/dcs.jsonl
2025-09-23 16:30:05,309 WARNING Failed to write s3 bronze inventory/ingestion_date=2025-09-22/ingestion_time=16:00:03/inventory.jsonl: Object of type Decimal is not JSON serializable
Successfully uploaded to s3://avosoft-retail-bronze-jds-42/bronze/orders/ingestion_date=2025-09-22/ingestion_time=16:00:03/orders.jsonl
2025-09-23 16:30:06,182 INFO ✅ S3 write ok: orders/ingestion_date=2025-09-22/ingestion_time=16:00:03/orders.jsonl
Successfully uploaded to s3://avosoft-retail-bronze-jds-42/bronze/order_items/ingestion_date=2025-09-22/ingestion_time=16:00:03/order_items.jsonl
2025-09-23 16:30:07,058 INFO ✅ S3 write ok: order_items/ingestion_date=2025-09-22/ingestion_time=16:00:03/order_items.jsonl
Successfully uploaded to s3://avosoft-retail-bronze-jds-42/bronze/payments/ingestion_date=2025-09-22/ingestion_time=16:00:03/payments.jsonl
2025-09-23 16:30:07,370 INFO ✅ S3 write ok: payments/ingestion_date=2025-09-22/ingestion_time=16:00:03/payments.jsonl
Successfully uploaded to s3://avosoft-retail-bronze-jds-42/bronze/events/ingestion_date=2025-09-22/ingestion_time=16:00:03/events.jsonl
2025-09-23 16:30:08,425 INFO ✅ S3 write ok: events/ingestion_date=2025-09-22/ingestion_time=16:00:03/events.jsonl
SUCCESS: Data generation completed
=== [2025-09-23 16:30:08] Completion status: 0 ===

Environment loaded from /home/ubuntu/avosoft_retail/.env
Running data generator for 2025-09-23...
2025-09-23 20:00:11,261 INFO DEBUG SETTINGS -> users=50, orders=750, events=5000
2025-09-23 20:00:12,425 INFO [2025-09-22] Inserted 50 new users ✅
2025-09-23 20:00:29,421 INFO [2025-09-22] Inserted 750 orders ✅
2025-09-23 20:30:08,717 INFO [2025-09-22] Inserted 1495 order_items ✅
2025-09-23 20:30:09,677 INFO [2025-09-22] Inserted 750 payments ✅
2025-09-23 20:30:15,835 INFO Generated | users=50 products=5 orders=750 items=1495 paid=638 events=5693
Successfully uploaded to s3://avosoft-retail-bronze-jds-42/bronze/users/ingestion_date=2025-09-22/ingestion_time=20:00:02/users.jsonl
2025-09-23 20:30:17,344 INFO ✅ S3 write ok: users/ingestion_date=2025-09-22/ingestion_time=20:00:02/users.jsonl
Successfully uploaded to s3://avosoft-retail-bronze-jds-42/bronze/products/ingestion_date=2025-09-22/ingestion_time=20:00:02/products.jsonl
2025-09-23 20:30:17,643 INFO ✅ S3 write ok: products/ingestion_date=2025-09-22/ingestion_time=20:00:02/products.jsonl
Successfully uploaded to s3://avosoft-retail-bronze-jds-42/bronze/distribution_centers/ingestion_date=2025-09-22/ingestion_time=20:00:02/dcs.jsonl
2025-09-23 20:30:17,944 INFO ✅ S3 write ok: distribution_centers/ingestion_date=2025-09-22/ingestion_time=20:00:02/dcs.jsonl
2025-09-23 20:30:17,944 WARNING Failed to write s3 bronze inventory/ingestion_date=2025-09-22/ingestion_time=20:00:02/inventory.jsonl: Object of type Decimal is not JSON serializable
Successfully uploaded to s3://avosoft-retail-bronze-jds-42/bronze/orders/ingestion_date=2025-09-22/ingestion_time=20:00:02/orders.jsonl
2025-09-23 20:30:18,851 INFO ✅ S3 write ok: orders/ingestion_date=2025-09-22/ingestion_time=20:00:02/orders.jsonl
Successfully uploaded to s3://avosoft-retail-bronze-jds-42/bronze/order_items/ingestion_date=2025-09-22/ingestion_time=20:00:02/order_items.jsonl
2025-09-23 20:30:19,782 INFO ✅ S3 write ok: order_items/ingestion_date=2025-09-22/ingestion_time=20:00:02/order_items.jsonl
Successfully uploaded to s3://avosoft-retail-bronze-jds-42/bronze/payments/ingestion_date=2025-09-22/ingestion_time=20:00:02/payments.jsonl
2025-09-23 20:30:20,126 INFO ✅ S3 write ok: payments/ingestion_date=2025-09-22/ingestion_time=20:00:02/payments.jsonl
Successfully uploaded to s3://avosoft-retail-bronze-jds-42/bronze/events/ingestion_date=2025-09-22/ingestion_time=20:00:02/events.jsonl
2025-09-23 20:30:21,109 INFO ✅ S3 write ok: events/ingestion_date=2025-09-22/ingestion_time=20:00:02/events.jsonl
SUCCESS: Data generation completed
=== [2025-09-23 20:30:21] Completion status: 0 ===

Environment loaded from /home/ubuntu/avosoft_retail/.env
Running data generator for 2025-09-24...
2025-09-24 00:00:10,813 INFO DEBUG SETTINGS -> users=50, orders=750, events=5000
2025-09-24 00:00:11,980 INFO [2025-09-23] Inserted 50 new users ✅
2025-09-24 00:00:31,384 INFO [2025-09-23] Inserted 750 orders ✅
2025-09-24 00:29:47,146 INFO [2025-09-23] Inserted 1485 order_items ✅
2025-09-24 00:29:48,056 INFO [2025-09-23] Inserted 750 payments ✅
2025-09-24 00:29:54,235 INFO Generated | users=50 products=5 orders=750 items=1485 paid=638 events=5694
Successfully uploaded to s3://avosoft-retail-bronze-jds-42/bronze/users/ingestion_date=2025-09-23/ingestion_time=00:00:02/users.jsonl
2025-09-24 00:29:55,762 INFO ✅ S3 write ok: users/ingestion_date=2025-09-23/ingestion_time=00:00:02/users.jsonl
Successfully uploaded to s3://avosoft-retail-bronze-jds-42/bronze/products/ingestion_date=2025-09-23/ingestion_time=00:00:02/products.jsonl
2025-09-24 00:29:56,065 INFO ✅ S3 write ok: products/ingestion_date=2025-09-23/ingestion_time=00:00:02/products.jsonl
Successfully uploaded to s3://avosoft-retail-bronze-jds-42/bronze/distribution_centers/ingestion_date=2025-09-23/ingestion_time=00:00:02/dcs.jsonl
2025-09-24 00:29:56,367 INFO ✅ S3 write ok: distribution_centers/ingestion_date=2025-09-23/ingestion_time=00:00:02/dcs.jsonl
2025-09-24 00:29:56,367 WARNING Failed to write s3 bronze inventory/ingestion_date=2025-09-23/ingestion_time=00:00:02/inventory.jsonl: Object of type Decimal is not JSON serializable
Successfully uploaded to s3://avosoft-retail-bronze-jds-42/bronze/orders/ingestion_date=2025-09-23/ingestion_time=00:00:02/orders.jsonl
2025-09-24 00:29:57,529 INFO ✅ S3 write ok: orders/ingestion_date=2025-09-23/ingestion_time=00:00:02/orders.jsonl
Successfully uploaded to s3://avosoft-retail-bronze-jds-42/bronze/order_items/ingestion_date=2025-09-23/ingestion_time=00:00:02/order_items.jsonl
2025-09-24 00:29:59,017 INFO ✅ S3 write ok: order_items/ingestion_date=2025-09-23/ingestion_time=00:00:02/order_items.jsonl
Successfully uploaded to s3://avosoft-retail-bronze-jds-42/bronze/payments/ingestion_date=2025-09-23/ingestion_time=00:00:02/payments.jsonl
2025-09-24 00:29:59,374 INFO ✅ S3 write ok: payments/ingestion_date=2025-09-23/ingestion_time=00:00:02/payments.jsonl
Successfully uploaded to s3://avosoft-retail-bronze-jds-42/bronze/events/ingestion_date=2025-09-23/ingestion_time=00:00:02/events.jsonl
2025-09-24 00:30:00,414 INFO ✅ S3 write ok: events/ingestion_date=2025-09-23/ingestion_time=00:00:02/events.jsonl
SUCCESS: Data generation completed
=== [2025-09-24 00:30:00] Completion status: 0 ===

Environment loaded from /home/ubuntu/avosoft_retail/.env
Running data generator for 2025-09-24...
2025-09-24 04:00:11,220 INFO DEBUG SETTINGS -> users=50, orders=750, events=5000
2025-09-24 04:00:12,372 INFO [2025-09-23] Inserted 50 new users ✅
2025-09-24 04:00:31,799 INFO [2025-09-23] Inserted 750 orders ✅
2025-09-24 04:29:09,536 INFO [2025-09-23] Inserted 1467 order_items ✅
2025-09-24 04:29:10,442 INFO [2025-09-23] Inserted 750 payments ✅
2025-09-24 04:29:16,539 INFO Generated | users=50 products=5 orders=750 items=1467 paid=649 events=5703
Successfully uploaded to s3://avosoft-retail-bronze-jds-42/bronze/users/ingestion_date=2025-09-23/ingestion_time=04:00:02/users.jsonl
2025-09-24 04:29:18,076 INFO ✅ S3 write ok: users/ingestion_date=2025-09-23/ingestion_time=04:00:02/users.jsonl
Successfully uploaded to s3://avosoft-retail-bronze-jds-42/bronze/products/ingestion_date=2025-09-23/ingestion_time=04:00:02/products.jsonl
2025-09-24 04:29:18,380 INFO ✅ S3 write ok: products/ingestion_date=2025-09-23/ingestion_time=04:00:02/products.jsonl
Successfully uploaded to s3://avosoft-retail-bronze-jds-42/bronze/distribution_centers/ingestion_date=2025-09-23/ingestion_time=04:00:02/dcs.jsonl
2025-09-24 04:29:18,681 INFO ✅ S3 write ok: distribution_centers/ingestion_date=2025-09-23/ingestion_time=04:00:02/dcs.jsonl
2025-09-24 04:29:18,681 WARNING Failed to write s3 bronze inventory/ingestion_date=2025-09-23/ingestion_time=04:00:02/inventory.jsonl: Object of type Decimal is not JSON serializable
Successfully uploaded to s3://avosoft-retail-bronze-jds-42/bronze/orders/ingestion_date=2025-09-23/ingestion_time=04:00:02/orders.jsonl
2025-09-24 04:29:19,581 INFO ✅ S3 write ok: orders/ingestion_date=2025-09-23/ingestion_time=04:00:02/orders.jsonl
Successfully uploaded to s3://avosoft-retail-bronze-jds-42/bronze/order_items/ingestion_date=2025-09-23/ingestion_time=04:00:02/order_items.jsonl
2025-09-24 04:29:20,506 INFO ✅ S3 write ok: order_items/ingestion_date=2025-09-23/ingestion_time=04:00:02/order_items.jsonl
Successfully uploaded to s3://avosoft-retail-bronze-jds-42/bronze/payments/ingestion_date=2025-09-23/ingestion_time=04:00:02/payments.jsonl
2025-09-24 04:29:20,863 INFO ✅ S3 write ok: payments/ingestion_date=2025-09-23/ingestion_time=04:00:02/payments.jsonl
Successfully uploaded to s3://avosoft-retail-bronze-jds-42/bronze/events/ingestion_date=2025-09-23/ingestion_time=04:00:02/events.jsonl
2025-09-24 04:29:21,858 INFO ✅ S3 write ok: events/ingestion_date=2025-09-23/ingestion_time=04:00:02/events.jsonl
SUCCESS: Data generation completed
=== [2025-09-24 04:29:22] Completion status: 0 ===

Environment loaded from /home/ubuntu/avosoft_retail/.env
Running data generator for 2025-09-24...
2025-09-24 08:00:10,526 INFO DEBUG SETTINGS -> users=50, orders=750, events=5000
2025-09-24 08:00:11,688 INFO [2025-09-23] Inserted 50 new users ✅
2025-09-24 08:00:31,280 INFO [2025-09-23] Inserted 750 orders ✅
2025-09-24 08:30:07,373 INFO [2025-09-23] Inserted 1476 order_items ✅
2025-09-24 08:30:08,310 INFO [2025-09-23] Inserted 750 payments ✅
2025-09-24 08:30:14,447 INFO Generated | users=50 products=5 orders=750 items=1476 paid=641 events=5695
Successfully uploaded to s3://avosoft-retail-bronze-jds-42/bronze/users/ingestion_date=2025-09-23/ingestion_time=08:00:01/users.jsonl
2025-09-24 08:30:15,759 INFO ✅ S3 write ok: users/ingestion_date=2025-09-23/ingestion_time=08:00:01/users.jsonl
Successfully uploaded to s3://avosoft-retail-bronze-jds-42/bronze/products/ingestion_date=2025-09-23/ingestion_time=08:00:01/products.jsonl
2025-09-24 08:30:16,062 INFO ✅ S3 write ok: products/ingestion_date=2025-09-23/ingestion_time=08:00:01/products.jsonl
Successfully uploaded to s3://avosoft-retail-bronze-jds-42/bronze/distribution_centers/ingestion_date=2025-09-23/ingestion_time=08:00:01/dcs.jsonl
2025-09-24 08:30:16,365 INFO ✅ S3 write ok: distribution_centers/ingestion_date=2025-09-23/ingestion_time=08:00:01/dcs.jsonl
2025-09-24 08:30:16,365 WARNING Failed to write s3 bronze inventory/ingestion_date=2025-09-23/ingestion_time=08:00:01/inventory.jsonl: Object of type Decimal is not JSON serializable
Successfully uploaded to s3://avosoft-retail-bronze-jds-42/bronze/orders/ingestion_date=2025-09-23/ingestion_time=08:00:01/orders.jsonl
2025-09-24 08:30:17,255 INFO ✅ S3 write ok: orders/ingestion_date=2025-09-23/ingestion_time=08:00:01/orders.jsonl
Successfully uploaded to s3://avosoft-retail-bronze-jds-42/bronze/order_items/ingestion_date=2025-09-23/ingestion_time=08:00:01/order_items.jsonl
2025-09-24 08:30:18,182 INFO ✅ S3 write ok: order_items/ingestion_date=2025-09-23/ingestion_time=08:00:01/order_items.jsonl
Successfully uploaded to s3://avosoft-retail-bronze-jds-42/bronze/payments/ingestion_date=2025-09-23/ingestion_time=08:00:01/payments.jsonl
2025-09-24 08:30:18,491 INFO ✅ S3 write ok: payments/ingestion_date=2025-09-23/ingestion_time=08:00:01/payments.jsonl
Successfully uploaded to s3://avosoft-retail-bronze-jds-42/bronze/events/ingestion_date=2025-09-23/ingestion_time=08:00:01/events.jsonl
2025-09-24 08:30:19,481 INFO ✅ S3 write ok: events/ingestion_date=2025-09-23/ingestion_time=08:00:01/events.jsonl
SUCCESS: Data generation completed
=== [2025-09-24 08:30:19] Completion status: 0 ===

Environment loaded from /home/ubuntu/avosoft_retail/.env
Running data generator for 2025-09-24...
2025-09-24 12:00:11,226 INFO DEBUG SETTINGS -> users=50, orders=750, events=5000
2025-09-24 12:00:12,359 INFO [2025-09-23] Inserted 50 new users ✅
2025-09-24 12:00:31,510 INFO [2025-09-23] Inserted 750 orders ✅
2025-09-24 12:29:13,314 INFO [2025-09-23] Inserted 1462 order_items ✅
2025-09-24 12:29:14,226 INFO [2025-09-23] Inserted 750 payments ✅
2025-09-24 12:29:20,322 INFO Generated | users=50 products=5 orders=750 items=1462 paid=641 events=5694
Successfully uploaded to s3://avosoft-retail-bronze-jds-42/bronze/users/ingestion_date=2025-09-23/ingestion_time=12:00:02/users.jsonl
2025-09-24 12:29:21,857 INFO ✅ S3 write ok: users/ingestion_date=2025-09-23/ingestion_time=12:00:02/users.jsonl
Successfully uploaded to s3://avosoft-retail-bronze-jds-42/bronze/products/ingestion_date=2025-09-23/ingestion_time=12:00:02/products.jsonl
2025-09-24 12:29:22,160 INFO ✅ S3 write ok: products/ingestion_date=2025-09-23/ingestion_time=12:00:02/products.jsonl
Successfully uploaded to s3://avosoft-retail-bronze-jds-42/bronze/distribution_centers/ingestion_date=2025-09-23/ingestion_time=12:00:02/dcs.jsonl
2025-09-24 12:29:22,464 INFO ✅ S3 write ok: distribution_centers/ingestion_date=2025-09-23/ingestion_time=12:00:02/dcs.jsonl
2025-09-24 12:29:22,464 WARNING Failed to write s3 bronze inventory/ingestion_date=2025-09-23/ingestion_time=12:00:02/inventory.jsonl: Object of type Decimal is not JSON serializable
Successfully uploaded to s3://avosoft-retail-bronze-jds-42/bronze/orders/ingestion_date=2025-09-23/ingestion_time=12:00:02/orders.jsonl
2025-09-24 12:29:23,386 INFO ✅ S3 write ok: orders/ingestion_date=2025-09-23/ingestion_time=12:00:02/orders.jsonl
Successfully uploaded to s3://avosoft-retail-bronze-jds-42/bronze/order_items/ingestion_date=2025-09-23/ingestion_time=12:00:02/order_items.jsonl
2025-09-24 12:29:24,321 INFO ✅ S3 write ok: order_items/ingestion_date=2025-09-23/ingestion_time=12:00:02/order_items.jsonl
Successfully uploaded to s3://avosoft-retail-bronze-jds-42/bronze/payments/ingestion_date=2025-09-23/ingestion_time=12:00:02/payments.jsonl
2025-09-24 12:29:24,691 INFO ✅ S3 write ok: payments/ingestion_date=2025-09-23/ingestion_time=12:00:02/payments.jsonl
Successfully uploaded to s3://avosoft-retail-bronze-jds-42/bronze/events/ingestion_date=2025-09-23/ingestion_time=12:00:02/events.jsonl
2025-09-24 12:29:25,711 INFO ✅ S3 write ok: events/ingestion_date=2025-09-23/ingestion_time=12:00:02/events.jsonl
SUCCESS: Data generation completed
=== [2025-09-24 12:29:25] Completion status: 0 ===

Environment loaded from /home/ubuntu/avosoft_retail/.env
Running data generator for 2025-09-24...
2025-09-24 16:00:11,613 INFO DEBUG SETTINGS -> users=50, orders=750, events=5000
2025-09-24 16:00:12,778 INFO [2025-09-23] Inserted 50 new users ✅
2025-09-24 16:00:34,808 INFO [2025-09-23] Inserted 750 orders ✅
2025-09-24 16:29:39,561 INFO [2025-09-23] Inserted 1447 order_items ✅
2025-09-24 16:29:40,504 INFO [2025-09-23] Inserted 750 payments ✅
2025-09-24 16:29:46,640 INFO Generated | users=50 products=5 orders=750 items=1447 paid=632 events=5684
Successfully uploaded to s3://avosoft-retail-bronze-jds-42/bronze/users/ingestion_date=2025-09-23/ingestion_time=16:00:02/users.jsonl
2025-09-24 16:29:48,465 INFO ✅ S3 write ok: users/ingestion_date=2025-09-23/ingestion_time=16:00:02/users.jsonl
Successfully uploaded to s3://avosoft-retail-bronze-jds-42/bronze/products/ingestion_date=2025-09-23/ingestion_time=16:00:02/products.jsonl
2025-09-24 16:29:48,768 INFO ✅ S3 write ok: products/ingestion_date=2025-09-23/ingestion_time=16:00:02/products.jsonl
Successfully uploaded to s3://avosoft-retail-bronze-jds-42/bronze/distribution_centers/ingestion_date=2025-09-23/ingestion_time=16:00:02/dcs.jsonl
2025-09-24 16:29:49,075 INFO ✅ S3 write ok: distribution_centers/ingestion_date=2025-09-23/ingestion_time=16:00:02/dcs.jsonl
2025-09-24 16:29:49,075 WARNING Failed to write s3 bronze inventory/ingestion_date=2025-09-23/ingestion_time=16:00:02/inventory.jsonl: Object of type Decimal is not JSON serializable
Successfully uploaded to s3://avosoft-retail-bronze-jds-42/bronze/orders/ingestion_date=2025-09-23/ingestion_time=16:00:02/orders.jsonl
2025-09-24 16:29:49,966 INFO ✅ S3 write ok: orders/ingestion_date=2025-09-23/ingestion_time=16:00:02/orders.jsonl
Successfully uploaded to s3://avosoft-retail-bronze-jds-42/bronze/order_items/ingestion_date=2025-09-23/ingestion_time=16:00:02/order_items.jsonl
2025-09-24 16:29:50,887 INFO ✅ S3 write ok: order_items/ingestion_date=2025-09-23/ingestion_time=16:00:02/order_items.jsonl
Successfully uploaded to s3://avosoft-retail-bronze-jds-42/bronze/payments/ingestion_date=2025-09-23/ingestion_time=16:00:02/payments.jsonl
2025-09-24 16:29:51,221 INFO ✅ S3 write ok: payments/ingestion_date=2025-09-23/ingestion_time=16:00:02/payments.jsonl
Successfully uploaded to s3://avosoft-retail-bronze-jds-42/bronze/events/ingestion_date=2025-09-23/ingestion_time=16:00:02/events.jsonl
2025-09-24 16:29:52,221 INFO ✅ S3 write ok: events/ingestion_date=2025-09-23/ingestion_time=16:00:02/events.jsonl
SUCCESS: Data generation completed
=== [2025-09-24 16:29:52] Completion status: 0 ===

Environment loaded from /home/ubuntu/avosoft_retail/.env
Running data generator for 2025-09-24...
2025-09-24 20:00:11,117 INFO DEBUG SETTINGS -> users=50, orders=750, events=5000
2025-09-24 20:00:12,264 INFO [2025-09-23] Inserted 50 new users ✅
2025-09-24 20:00:29,215 INFO [2025-09-23] Inserted 750 orders ✅
2025-09-24 20:29:17,099 INFO [2025-09-23] Inserted 1437 order_items ✅
2025-09-24 20:29:18,027 INFO [2025-09-23] Inserted 750 payments ✅
2025-09-24 20:29:24,116 INFO Generated | users=50 products=5 orders=750 items=1437 paid=639 events=5691
Successfully uploaded to s3://avosoft-retail-bronze-jds-42/bronze/users/ingestion_date=2025-09-23/ingestion_time=20:00:02/users.jsonl
2025-09-24 20:29:25,652 INFO ✅ S3 write ok: users/ingestion_date=2025-09-23/ingestion_time=20:00:02/users.jsonl
Successfully uploaded to s3://avosoft-retail-bronze-jds-42/bronze/products/ingestion_date=2025-09-23/ingestion_time=20:00:02/products.jsonl
2025-09-24 20:29:25,956 INFO ✅ S3 write ok: products/ingestion_date=2025-09-23/ingestion_time=20:00:02/products.jsonl
Successfully uploaded to s3://avosoft-retail-bronze-jds-42/bronze/distribution_centers/ingestion_date=2025-09-23/ingestion_time=20:00:02/dcs.jsonl
2025-09-24 20:29:26,255 INFO ✅ S3 write ok: distribution_centers/ingestion_date=2025-09-23/ingestion_time=20:00:02/dcs.jsonl
2025-09-24 20:29:26,255 WARNING Failed to write s3 bronze inventory/ingestion_date=2025-09-23/ingestion_time=20:00:02/inventory.jsonl: Object of type Decimal is not JSON serializable
Successfully uploaded to s3://avosoft-retail-bronze-jds-42/bronze/orders/ingestion_date=2025-09-23/ingestion_time=20:00:02/orders.jsonl
2025-09-24 20:29:27,401 INFO ✅ S3 write ok: orders/ingestion_date=2025-09-23/ingestion_time=20:00:02/orders.jsonl
Successfully uploaded to s3://avosoft-retail-bronze-jds-42/bronze/order_items/ingestion_date=2025-09-23/ingestion_time=20:00:02/order_items.jsonl
2025-09-24 20:29:28,859 INFO ✅ S3 write ok: order_items/ingestion_date=2025-09-23/ingestion_time=20:00:02/order_items.jsonl
Successfully uploaded to s3://avosoft-retail-bronze-jds-42/bronze/payments/ingestion_date=2025-09-23/ingestion_time=20:00:02/payments.jsonl
2025-09-24 20:29:29,190 INFO ✅ S3 write ok: payments/ingestion_date=2025-09-23/ingestion_time=20:00:02/payments.jsonl
Successfully uploaded to s3://avosoft-retail-bronze-jds-42/bronze/events/ingestion_date=2025-09-23/ingestion_time=20:00:02/events.jsonl
2025-09-24 20:29:30,223 INFO ✅ S3 write ok: events/ingestion_date=2025-09-23/ingestion_time=20:00:02/events.jsonl
SUCCESS: Data generation completed
=== [2025-09-24 20:29:30] Completion status: 0 ===

Environment loaded from /home/ubuntu/avosoft_retail/.env
Running data generator for 2025-09-25...
2025-09-25 00:00:11,831 INFO DEBUG SETTINGS -> users=50, orders=750, events=5000
2025-09-25 00:00:12,983 INFO [2025-09-24] Inserted 50 new users ✅
2025-09-25 00:00:28,241 INFO [2025-09-24] Inserted 750 orders ✅
2025-09-25 00:29:06,312 INFO [2025-09-24] Inserted 1426 order_items ✅
2025-09-25 00:29:07,223 INFO [2025-09-24] Inserted 750 payments ✅
2025-09-25 00:29:13,306 INFO Generated | users=50 products=5 orders=750 items=1426 paid=640 events=5694
Successfully uploaded to s3://avosoft-retail-bronze-jds-42/bronze/users/ingestion_date=2025-09-24/ingestion_time=00:00:02/users.jsonl
2025-09-25 00:29:14,798 INFO ✅ S3 write ok: users/ingestion_date=2025-09-24/ingestion_time=00:00:02/users.jsonl
Successfully uploaded to s3://avosoft-retail-bronze-jds-42/bronze/products/ingestion_date=2025-09-24/ingestion_time=00:00:02/products.jsonl
2025-09-25 00:29:15,103 INFO ✅ S3 write ok: products/ingestion_date=2025-09-24/ingestion_time=00:00:02/products.jsonl
Successfully uploaded to s3://avosoft-retail-bronze-jds-42/bronze/distribution_centers/ingestion_date=2025-09-24/ingestion_time=00:00:02/dcs.jsonl
2025-09-25 00:29:15,410 INFO ✅ S3 write ok: distribution_centers/ingestion_date=2025-09-24/ingestion_time=00:00:02/dcs.jsonl
2025-09-25 00:29:15,410 WARNING Failed to write s3 bronze inventory/ingestion_date=2025-09-24/ingestion_time=00:00:02/inventory.jsonl: Object of type Decimal is not JSON serializable
Successfully uploaded to s3://avosoft-retail-bronze-jds-42/bronze/orders/ingestion_date=2025-09-24/ingestion_time=00:00:02/orders.jsonl
2025-09-25 00:29:16,541 INFO ✅ S3 write ok: orders/ingestion_date=2025-09-24/ingestion_time=00:00:02/orders.jsonl
Successfully uploaded to s3://avosoft-retail-bronze-jds-42/bronze/order_items/ingestion_date=2025-09-24/ingestion_time=00:00:02/order_items.jsonl
2025-09-25 00:29:18,019 INFO ✅ S3 write ok: order_items/ingestion_date=2025-09-24/ingestion_time=00:00:02/order_items.jsonl
Successfully uploaded to s3://avosoft-retail-bronze-jds-42/bronze/payments/ingestion_date=2025-09-24/ingestion_time=00:00:02/payments.jsonl
2025-09-25 00:29:18,354 INFO ✅ S3 write ok: payments/ingestion_date=2025-09-24/ingestion_time=00:00:02/payments.jsonl
Successfully uploaded to s3://avosoft-retail-bronze-jds-42/bronze/events/ingestion_date=2025-09-24/ingestion_time=00:00:02/events.jsonl
2025-09-25 00:29:19,358 INFO ✅ S3 write ok: events/ingestion_date=2025-09-24/ingestion_time=00:00:02/events.jsonl
SUCCESS: Data generation completed
=== [2025-09-25 00:29:19] Completion status: 0 ===

Environment loaded from /home/ubuntu/avosoft_retail/.env
Running data generator for 2025-09-25...
2025-09-25 04:00:11,336 INFO DEBUG SETTINGS -> users=50, orders=750, events=5000
2025-09-25 04:00:12,466 INFO [2025-09-24] Inserted 50 new users ✅
2025-09-25 04:00:32,447 INFO [2025-09-24] Inserted 750 orders ✅
2025-09-25 04:28:34,657 INFO [2025-09-24] Inserted 1414 order_items ✅
2025-09-25 04:28:35,559 INFO [2025-09-24] Inserted 750 payments ✅
2025-09-25 04:28:41,547 INFO Generated | users=50 products=5 orders=750 items=1414 paid=637 events=5690
Successfully uploaded to s3://avosoft-retail-bronze-jds-42/bronze/users/ingestion_date=2025-09-24/ingestion_time=04:00:02/users.jsonl
2025-09-25 04:28:42,863 INFO ✅ S3 write ok: users/ingestion_date=2025-09-24/ingestion_time=04:00:02/users.jsonl
Successfully uploaded to s3://avosoft-retail-bronze-jds-42/bronze/products/ingestion_date=2025-09-24/ingestion_time=04:00:02/products.jsonl
2025-09-25 04:28:43,158 INFO ✅ S3 write ok: products/ingestion_date=2025-09-24/ingestion_time=04:00:02/products.jsonl
Successfully uploaded to s3://avosoft-retail-bronze-jds-42/bronze/distribution_centers/ingestion_date=2025-09-24/ingestion_time=04:00:02/dcs.jsonl
2025-09-25 04:28:43,456 INFO ✅ S3 write ok: distribution_centers/ingestion_date=2025-09-24/ingestion_time=04:00:02/dcs.jsonl
2025-09-25 04:28:43,456 WARNING Failed to write s3 bronze inventory/ingestion_date=2025-09-24/ingestion_time=04:00:02/inventory.jsonl: Object of type Decimal is not JSON serializable
Successfully uploaded to s3://avosoft-retail-bronze-jds-42/bronze/orders/ingestion_date=2025-09-24/ingestion_time=04:00:02/orders.jsonl
2025-09-25 04:28:44,581 INFO ✅ S3 write ok: orders/ingestion_date=2025-09-24/ingestion_time=04:00:02/orders.jsonl
Successfully uploaded to s3://avosoft-retail-bronze-jds-42/bronze/order_items/ingestion_date=2025-09-24/ingestion_time=04:00:02/order_items.jsonl
2025-09-25 04:28:45,481 INFO ✅ S3 write ok: order_items/ingestion_date=2025-09-24/ingestion_time=04:00:02/order_items.jsonl
Successfully uploaded to s3://avosoft-retail-bronze-jds-42/bronze/payments/ingestion_date=2025-09-24/ingestion_time=04:00:02/payments.jsonl
2025-09-25 04:28:45,803 INFO ✅ S3 write ok: payments/ingestion_date=2025-09-24/ingestion_time=04:00:02/payments.jsonl
Successfully uploaded to s3://avosoft-retail-bronze-jds-42/bronze/events/ingestion_date=2025-09-24/ingestion_time=04:00:02/events.jsonl
2025-09-25 04:28:46,833 INFO ✅ S3 write ok: events/ingestion_date=2025-09-24/ingestion_time=04:00:02/events.jsonl
SUCCESS: Data generation completed
=== [2025-09-25 04:28:47] Completion status: 0 ===

Environment loaded from /home/ubuntu/avosoft_retail/.env
Running data generator for 2025-09-25...
2025-09-25 08:00:10,052 INFO DEBUG SETTINGS -> users=50, orders=750, events=5000
2025-09-25 08:00:11,204 INFO [2025-09-24] Inserted 50 new users ✅
2025-09-25 08:00:23,088 INFO [2025-09-24] Inserted 750 orders ✅
2025-09-25 08:28:38,163 INFO [2025-09-24] Inserted 1397 order_items ✅
2025-09-25 08:28:39,078 INFO [2025-09-24] Inserted 750 payments ✅
2025-09-25 08:28:45,333 INFO Generated | users=50 products=5 orders=750 items=1397 paid=633 events=5684
Successfully uploaded to s3://avosoft-retail-bronze-jds-42/bronze/users/ingestion_date=2025-09-24/ingestion_time=08:00:01/users.jsonl
2025-09-25 08:28:46,547 INFO ✅ S3 write ok: users/ingestion_date=2025-09-24/ingestion_time=08:00:01/users.jsonl
Successfully uploaded to s3://avosoft-retail-bronze-jds-42/bronze/products/ingestion_date=2025-09-24/ingestion_time=08:00:01/products.jsonl
2025-09-25 08:28:46,846 INFO ✅ S3 write ok: products/ingestion_date=2025-09-24/ingestion_time=08:00:01/products.jsonl
Successfully uploaded to s3://avosoft-retail-bronze-jds-42/bronze/distribution_centers/ingestion_date=2025-09-24/ingestion_time=08:00:01/dcs.jsonl
2025-09-25 08:28:47,145 INFO ✅ S3 write ok: distribution_centers/ingestion_date=2025-09-24/ingestion_time=08:00:01/dcs.jsonl
2025-09-25 08:28:47,145 WARNING Failed to write s3 bronze inventory/ingestion_date=2025-09-24/ingestion_time=08:00:01/inventory.jsonl: Object of type Decimal is not JSON serializable
Successfully uploaded to s3://avosoft-retail-bronze-jds-42/bronze/orders/ingestion_date=2025-09-24/ingestion_time=08:00:01/orders.jsonl
2025-09-25 08:28:48,045 INFO ✅ S3 write ok: orders/ingestion_date=2025-09-24/ingestion_time=08:00:01/orders.jsonl
Successfully uploaded to s3://avosoft-retail-bronze-jds-42/bronze/order_items/ingestion_date=2025-09-24/ingestion_time=08:00:01/order_items.jsonl
2025-09-25 08:28:48,933 INFO ✅ S3 write ok: order_items/ingestion_date=2025-09-24/ingestion_time=08:00:01/order_items.jsonl
Successfully uploaded to s3://avosoft-retail-bronze-jds-42/bronze/payments/ingestion_date=2025-09-24/ingestion_time=08:00:01/payments.jsonl
2025-09-25 08:28:49,262 INFO ✅ S3 write ok: payments/ingestion_date=2025-09-24/ingestion_time=08:00:01/payments.jsonl
Successfully uploaded to s3://avosoft-retail-bronze-jds-42/bronze/events/ingestion_date=2025-09-24/ingestion_time=08:00:01/events.jsonl
2025-09-25 08:28:50,251 INFO ✅ S3 write ok: events/ingestion_date=2025-09-24/ingestion_time=08:00:01/events.jsonl
SUCCESS: Data generation completed
=== [2025-09-25 08:28:50] Completion status: 0 ===

Environment loaded from /home/ubuntu/avosoft_retail/.env
Running data generator for 2025-09-25...
2025-09-25 12:00:10,816 INFO DEBUG SETTINGS -> users=50, orders=750, events=5000
2025-09-25 12:00:12,014 INFO [2025-09-24] Inserted 50 new users ✅
2025-09-25 12:00:27,338 INFO [2025-09-24] Inserted 750 orders ✅
2025-09-25 12:28:45,975 INFO [2025-09-24] Inserted 1390 order_items ✅
2025-09-25 12:28:46,895 INFO [2025-09-24] Inserted 750 payments ✅
2025-09-25 12:28:53,023 INFO Generated | users=50 products=5 orders=750 items=1390 paid=635 events=5686
Successfully uploaded to s3://avosoft-retail-bronze-jds-42/bronze/users/ingestion_date=2025-09-24/ingestion_time=12:00:02/users.jsonl
2025-09-25 12:28:54,256 INFO ✅ S3 write ok: users/ingestion_date=2025-09-24/ingestion_time=12:00:02/users.jsonl
Successfully uploaded to s3://avosoft-retail-bronze-jds-42/bronze/products/ingestion_date=2025-09-24/ingestion_time=12:00:02/products.jsonl
2025-09-25 12:28:54,552 INFO ✅ S3 write ok: products/ingestion_date=2025-09-24/ingestion_time=12:00:02/products.jsonl
Successfully uploaded to s3://avosoft-retail-bronze-jds-42/bronze/distribution_centers/ingestion_date=2025-09-24/ingestion_time=12:00:02/dcs.jsonl
2025-09-25 12:28:54,851 INFO ✅ S3 write ok: distribution_centers/ingestion_date=2025-09-24/ingestion_time=12:00:02/dcs.jsonl
2025-09-25 12:28:54,852 WARNING Failed to write s3 bronze inventory/ingestion_date=2025-09-24/ingestion_time=12:00:02/inventory.jsonl: Object of type Decimal is not JSON serializable
Successfully uploaded to s3://avosoft-retail-bronze-jds-42/bronze/orders/ingestion_date=2025-09-24/ingestion_time=12:00:02/orders.jsonl
2025-09-25 12:28:55,741 INFO ✅ S3 write ok: orders/ingestion_date=2025-09-24/ingestion_time=12:00:02/orders.jsonl
Successfully uploaded to s3://avosoft-retail-bronze-jds-42/bronze/order_items/ingestion_date=2025-09-24/ingestion_time=12:00:02/order_items.jsonl
2025-09-25 12:28:56,603 INFO ✅ S3 write ok: order_items/ingestion_date=2025-09-24/ingestion_time=12:00:02/order_items.jsonl
Successfully uploaded to s3://avosoft-retail-bronze-jds-42/bronze/payments/ingestion_date=2025-09-24/ingestion_time=12:00:02/payments.jsonl
2025-09-25 12:28:56,954 INFO ✅ S3 write ok: payments/ingestion_date=2025-09-24/ingestion_time=12:00:02/payments.jsonl
Successfully uploaded to s3://avosoft-retail-bronze-jds-42/bronze/events/ingestion_date=2025-09-24/ingestion_time=12:00:02/events.jsonl
2025-09-25 12:28:57,952 INFO ✅ S3 write ok: events/ingestion_date=2025-09-24/ingestion_time=12:00:02/events.jsonl
SUCCESS: Data generation completed
=== [2025-09-25 12:28:58] Completion status: 0 ===

Environment loaded from /home/ubuntu/avosoft_retail/.env
Running data generator for 2025-09-25...
2025-09-25 16:00:10,611 INFO DEBUG SETTINGS -> users=50, orders=750, events=5000
2025-09-25 16:00:11,763 INFO [2025-09-24] Inserted 50 new users ✅
2025-09-25 16:00:29,607 INFO [2025-09-24] Inserted 750 orders ✅
2025-09-25 16:28:32,379 INFO [2025-09-24] Inserted 1377 order_items ✅
2025-09-25 16:28:33,298 INFO [2025-09-24] Inserted 750 payments ✅
2025-09-25 16:28:39,502 INFO Generated | users=50 products=5 orders=750 items=1377 paid=619 events=5666
Successfully uploaded to s3://avosoft-retail-bronze-jds-42/bronze/users/ingestion_date=2025-09-24/ingestion_time=16:00:01/users.jsonl
2025-09-25 16:28:41,012 INFO ✅ S3 write ok: users/ingestion_date=2025-09-24/ingestion_time=16:00:01/users.jsonl
Successfully uploaded to s3://avosoft-retail-bronze-jds-42/bronze/products/ingestion_date=2025-09-24/ingestion_time=16:00:01/products.jsonl
2025-09-25 16:28:41,317 INFO ✅ S3 write ok: products/ingestion_date=2025-09-24/ingestion_time=16:00:01/products.jsonl
Successfully uploaded to s3://avosoft-retail-bronze-jds-42/bronze/distribution_centers/ingestion_date=2025-09-24/ingestion_time=16:00:01/dcs.jsonl
2025-09-25 16:28:41,622 INFO ✅ S3 write ok: distribution_centers/ingestion_date=2025-09-24/ingestion_time=16:00:01/dcs.jsonl
2025-09-25 16:28:41,622 WARNING Failed to write s3 bronze inventory/ingestion_date=2025-09-24/ingestion_time=16:00:01/inventory.jsonl: Object of type Decimal is not JSON serializable
Successfully uploaded to s3://avosoft-retail-bronze-jds-42/bronze/orders/ingestion_date=2025-09-24/ingestion_time=16:00:01/orders.jsonl
2025-09-25 16:28:42,532 INFO ✅ S3 write ok: orders/ingestion_date=2025-09-24/ingestion_time=16:00:01/orders.jsonl
Successfully uploaded to s3://avosoft-retail-bronze-jds-42/bronze/order_items/ingestion_date=2025-09-24/ingestion_time=16:00:01/order_items.jsonl
2025-09-25 16:28:43,413 INFO ✅ S3 write ok: order_items/ingestion_date=2025-09-24/ingestion_time=16:00:01/order_items.jsonl
Successfully uploaded to s3://avosoft-retail-bronze-jds-42/bronze/payments/ingestion_date=2025-09-24/ingestion_time=16:00:01/payments.jsonl
2025-09-25 16:28:43,730 INFO ✅ S3 write ok: payments/ingestion_date=2025-09-24/ingestion_time=16:00:01/payments.jsonl
Successfully uploaded to s3://avosoft-retail-bronze-jds-42/bronze/events/ingestion_date=2025-09-24/ingestion_time=16:00:01/events.jsonl
2025-09-25 16:28:44,780 INFO ✅ S3 write ok: events/ingestion_date=2025-09-24/ingestion_time=16:00:01/events.jsonl
SUCCESS: Data generation completed
=== [2025-09-25 16:28:44] Completion status: 0 ===

Environment loaded from /home/ubuntu/avosoft_retail/.env
Running data generator for 2025-09-25...
2025-09-25 20:00:10,410 INFO DEBUG SETTINGS -> users=50, orders=750, events=5000
2025-09-25 20:00:11,573 INFO [2025-09-24] Inserted 50 new users ✅
2025-09-25 20:00:25,973 INFO [2025-09-24] Inserted 750 orders ✅
2025-09-25 20:28:16,630 INFO [2025-09-24] Inserted 1365 order_items ✅
2025-09-25 20:28:17,549 INFO [2025-09-24] Inserted 750 payments ✅
2025-09-25 20:28:23,617 INFO Generated | users=50 products=5 orders=750 items=1365 paid=615 events=5662
Successfully uploaded to s3://avosoft-retail-bronze-jds-42/bronze/users/ingestion_date=2025-09-24/ingestion_time=20:00:01/users.jsonl
2025-09-25 20:28:25,160 INFO ✅ S3 write ok: users/ingestion_date=2025-09-24/ingestion_time=20:00:01/users.jsonl
Successfully uploaded to s3://avosoft-retail-bronze-jds-42/bronze/products/ingestion_date=2025-09-24/ingestion_time=20:00:01/products.jsonl
2025-09-25 20:28:25,465 INFO ✅ S3 write ok: products/ingestion_date=2025-09-24/ingestion_time=20:00:01/products.jsonl
Successfully uploaded to s3://avosoft-retail-bronze-jds-42/bronze/distribution_centers/ingestion_date=2025-09-24/ingestion_time=20:00:01/dcs.jsonl
2025-09-25 20:28:25,772 INFO ✅ S3 write ok: distribution_centers/ingestion_date=2025-09-24/ingestion_time=20:00:01/dcs.jsonl
2025-09-25 20:28:25,772 WARNING Failed to write s3 bronze inventory/ingestion_date=2025-09-24/ingestion_time=20:00:01/inventory.jsonl: Object of type Decimal is not JSON serializable
Successfully uploaded to s3://avosoft-retail-bronze-jds-42/bronze/orders/ingestion_date=2025-09-24/ingestion_time=20:00:01/orders.jsonl
2025-09-25 20:28:26,680 INFO ✅ S3 write ok: orders/ingestion_date=2025-09-24/ingestion_time=20:00:01/orders.jsonl
Successfully uploaded to s3://avosoft-retail-bronze-jds-42/bronze/order_items/ingestion_date=2025-09-24/ingestion_time=20:00:01/order_items.jsonl
2025-09-25 20:28:27,572 INFO ✅ S3 write ok: order_items/ingestion_date=2025-09-24/ingestion_time=20:00:01/order_items.jsonl
Successfully uploaded to s3://avosoft-retail-bronze-jds-42/bronze/payments/ingestion_date=2025-09-24/ingestion_time=20:00:01/payments.jsonl
2025-09-25 20:28:27,922 INFO ✅ S3 write ok: payments/ingestion_date=2025-09-24/ingestion_time=20:00:01/payments.jsonl
Successfully uploaded to s3://avosoft-retail-bronze-jds-42/bronze/events/ingestion_date=2025-09-24/ingestion_time=20:00:01/events.jsonl
2025-09-25 20:28:28,964 INFO ✅ S3 write ok: events/ingestion_date=2025-09-24/ingestion_time=20:00:01/events.jsonl
SUCCESS: Data generation completed
=== [2025-09-25 20:28:29] Completion status: 0 ===

Environment loaded from /home/ubuntu/avosoft_retail/.env
Running data generator for 2025-09-26...
2025-09-26 00:00:11,215 INFO DEBUG SETTINGS -> users=50, orders=750, events=5000
2025-09-26 00:00:12,363 INFO [2025-09-25] Inserted 50 new users ✅
2025-09-26 00:00:28,453 INFO [2025-09-25] Inserted 750 orders ✅
2025-09-26 00:28:03,332 INFO [2025-09-25] Inserted 1352 order_items ✅
2025-09-26 00:28:04,269 INFO [2025-09-25] Inserted 750 payments ✅
2025-09-26 00:28:10,333 INFO Generated | users=50 products=5 orders=750 items=1352 paid=622 events=5669
Successfully uploaded to s3://avosoft-retail-bronze-jds-42/bronze/users/ingestion_date=2025-09-25/ingestion_time=00:00:02/users.jsonl
2025-09-26 00:28:11,866 INFO ✅ S3 write ok: users/ingestion_date=2025-09-25/ingestion_time=00:00:02/users.jsonl
Successfully uploaded to s3://avosoft-retail-bronze-jds-42/bronze/products/ingestion_date=2025-09-25/ingestion_time=00:00:02/products.jsonl
2025-09-26 00:28:12,171 INFO ✅ S3 write ok: products/ingestion_date=2025-09-25/ingestion_time=00:00:02/products.jsonl
Successfully uploaded to s3://avosoft-retail-bronze-jds-42/bronze/distribution_centers/ingestion_date=2025-09-25/ingestion_time=00:00:02/dcs.jsonl
2025-09-26 00:28:12,474 INFO ✅ S3 write ok: distribution_centers/ingestion_date=2025-09-25/ingestion_time=00:00:02/dcs.jsonl
2025-09-26 00:28:12,475 WARNING Failed to write s3 bronze inventory/ingestion_date=2025-09-25/ingestion_time=00:00:02/inventory.jsonl: Object of type Decimal is not JSON serializable
Successfully uploaded to s3://avosoft-retail-bronze-jds-42/bronze/orders/ingestion_date=2025-09-25/ingestion_time=00:00:02/orders.jsonl
2025-09-26 00:28:13,625 INFO ✅ S3 write ok: orders/ingestion_date=2025-09-25/ingestion_time=00:00:02/orders.jsonl
Successfully uploaded to s3://avosoft-retail-bronze-jds-42/bronze/order_items/ingestion_date=2025-09-25/ingestion_time=00:00:02/order_items.jsonl
2025-09-26 00:28:14,543 INFO ✅ S3 write ok: order_items/ingestion_date=2025-09-25/ingestion_time=00:00:02/order_items.jsonl
Successfully uploaded to s3://avosoft-retail-bronze-jds-42/bronze/payments/ingestion_date=2025-09-25/ingestion_time=00:00:02/payments.jsonl
2025-09-26 00:28:14,914 INFO ✅ S3 write ok: payments/ingestion_date=2025-09-25/ingestion_time=00:00:02/payments.jsonl
Successfully uploaded to s3://avosoft-retail-bronze-jds-42/bronze/events/ingestion_date=2025-09-25/ingestion_time=00:00:02/events.jsonl
2025-09-26 00:28:15,966 INFO ✅ S3 write ok: events/ingestion_date=2025-09-25/ingestion_time=00:00:02/events.jsonl
SUCCESS: Data generation completed
=== [2025-09-26 00:28:16] Completion status: 0 ===

Environment loaded from /home/ubuntu/avosoft_retail/.env
Running data generator for 2025-09-26...
2025-09-26 04:00:10,207 INFO DEBUG SETTINGS -> users=50, orders=750, events=5000
2025-09-26 04:00:11,483 INFO [2025-09-25] Inserted 50 new users ✅
2025-09-26 04:00:29,271 INFO [2025-09-25] Inserted 750 orders ✅
2025-09-26 04:28:14,820 INFO [2025-09-25] Inserted 1350 order_items ✅
2025-09-26 04:28:15,744 INFO [2025-09-25] Inserted 750 payments ✅
2025-09-26 04:28:21,747 INFO Generated | users=50 products=5 orders=750 items=1350 paid=619 events=5667
Successfully uploaded to s3://avosoft-retail-bronze-jds-42/bronze/users/ingestion_date=2025-09-25/ingestion_time=04:00:01/users.jsonl
2025-09-26 04:28:23,576 INFO ✅ S3 write ok: users/ingestion_date=2025-09-25/ingestion_time=04:00:01/users.jsonl
Successfully uploaded to s3://avosoft-retail-bronze-jds-42/bronze/products/ingestion_date=2025-09-25/ingestion_time=04:00:01/products.jsonl
2025-09-26 04:28:23,882 INFO ✅ S3 write ok: products/ingestion_date=2025-09-25/ingestion_time=04:00:01/products.jsonl
Successfully uploaded to s3://avosoft-retail-bronze-jds-42/bronze/distribution_centers/ingestion_date=2025-09-25/ingestion_time=04:00:01/dcs.jsonl
2025-09-26 04:28:24,183 INFO ✅ S3 write ok: distribution_centers/ingestion_date=2025-09-25/ingestion_time=04:00:01/dcs.jsonl
2025-09-26 04:28:24,183 WARNING Failed to write s3 bronze inventory/ingestion_date=2025-09-25/ingestion_time=04:00:01/inventory.jsonl: Object of type Decimal is not JSON serializable
Successfully uploaded to s3://avosoft-retail-bronze-jds-42/bronze/orders/ingestion_date=2025-09-25/ingestion_time=04:00:01/orders.jsonl
2025-09-26 04:28:25,361 INFO ✅ S3 write ok: orders/ingestion_date=2025-09-25/ingestion_time=04:00:01/orders.jsonl
Successfully uploaded to s3://avosoft-retail-bronze-jds-42/bronze/order_items/ingestion_date=2025-09-25/ingestion_time=04:00:01/order_items.jsonl
2025-09-26 04:28:26,504 INFO ✅ S3 write ok: order_items/ingestion_date=2025-09-25/ingestion_time=04:00:01/order_items.jsonl
Successfully uploaded to s3://avosoft-retail-bronze-jds-42/bronze/payments/ingestion_date=2025-09-25/ingestion_time=04:00:01/payments.jsonl
2025-09-26 04:28:26,817 INFO ✅ S3 write ok: payments/ingestion_date=2025-09-25/ingestion_time=04:00:01/payments.jsonl
Successfully uploaded to s3://avosoft-retail-bronze-jds-42/bronze/events/ingestion_date=2025-09-25/ingestion_time=04:00:01/events.jsonl
2025-09-26 04:28:27,791 INFO ✅ S3 write ok: events/ingestion_date=2025-09-25/ingestion_time=04:00:01/events.jsonl
SUCCESS: Data generation completed
=== [2025-09-26 04:28:27] Completion status: 0 ===

Environment loaded from /home/ubuntu/avosoft_retail/.env
Running data generator for 2025-09-26...
2025-09-26 08:00:10,834 INFO DEBUG SETTINGS -> users=50, orders=750, events=5000
2025-09-26 08:00:11,998 INFO [2025-09-25] Inserted 50 new users ✅
2025-09-26 08:00:34,915 INFO [2025-09-25] Inserted 750 orders ✅
2025-09-26 08:28:23,140 INFO [2025-09-25] Inserted 1347 order_items ✅
2025-09-26 08:28:24,068 INFO [2025-09-25] Inserted 750 payments ✅
2025-09-26 08:28:30,213 INFO Generated | users=50 products=5 orders=750 items=1347 paid=622 events=5671
Successfully uploaded to s3://avosoft-retail-bronze-jds-42/bronze/users/ingestion_date=2025-09-25/ingestion_time=08:00:01/users.jsonl
2025-09-26 08:28:31,762 INFO ✅ S3 write ok: users/ingestion_date=2025-09-25/ingestion_time=08:00:01/users.jsonl
Successfully uploaded to s3://avosoft-retail-bronze-jds-42/bronze/products/ingestion_date=2025-09-25/ingestion_time=08:00:01/products.jsonl
2025-09-26 08:28:32,067 INFO ✅ S3 write ok: products/ingestion_date=2025-09-25/ingestion_time=08:00:01/products.jsonl
Successfully uploaded to s3://avosoft-retail-bronze-jds-42/bronze/distribution_centers/ingestion_date=2025-09-25/ingestion_time=08:00:01/dcs.jsonl
2025-09-26 08:28:32,366 INFO ✅ S3 write ok: distribution_centers/ingestion_date=2025-09-25/ingestion_time=08:00:01/dcs.jsonl
2025-09-26 08:28:32,366 WARNING Failed to write s3 bronze inventory/ingestion_date=2025-09-25/ingestion_time=08:00:01/inventory.jsonl: Object of type Decimal is not JSON serializable
Successfully uploaded to s3://avosoft-retail-bronze-jds-42/bronze/orders/ingestion_date=2025-09-25/ingestion_time=08:00:01/orders.jsonl
2025-09-26 08:28:33,231 INFO ✅ S3 write ok: orders/ingestion_date=2025-09-25/ingestion_time=08:00:01/orders.jsonl
Successfully uploaded to s3://avosoft-retail-bronze-jds-42/bronze/order_items/ingestion_date=2025-09-25/ingestion_time=08:00:01/order_items.jsonl
2025-09-26 08:28:34,139 INFO ✅ S3 write ok: order_items/ingestion_date=2025-09-25/ingestion_time=08:00:01/order_items.jsonl
Successfully uploaded to s3://avosoft-retail-bronze-jds-42/bronze/payments/ingestion_date=2025-09-25/ingestion_time=08:00:01/payments.jsonl
2025-09-26 08:28:34,513 INFO ✅ S3 write ok: payments/ingestion_date=2025-09-25/ingestion_time=08:00:01/payments.jsonl
Successfully uploaded to s3://avosoft-retail-bronze-jds-42/bronze/events/ingestion_date=2025-09-25/ingestion_time=08:00:01/events.jsonl
2025-09-26 08:28:35,533 INFO ✅ S3 write ok: events/ingestion_date=2025-09-25/ingestion_time=08:00:01/events.jsonl
SUCCESS: Data generation completed
=== [2025-09-26 08:28:35] Completion status: 0 ===

Environment loaded from /home/ubuntu/avosoft_retail/.env
Running data generator for 2025-09-26...
2025-09-26 12:00:11,113 INFO DEBUG SETTINGS -> users=50, orders=750, events=5000
2025-09-26 12:00:12,268 INFO [2025-09-25] Inserted 50 new users ✅
2025-09-26 12:00:28,420 INFO [2025-09-25] Inserted 750 orders ✅
2025-09-26 12:27:59,053 INFO [2025-09-25] Inserted 1331 order_items ✅
2025-09-26 12:27:59,983 INFO [2025-09-25] Inserted 750 payments ✅
2025-09-26 12:28:06,108 INFO Generated | users=50 products=5 orders=750 items=1331 paid=609 events=5656
Successfully uploaded to s3://avosoft-retail-bronze-jds-42/bronze/users/ingestion_date=2025-09-25/ingestion_time=12:00:02/users.jsonl
2025-09-26 12:28:07,361 INFO ✅ S3 write ok: users/ingestion_date=2025-09-25/ingestion_time=12:00:02/users.jsonl
Successfully uploaded to s3://avosoft-retail-bronze-jds-42/bronze/products/ingestion_date=2025-09-25/ingestion_time=12:00:02/products.jsonl
2025-09-26 12:28:07,664 INFO ✅ S3 write ok: products/ingestion_date=2025-09-25/ingestion_time=12:00:02/products.jsonl
Successfully uploaded to s3://avosoft-retail-bronze-jds-42/bronze/distribution_centers/ingestion_date=2025-09-25/ingestion_time=12:00:02/dcs.jsonl
2025-09-26 12:28:07,966 INFO ✅ S3 write ok: distribution_centers/ingestion_date=2025-09-25/ingestion_time=12:00:02/dcs.jsonl
2025-09-26 12:28:07,966 WARNING Failed to write s3 bronze inventory/ingestion_date=2025-09-25/ingestion_time=12:00:02/inventory.jsonl: Object of type Decimal is not JSON serializable
Successfully uploaded to s3://avosoft-retail-bronze-jds-42/bronze/orders/ingestion_date=2025-09-25/ingestion_time=12:00:02/orders.jsonl
2025-09-26 12:28:08,828 INFO ✅ S3 write ok: orders/ingestion_date=2025-09-25/ingestion_time=12:00:02/orders.jsonl
Successfully uploaded to s3://avosoft-retail-bronze-jds-42/bronze/order_items/ingestion_date=2025-09-25/ingestion_time=12:00:02/order_items.jsonl
2025-09-26 12:28:09,733 INFO ✅ S3 write ok: order_items/ingestion_date=2025-09-25/ingestion_time=12:00:02/order_items.jsonl
Successfully uploaded to s3://avosoft-retail-bronze-jds-42/bronze/payments/ingestion_date=2025-09-25/ingestion_time=12:00:02/payments.jsonl
2025-09-26 12:28:10,120 INFO ✅ S3 write ok: payments/ingestion_date=2025-09-25/ingestion_time=12:00:02/payments.jsonl
Successfully uploaded to s3://avosoft-retail-bronze-jds-42/bronze/events/ingestion_date=2025-09-25/ingestion_time=12:00:02/events.jsonl
2025-09-26 12:28:11,128 INFO ✅ S3 write ok: events/ingestion_date=2025-09-25/ingestion_time=12:00:02/events.jsonl
SUCCESS: Data generation completed
=== [2025-09-26 12:28:11] Completion status: 0 ===

Environment loaded from /home/ubuntu/avosoft_retail/.env
Running data generator for 2025-09-26...
2025-09-26 17:43:59,304 INFO DEBUG SETTINGS -> users=50, orders=750, events=5000
2025-09-26 17:44:00,597 INFO [2025-09-25] Inserted 50 new users ✅
2025-09-26 17:44:19,697 INFO [2025-09-25] Inserted 750 orders ✅
2025-09-26 18:11:01,555 INFO [2025-09-25] Inserted 1311 order_items ✅
2025-09-26 18:11:03,329 INFO [2025-09-25] Inserted 750 payments ✅
2025-09-26 18:11:09,319 INFO Generated | users=50 products=5 orders=750 items=1311 paid=614 events=5661
Successfully uploaded to s3://avosoft-retail-bronze-jds-42/bronze/users/ingestion_date=2025-09-25/ingestion_time=17:43:43/users.jsonl
2025-09-26 18:11:10,852 INFO ✅ S3 write ok: users/ingestion_date=2025-09-25/ingestion_time=17:43:43/users.jsonl
Successfully uploaded to s3://avosoft-retail-bronze-jds-42/bronze/products/ingestion_date=2025-09-25/ingestion_time=17:43:43/products.jsonl
2025-09-26 18:11:11,153 INFO ✅ S3 write ok: products/ingestion_date=2025-09-25/ingestion_time=17:43:43/products.jsonl
Successfully uploaded to s3://avosoft-retail-bronze-jds-42/bronze/distribution_centers/ingestion_date=2025-09-25/ingestion_time=17:43:43/dcs.jsonl
2025-09-26 18:11:11,454 INFO ✅ S3 write ok: distribution_centers/ingestion_date=2025-09-25/ingestion_time=17:43:43/dcs.jsonl
2025-09-26 18:11:11,454 WARNING Failed to write s3 bronze inventory/ingestion_date=2025-09-25/ingestion_time=17:43:43/inventory.jsonl: Object of type Decimal is not JSON serializable
Successfully uploaded to s3://avosoft-retail-bronze-jds-42/bronze/orders/ingestion_date=2025-09-25/ingestion_time=17:43:43/orders.jsonl
2025-09-26 18:11:12,659 INFO ✅ S3 write ok: orders/ingestion_date=2025-09-25/ingestion_time=17:43:43/orders.jsonl
Successfully uploaded to s3://avosoft-retail-bronze-jds-42/bronze/order_items/ingestion_date=2025-09-25/ingestion_time=17:43:43/order_items.jsonl
2025-09-26 18:11:13,944 INFO ✅ S3 write ok: order_items/ingestion_date=2025-09-25/ingestion_time=17:43:43/order_items.jsonl
Successfully uploaded to s3://avosoft-retail-bronze-jds-42/bronze/payments/ingestion_date=2025-09-25/ingestion_time=17:43:43/payments.jsonl
2025-09-26 18:11:14,306 INFO ✅ S3 write ok: payments/ingestion_date=2025-09-25/ingestion_time=17:43:43/payments.jsonl
Successfully uploaded to s3://avosoft-retail-bronze-jds-42/bronze/events/ingestion_date=2025-09-25/ingestion_time=17:43:43/events.jsonl
2025-09-26 18:11:15,353 INFO ✅ S3 write ok: events/ingestion_date=2025-09-25/ingestion_time=17:43:43/events.jsonl
SUCCESS: Data generation completed
=== [2025-09-26 18:11:15] Completion status: 0 ===

Environment loaded from /home/ubuntu/avosoft_retail/.env
Running data generator for 2025-09-26...
2025-09-26 20:00:11,028 INFO DEBUG SETTINGS -> users=50, orders=750, events=5000
2025-09-26 20:00:12,189 INFO [2025-09-25] Inserted 50 new users ✅
2025-09-26 20:00:24,156 INFO [2025-09-25] Inserted 750 orders ✅
2025-09-26 20:27:19,046 INFO [2025-09-25] Inserted 1294 order_items ✅
2025-09-26 20:27:20,011 INFO [2025-09-25] Inserted 750 payments ✅
2025-09-26 20:27:26,032 INFO Generated | users=50 products=5 orders=750 items=1294 paid=607 events=5654
Successfully uploaded to s3://avosoft-retail-bronze-jds-42/bronze/users/ingestion_date=2025-09-25/ingestion_time=20:00:02/users.jsonl
2025-09-26 20:27:27,563 INFO ✅ S3 write ok: users/ingestion_date=2025-09-25/ingestion_time=20:00:02/users.jsonl
Successfully uploaded to s3://avosoft-retail-bronze-jds-42/bronze/products/ingestion_date=2025-09-25/ingestion_time=20:00:02/products.jsonl
2025-09-26 20:27:27,868 INFO ✅ S3 write ok: products/ingestion_date=2025-09-25/ingestion_time=20:00:02/products.jsonl
Successfully uploaded to s3://avosoft-retail-bronze-jds-42/bronze/distribution_centers/ingestion_date=2025-09-25/ingestion_time=20:00:02/dcs.jsonl
2025-09-26 20:27:28,177 INFO ✅ S3 write ok: distribution_centers/ingestion_date=2025-09-25/ingestion_time=20:00:02/dcs.jsonl
2025-09-26 20:27:28,177 WARNING Failed to write s3 bronze inventory/ingestion_date=2025-09-25/ingestion_time=20:00:02/inventory.jsonl: Object of type Decimal is not JSON serializable
Successfully uploaded to s3://avosoft-retail-bronze-jds-42/bronze/orders/ingestion_date=2025-09-25/ingestion_time=20:00:02/orders.jsonl
2025-09-26 20:27:29,072 INFO ✅ S3 write ok: orders/ingestion_date=2025-09-25/ingestion_time=20:00:02/orders.jsonl
Successfully uploaded to s3://avosoft-retail-bronze-jds-42/bronze/order_items/ingestion_date=2025-09-25/ingestion_time=20:00:02/order_items.jsonl
2025-09-26 20:27:30,005 INFO ✅ S3 write ok: order_items/ingestion_date=2025-09-25/ingestion_time=20:00:02/order_items.jsonl
Successfully uploaded to s3://avosoft-retail-bronze-jds-42/bronze/payments/ingestion_date=2025-09-25/ingestion_time=20:00:02/payments.jsonl
2025-09-26 20:27:30,321 INFO ✅ S3 write ok: payments/ingestion_date=2025-09-25/ingestion_time=20:00:02/payments.jsonl
Successfully uploaded to s3://avosoft-retail-bronze-jds-42/bronze/events/ingestion_date=2025-09-25/ingestion_time=20:00:02/events.jsonl
2025-09-26 20:27:31,290 INFO ✅ S3 write ok: events/ingestion_date=2025-09-25/ingestion_time=20:00:02/events.jsonl
SUCCESS: Data generation completed
=== [2025-09-26 20:27:31] Completion status: 0 ===

Environment loaded from /home/ubuntu/avosoft_retail/.env
Running data generator for 2025-09-27...
2025-09-27 00:00:12,114 INFO DEBUG SETTINGS -> users=50, orders=750, events=5000
2025-09-27 00:00:13,263 INFO [2025-09-26] Inserted 50 new users ✅
2025-09-27 00:00:26,882 INFO [2025-09-26] Inserted 750 orders ✅
2025-09-27 00:27:05,874 INFO [2025-09-26] Inserted 1295 order_items ✅
2025-09-27 00:27:06,793 INFO [2025-09-26] Inserted 750 payments ✅
2025-09-27 00:27:13,014 INFO Generated | users=50 products=5 orders=750 items=1295 paid=601 events=5648
Successfully uploaded to s3://avosoft-retail-bronze-jds-42/bronze/users/ingestion_date=2025-09-26/ingestion_time=00:00:02/users.jsonl
2025-09-27 00:27:14,560 INFO ✅ S3 write ok: users/ingestion_date=2025-09-26/ingestion_time=00:00:02/users.jsonl
Successfully uploaded to s3://avosoft-retail-bronze-jds-42/bronze/products/ingestion_date=2025-09-26/ingestion_time=00:00:02/products.jsonl
2025-09-27 00:27:14,863 INFO ✅ S3 write ok: products/ingestion_date=2025-09-26/ingestion_time=00:00:02/products.jsonl
Successfully uploaded to s3://avosoft-retail-bronze-jds-42/bronze/distribution_centers/ingestion_date=2025-09-26/ingestion_time=00:00:02/dcs.jsonl
2025-09-27 00:27:15,162 INFO ✅ S3 write ok: distribution_centers/ingestion_date=2025-09-26/ingestion_time=00:00:02/dcs.jsonl
2025-09-27 00:27:15,162 WARNING Failed to write s3 bronze inventory/ingestion_date=2025-09-26/ingestion_time=00:00:02/inventory.jsonl: Object of type Decimal is not JSON serializable
Successfully uploaded to s3://avosoft-retail-bronze-jds-42/bronze/orders/ingestion_date=2025-09-26/ingestion_time=00:00:02/orders.jsonl
2025-09-27 00:27:16,058 INFO ✅ S3 write ok: orders/ingestion_date=2025-09-26/ingestion_time=00:00:02/orders.jsonl
Successfully uploaded to s3://avosoft-retail-bronze-jds-42/bronze/order_items/ingestion_date=2025-09-26/ingestion_time=00:00:02/order_items.jsonl
2025-09-27 00:27:16,979 INFO ✅ S3 write ok: order_items/ingestion_date=2025-09-26/ingestion_time=00:00:02/order_items.jsonl
Successfully uploaded to s3://avosoft-retail-bronze-jds-42/bronze/payments/ingestion_date=2025-09-26/ingestion_time=00:00:02/payments.jsonl
2025-09-27 00:27:17,293 INFO ✅ S3 write ok: payments/ingestion_date=2025-09-26/ingestion_time=00:00:02/payments.jsonl
Successfully uploaded to s3://avosoft-retail-bronze-jds-42/bronze/events/ingestion_date=2025-09-26/ingestion_time=00:00:02/events.jsonl
2025-09-27 00:27:18,337 INFO ✅ S3 write ok: events/ingestion_date=2025-09-26/ingestion_time=00:00:02/events.jsonl
SUCCESS: Data generation completed
=== [2025-09-27 00:27:18] Completion status: 0 ===

Environment loaded from /home/ubuntu/avosoft_retail/.env
Running data generator for 2025-09-27...
2025-09-27 04:00:11,040 INFO DEBUG SETTINGS -> users=50, orders=750, events=5000
2025-09-27 04:00:12,184 INFO [2025-09-26] Inserted 50 new users ✅
2025-09-27 04:00:33,289 INFO [2025-09-26] Inserted 750 orders ✅
2025-09-27 04:27:28,255 INFO [2025-09-26] Inserted 1295 order_items ✅
2025-09-27 04:27:29,174 INFO [2025-09-26] Inserted 750 payments ✅
2025-09-27 04:27:35,312 INFO Generated | users=50 products=5 orders=750 items=1295 paid=611 events=5657
Successfully uploaded to s3://avosoft-retail-bronze-jds-42/bronze/users/ingestion_date=2025-09-26/ingestion_time=04:00:02/users.jsonl
2025-09-27 04:27:37,367 INFO ✅ S3 write ok: users/ingestion_date=2025-09-26/ingestion_time=04:00:02/users.jsonl
Successfully uploaded to s3://avosoft-retail-bronze-jds-42/bronze/products/ingestion_date=2025-09-26/ingestion_time=04:00:02/products.jsonl
2025-09-27 04:27:37,671 INFO ✅ S3 write ok: products/ingestion_date=2025-09-26/ingestion_time=04:00:02/products.jsonl
Successfully uploaded to s3://avosoft-retail-bronze-jds-42/bronze/distribution_centers/ingestion_date=2025-09-26/ingestion_time=04:00:02/dcs.jsonl
2025-09-27 04:27:37,976 INFO ✅ S3 write ok: distribution_centers/ingestion_date=2025-09-26/ingestion_time=04:00:02/dcs.jsonl
2025-09-27 04:27:37,976 WARNING Failed to write s3 bronze inventory/ingestion_date=2025-09-26/ingestion_time=04:00:02/inventory.jsonl: Object of type Decimal is not JSON serializable
Successfully uploaded to s3://avosoft-retail-bronze-jds-42/bronze/orders/ingestion_date=2025-09-26/ingestion_time=04:00:02/orders.jsonl
2025-09-27 04:27:38,847 INFO ✅ S3 write ok: orders/ingestion_date=2025-09-26/ingestion_time=04:00:02/orders.jsonl
Successfully uploaded to s3://avosoft-retail-bronze-jds-42/bronze/order_items/ingestion_date=2025-09-26/ingestion_time=04:00:02/order_items.jsonl
2025-09-27 04:27:39,766 INFO ✅ S3 write ok: order_items/ingestion_date=2025-09-26/ingestion_time=04:00:02/order_items.jsonl
Successfully uploaded to s3://avosoft-retail-bronze-jds-42/bronze/payments/ingestion_date=2025-09-26/ingestion_time=04:00:02/payments.jsonl
2025-09-27 04:27:40,105 INFO ✅ S3 write ok: payments/ingestion_date=2025-09-26/ingestion_time=04:00:02/payments.jsonl
Successfully uploaded to s3://avosoft-retail-bronze-jds-42/bronze/events/ingestion_date=2025-09-26/ingestion_time=04:00:02/events.jsonl
2025-09-27 04:27:41,138 INFO ✅ S3 write ok: events/ingestion_date=2025-09-26/ingestion_time=04:00:02/events.jsonl
SUCCESS: Data generation completed
=== [2025-09-27 04:27:41] Completion status: 0 ===

Environment loaded from /home/ubuntu/avosoft_retail/.env
Running data generator for 2025-09-27...
2025-09-27 08:00:11,012 INFO DEBUG SETTINGS -> users=50, orders=750, events=5000
2025-09-27 08:00:12,161 INFO [2025-09-26] Inserted 50 new users ✅
2025-09-27 08:00:24,890 INFO [2025-09-26] Inserted 750 orders ✅
2025-09-27 08:27:17,445 INFO [2025-09-26] Inserted 1289 order_items ✅
2025-09-27 08:27:18,366 INFO [2025-09-26] Inserted 750 payments ✅
2025-09-27 08:27:24,511 INFO Generated | users=50 products=5 orders=750 items=1289 paid=607 events=5655
Successfully uploaded to s3://avosoft-retail-bronze-jds-42/bronze/users/ingestion_date=2025-09-26/ingestion_time=08:00:02/users.jsonl
2025-09-27 08:27:25,749 INFO ✅ S3 write ok: users/ingestion_date=2025-09-26/ingestion_time=08:00:02/users.jsonl
Successfully uploaded to s3://avosoft-retail-bronze-jds-42/bronze/products/ingestion_date=2025-09-26/ingestion_time=08:00:02/products.jsonl
2025-09-27 08:27:26,049 INFO ✅ S3 write ok: products/ingestion_date=2025-09-26/ingestion_time=08:00:02/products.jsonl
Successfully uploaded to s3://avosoft-retail-bronze-jds-42/bronze/distribution_centers/ingestion_date=2025-09-26/ingestion_time=08:00:02/dcs.jsonl
2025-09-27 08:27:26,344 INFO ✅ S3 write ok: distribution_centers/ingestion_date=2025-09-26/ingestion_time=08:00:02/dcs.jsonl
2025-09-27 08:27:26,344 WARNING Failed to write s3 bronze inventory/ingestion_date=2025-09-26/ingestion_time=08:00:02/inventory.jsonl: Object of type Decimal is not JSON serializable
Successfully uploaded to s3://avosoft-retail-bronze-jds-42/bronze/orders/ingestion_date=2025-09-26/ingestion_time=08:00:02/orders.jsonl
2025-09-27 08:27:27,533 INFO ✅ S3 write ok: orders/ingestion_date=2025-09-26/ingestion_time=08:00:02/orders.jsonl
Successfully uploaded to s3://avosoft-retail-bronze-jds-42/bronze/order_items/ingestion_date=2025-09-26/ingestion_time=08:00:02/order_items.jsonl
2025-09-27 08:27:28,981 INFO ✅ S3 write ok: order_items/ingestion_date=2025-09-26/ingestion_time=08:00:02/order_items.jsonl
Successfully uploaded to s3://avosoft-retail-bronze-jds-42/bronze/payments/ingestion_date=2025-09-26/ingestion_time=08:00:02/payments.jsonl
2025-09-27 08:27:29,288 INFO ✅ S3 write ok: payments/ingestion_date=2025-09-26/ingestion_time=08:00:02/payments.jsonl
Successfully uploaded to s3://avosoft-retail-bronze-jds-42/bronze/events/ingestion_date=2025-09-26/ingestion_time=08:00:02/events.jsonl
2025-09-27 08:27:30,340 INFO ✅ S3 write ok: events/ingestion_date=2025-09-26/ingestion_time=08:00:02/events.jsonl
SUCCESS: Data generation completed
=== [2025-09-27 08:27:30] Completion status: 0 ===

Environment loaded from /home/ubuntu/avosoft_retail/.env
Running data generator for 2025-09-27...
2025-09-27 12:00:11,130 INFO DEBUG SETTINGS -> users=50, orders=750, events=5000
2025-09-27 12:00:12,284 INFO [2025-09-26] Inserted 50 new users ✅
2025-09-27 12:00:30,043 INFO [2025-09-26] Inserted 750 orders ✅
2025-09-27 12:27:18,450 INFO [2025-09-26] Inserted 1283 order_items ✅
2025-09-27 12:27:19,369 INFO [2025-09-26] Inserted 750 payments ✅
2025-09-27 12:27:25,622 INFO Generated | users=50 products=5 orders=750 items=1283 paid=611 events=5659
Successfully uploaded to s3://avosoft-retail-bronze-jds-42/bronze/users/ingestion_date=2025-09-26/ingestion_time=12:00:02/users.jsonl
2025-09-27 12:27:27,142 INFO ✅ S3 write ok: users/ingestion_date=2025-09-26/ingestion_time=12:00:02/users.jsonl
Successfully uploaded to s3://avosoft-retail-bronze-jds-42/bronze/products/ingestion_date=2025-09-26/ingestion_time=12:00:02/products.jsonl
2025-09-27 12:27:27,439 INFO ✅ S3 write ok: products/ingestion_date=2025-09-26/ingestion_time=12:00:02/products.jsonl
Successfully uploaded to s3://avosoft-retail-bronze-jds-42/bronze/distribution_centers/ingestion_date=2025-09-26/ingestion_time=12:00:02/dcs.jsonl
2025-09-27 12:27:27,737 INFO ✅ S3 write ok: distribution_centers/ingestion_date=2025-09-26/ingestion_time=12:00:02/dcs.jsonl
2025-09-27 12:27:27,737 WARNING Failed to write s3 bronze inventory/ingestion_date=2025-09-26/ingestion_time=12:00:02/inventory.jsonl: Object of type Decimal is not JSON serializable
Successfully uploaded to s3://avosoft-retail-bronze-jds-42/bronze/orders/ingestion_date=2025-09-26/ingestion_time=12:00:02/orders.jsonl
2025-09-27 12:27:28,622 INFO ✅ S3 write ok: orders/ingestion_date=2025-09-26/ingestion_time=12:00:02/orders.jsonl
Successfully uploaded to s3://avosoft-retail-bronze-jds-42/bronze/order_items/ingestion_date=2025-09-26/ingestion_time=12:00:02/order_items.jsonl
2025-09-27 12:27:29,480 INFO ✅ S3 write ok: order_items/ingestion_date=2025-09-26/ingestion_time=12:00:02/order_items.jsonl
Successfully uploaded to s3://avosoft-retail-bronze-jds-42/bronze/payments/ingestion_date=2025-09-26/ingestion_time=12:00:02/payments.jsonl
2025-09-27 12:27:29,840 INFO ✅ S3 write ok: payments/ingestion_date=2025-09-26/ingestion_time=12:00:02/payments.jsonl
Successfully uploaded to s3://avosoft-retail-bronze-jds-42/bronze/events/ingestion_date=2025-09-26/ingestion_time=12:00:02/events.jsonl
2025-09-27 12:27:30,819 INFO ✅ S3 write ok: events/ingestion_date=2025-09-26/ingestion_time=12:00:02/events.jsonl
SUCCESS: Data generation completed
=== [2025-09-27 12:27:31] Completion status: 0 ===

Environment loaded from /home/ubuntu/avosoft_retail/.env
Running data generator for 2025-09-27...
2025-09-27 16:00:10,618 INFO DEBUG SETTINGS -> users=50, orders=750, events=5000
2025-09-27 16:00:11,766 INFO [2025-09-26] Inserted 50 new users ✅
2025-09-27 16:00:25,130 INFO [2025-09-26] Inserted 750 orders ✅
2025-09-27 16:26:46,286 INFO [2025-09-26] Inserted 1283 order_items ✅
2025-09-27 16:26:47,198 INFO [2025-09-26] Inserted 750 payments ✅
2025-09-27 16:26:53,336 INFO Generated | users=50 products=5 orders=750 items=1283 paid=616 events=5663
Successfully uploaded to s3://avosoft-retail-bronze-jds-42/bronze/users/ingestion_date=2025-09-26/ingestion_time=16:00:01/users.jsonl
2025-09-27 16:26:55,170 INFO ✅ S3 write ok: users/ingestion_date=2025-09-26/ingestion_time=16:00:01/users.jsonl
Successfully uploaded to s3://avosoft-retail-bronze-jds-42/bronze/products/ingestion_date=2025-09-26/ingestion_time=16:00:01/products.jsonl
2025-09-27 16:26:55,473 INFO ✅ S3 write ok: products/ingestion_date=2025-09-26/ingestion_time=16:00:01/products.jsonl
Successfully uploaded to s3://avosoft-retail-bronze-jds-42/bronze/distribution_centers/ingestion_date=2025-09-26/ingestion_time=16:00:01/dcs.jsonl
2025-09-27 16:26:55,777 INFO ✅ S3 write ok: distribution_centers/ingestion_date=2025-09-26/ingestion_time=16:00:01/dcs.jsonl
2025-09-27 16:26:55,777 WARNING Failed to write s3 bronze inventory/ingestion_date=2025-09-26/ingestion_time=16:00:01/inventory.jsonl: Object of type Decimal is not JSON serializable
Successfully uploaded to s3://avosoft-retail-bronze-jds-42/bronze/orders/ingestion_date=2025-09-26/ingestion_time=16:00:01/orders.jsonl
2025-09-27 16:26:56,933 INFO ✅ S3 write ok: orders/ingestion_date=2025-09-26/ingestion_time=16:00:01/orders.jsonl
Successfully uploaded to s3://avosoft-retail-bronze-jds-42/bronze/order_items/ingestion_date=2025-09-26/ingestion_time=16:00:01/order_items.jsonl
2025-09-27 16:26:58,408 INFO ✅ S3 write ok: order_items/ingestion_date=2025-09-26/ingestion_time=16:00:01/order_items.jsonl
Successfully uploaded to s3://avosoft-retail-bronze-jds-42/bronze/payments/ingestion_date=2025-09-26/ingestion_time=16:00:01/payments.jsonl
2025-09-27 16:26:58,743 INFO ✅ S3 write ok: payments/ingestion_date=2025-09-26/ingestion_time=16:00:01/payments.jsonl
Successfully uploaded to s3://avosoft-retail-bronze-jds-42/bronze/events/ingestion_date=2025-09-26/ingestion_time=16:00:01/events.jsonl
2025-09-27 16:26:59,753 INFO ✅ S3 write ok: events/ingestion_date=2025-09-26/ingestion_time=16:00:01/events.jsonl
SUCCESS: Data generation completed
=== [2025-09-27 16:26:59] Completion status: 0 ===

Environment loaded from /home/ubuntu/avosoft_retail/.env
Running data generator for 2025-09-27...
2025-09-27 20:00:11,533 INFO DEBUG SETTINGS -> users=50, orders=750, events=5000
2025-09-27 20:00:12,669 INFO [2025-09-26] Inserted 50 new users ✅
2025-09-27 20:00:30,999 INFO [2025-09-26] Inserted 750 orders ✅
2025-09-27 20:26:41,871 INFO [2025-09-26] Inserted 1271 order_items ✅
2025-09-27 20:26:42,772 INFO [2025-09-26] Inserted 750 payments ✅
2025-09-27 20:26:48,927 INFO Generated | users=50 products=5 orders=750 items=1271 paid=605 events=5652
Successfully uploaded to s3://avosoft-retail-bronze-jds-42/bronze/users/ingestion_date=2025-09-26/ingestion_time=20:00:02/users.jsonl
2025-09-27 20:26:50,448 INFO ✅ S3 write ok: users/ingestion_date=2025-09-26/ingestion_time=20:00:02/users.jsonl
Successfully uploaded to s3://avosoft-retail-bronze-jds-42/bronze/products/ingestion_date=2025-09-26/ingestion_time=20:00:02/products.jsonl
2025-09-27 20:26:50,743 INFO ✅ S3 write ok: products/ingestion_date=2025-09-26/ingestion_time=20:00:02/products.jsonl
Successfully uploaded to s3://avosoft-retail-bronze-jds-42/bronze/distribution_centers/ingestion_date=2025-09-26/ingestion_time=20:00:02/dcs.jsonl
2025-09-27 20:26:51,043 INFO ✅ S3 write ok: distribution_centers/ingestion_date=2025-09-26/ingestion_time=20:00:02/dcs.jsonl
2025-09-27 20:26:51,043 WARNING Failed to write s3 bronze inventory/ingestion_date=2025-09-26/ingestion_time=20:00:02/inventory.jsonl: Object of type Decimal is not JSON serializable
Successfully uploaded to s3://avosoft-retail-bronze-jds-42/bronze/orders/ingestion_date=2025-09-26/ingestion_time=20:00:02/orders.jsonl
2025-09-27 20:26:51,924 INFO ✅ S3 write ok: orders/ingestion_date=2025-09-26/ingestion_time=20:00:02/orders.jsonl
Successfully uploaded to s3://avosoft-retail-bronze-jds-42/bronze/order_items/ingestion_date=2025-09-26/ingestion_time=20:00:02/order_items.jsonl
2025-09-27 20:26:52,809 INFO ✅ S3 write ok: order_items/ingestion_date=2025-09-26/ingestion_time=20:00:02/order_items.jsonl
Successfully uploaded to s3://avosoft-retail-bronze-jds-42/bronze/payments/ingestion_date=2025-09-26/ingestion_time=20:00:02/payments.jsonl
2025-09-27 20:26:53,156 INFO ✅ S3 write ok: payments/ingestion_date=2025-09-26/ingestion_time=20:00:02/payments.jsonl
Successfully uploaded to s3://avosoft-retail-bronze-jds-42/bronze/events/ingestion_date=2025-09-26/ingestion_time=20:00:02/events.jsonl
2025-09-27 20:26:54,135 INFO ✅ S3 write ok: events/ingestion_date=2025-09-26/ingestion_time=20:00:02/events.jsonl
SUCCESS: Data generation completed
=== [2025-09-27 20:26:54] Completion status: 0 ===

Environment loaded from /home/ubuntu/avosoft_retail/.env
Running data generator for 2025-09-28...
2025-09-28 00:00:11,105 INFO DEBUG SETTINGS -> users=50, orders=750, events=5000
2025-09-28 00:00:12,240 INFO [2025-09-27] Inserted 50 new users ✅
2025-09-28 00:00:29,797 INFO [2025-09-27] Inserted 750 orders ✅
2025-09-28 00:26:28,103 INFO [2025-09-27] Inserted 1264 order_items ✅
2025-09-28 00:26:29,013 INFO [2025-09-27] Inserted 750 payments ✅
2025-09-28 00:26:35,139 INFO Generated | users=50 products=5 orders=750 items=1264 paid=611 events=5656
Successfully uploaded to s3://avosoft-retail-bronze-jds-42/bronze/users/ingestion_date=2025-09-27/ingestion_time=00:00:02/users.jsonl
2025-09-28 00:26:36,720 INFO ✅ S3 write ok: users/ingestion_date=2025-09-27/ingestion_time=00:00:02/users.jsonl
Successfully uploaded to s3://avosoft-retail-bronze-jds-42/bronze/products/ingestion_date=2025-09-27/ingestion_time=00:00:02/products.jsonl
2025-09-28 00:26:37,025 INFO ✅ S3 write ok: products/ingestion_date=2025-09-27/ingestion_time=00:00:02/products.jsonl
Successfully uploaded to s3://avosoft-retail-bronze-jds-42/bronze/distribution_centers/ingestion_date=2025-09-27/ingestion_time=00:00:02/dcs.jsonl
2025-09-28 00:26:37,327 INFO ✅ S3 write ok: distribution_centers/ingestion_date=2025-09-27/ingestion_time=00:00:02/dcs.jsonl
2025-09-28 00:26:37,328 WARNING Failed to write s3 bronze inventory/ingestion_date=2025-09-27/ingestion_time=00:00:02/inventory.jsonl: Object of type Decimal is not JSON serializable
Successfully uploaded to s3://avosoft-retail-bronze-jds-42/bronze/orders/ingestion_date=2025-09-27/ingestion_time=00:00:02/orders.jsonl
2025-09-28 00:26:38,472 INFO ✅ S3 write ok: orders/ingestion_date=2025-09-27/ingestion_time=00:00:02/orders.jsonl
Successfully uploaded to s3://avosoft-retail-bronze-jds-42/bronze/order_items/ingestion_date=2025-09-27/ingestion_time=00:00:02/order_items.jsonl
2025-09-28 00:26:39,402 INFO ✅ S3 write ok: order_items/ingestion_date=2025-09-27/ingestion_time=00:00:02/order_items.jsonl
Successfully uploaded to s3://avosoft-retail-bronze-jds-42/bronze/payments/ingestion_date=2025-09-27/ingestion_time=00:00:02/payments.jsonl
2025-09-28 00:26:39,836 INFO ✅ S3 write ok: payments/ingestion_date=2025-09-27/ingestion_time=00:00:02/payments.jsonl
Successfully uploaded to s3://avosoft-retail-bronze-jds-42/bronze/events/ingestion_date=2025-09-27/ingestion_time=00:00:02/events.jsonl
2025-09-28 00:26:41,096 INFO ✅ S3 write ok: events/ingestion_date=2025-09-27/ingestion_time=00:00:02/events.jsonl
SUCCESS: Data generation completed
=== [2025-09-28 00:26:41] Completion status: 0 ===

Environment loaded from /home/ubuntu/avosoft_retail/.env
Running data generator for 2025-09-28...
2025-09-28 04:00:10,811 INFO DEBUG SETTINGS -> users=50, orders=750, events=5000
2025-09-28 04:00:11,962 INFO [2025-09-27] Inserted 50 new users ✅
2025-09-28 04:00:30,568 INFO [2025-09-27] Inserted 750 orders ✅
2025-09-28 04:26:53,777 INFO [2025-09-27] Inserted 1261 order_items ✅
2025-09-28 04:26:54,717 INFO [2025-09-27] Inserted 750 payments ✅
2025-09-28 04:27:00,804 INFO Generated | users=50 products=5 orders=750 items=1261 paid=603 events=5648
Successfully uploaded to s3://avosoft-retail-bronze-jds-42/bronze/users/ingestion_date=2025-09-27/ingestion_time=04:00:02/users.jsonl
2025-09-28 04:27:02,362 INFO ✅ S3 write ok: users/ingestion_date=2025-09-27/ingestion_time=04:00:02/users.jsonl
Successfully uploaded to s3://avosoft-retail-bronze-jds-42/bronze/products/ingestion_date=2025-09-27/ingestion_time=04:00:02/products.jsonl
2025-09-28 04:27:02,665 INFO ✅ S3 write ok: products/ingestion_date=2025-09-27/ingestion_time=04:00:02/products.jsonl
Successfully uploaded to s3://avosoft-retail-bronze-jds-42/bronze/distribution_centers/ingestion_date=2025-09-27/ingestion_time=04:00:02/dcs.jsonl
2025-09-28 04:27:02,967 INFO ✅ S3 write ok: distribution_centers/ingestion_date=2025-09-27/ingestion_time=04:00:02/dcs.jsonl
2025-09-28 04:27:02,967 WARNING Failed to write s3 bronze inventory/ingestion_date=2025-09-27/ingestion_time=04:00:02/inventory.jsonl: Object of type Decimal is not JSON serializable
Successfully uploaded to s3://avosoft-retail-bronze-jds-42/bronze/orders/ingestion_date=2025-09-27/ingestion_time=04:00:02/orders.jsonl
2025-09-28 04:27:03,829 INFO ✅ S3 write ok: orders/ingestion_date=2025-09-27/ingestion_time=04:00:02/orders.jsonl
Successfully uploaded to s3://avosoft-retail-bronze-jds-42/bronze/order_items/ingestion_date=2025-09-27/ingestion_time=04:00:02/order_items.jsonl
2025-09-28 04:27:04,736 INFO ✅ S3 write ok: order_items/ingestion_date=2025-09-27/ingestion_time=04:00:02/order_items.jsonl
Successfully uploaded to s3://avosoft-retail-bronze-jds-42/bronze/payments/ingestion_date=2025-09-27/ingestion_time=04:00:02/payments.jsonl
2025-09-28 04:27:05,112 INFO ✅ S3 write ok: payments/ingestion_date=2025-09-27/ingestion_time=04:00:02/payments.jsonl
Successfully uploaded to s3://avosoft-retail-bronze-jds-42/bronze/events/ingestion_date=2025-09-27/ingestion_time=04:00:02/events.jsonl
2025-09-28 04:27:06,092 INFO ✅ S3 write ok: events/ingestion_date=2025-09-27/ingestion_time=04:00:02/events.jsonl
SUCCESS: Data generation completed
=== [2025-09-28 04:27:06] Completion status: 0 ===

Environment loaded from /home/ubuntu/avosoft_retail/.env
Running data generator for 2025-09-28...
2025-09-28 09:00:03,229 INFO DEBUG SETTINGS -> users=50, orders=750, events=5000
2025-09-28 09:00:04,474 INFO [2025-09-27] Inserted 50 new users ✅
2025-09-28 09:00:19,944 INFO [2025-09-27] Inserted 750 orders ✅
2025-09-28 09:26:51,098 INFO [2025-09-27] Inserted 1254 order_items ✅
2025-09-28 09:26:52,034 INFO [2025-09-27] Inserted 750 payments ✅
2025-09-28 09:26:58,083 INFO Generated | users=50 products=5 orders=750 items=1254 paid=612 events=5656
Successfully uploaded to s3://avosoft-retail-bronze-jds-42/bronze/users/ingestion_date=2025-09-27/ingestion_time=08:59:50/users.jsonl
2025-09-28 09:26:59,619 INFO ✅ S3 write ok: users/ingestion_date=2025-09-27/ingestion_time=08:59:50/users.jsonl
Successfully uploaded to s3://avosoft-retail-bronze-jds-42/bronze/products/ingestion_date=2025-09-27/ingestion_time=08:59:50/products.jsonl
2025-09-28 09:26:59,921 INFO ✅ S3 write ok: products/ingestion_date=2025-09-27/ingestion_time=08:59:50/products.jsonl
Successfully uploaded to s3://avosoft-retail-bronze-jds-42/bronze/distribution_centers/ingestion_date=2025-09-27/ingestion_time=08:59:50/dcs.jsonl
2025-09-28 09:27:00,222 INFO ✅ S3 write ok: distribution_centers/ingestion_date=2025-09-27/ingestion_time=08:59:50/dcs.jsonl
2025-09-28 09:27:00,222 WARNING Failed to write s3 bronze inventory/ingestion_date=2025-09-27/ingestion_time=08:59:50/inventory.jsonl: Object of type Decimal is not JSON serializable
Successfully uploaded to s3://avosoft-retail-bronze-jds-42/bronze/orders/ingestion_date=2025-09-27/ingestion_time=08:59:50/orders.jsonl
2025-09-28 09:27:01,103 INFO ✅ S3 write ok: orders/ingestion_date=2025-09-27/ingestion_time=08:59:50/orders.jsonl
Successfully uploaded to s3://avosoft-retail-bronze-jds-42/bronze/order_items/ingestion_date=2025-09-27/ingestion_time=08:59:50/order_items.jsonl
2025-09-28 09:27:01,981 INFO ✅ S3 write ok: order_items/ingestion_date=2025-09-27/ingestion_time=08:59:50/order_items.jsonl
Successfully uploaded to s3://avosoft-retail-bronze-jds-42/bronze/payments/ingestion_date=2025-09-27/ingestion_time=08:59:50/payments.jsonl
2025-09-28 09:27:02,329 INFO ✅ S3 write ok: payments/ingestion_date=2025-09-27/ingestion_time=08:59:50/payments.jsonl
Successfully uploaded to s3://avosoft-retail-bronze-jds-42/bronze/events/ingestion_date=2025-09-27/ingestion_time=08:59:50/events.jsonl
2025-09-28 09:27:03,320 INFO ✅ S3 write ok: events/ingestion_date=2025-09-27/ingestion_time=08:59:50/events.jsonl
SUCCESS: Data generation completed
=== [2025-09-28 09:27:03] Completion status: 0 ===

Environment loaded from /home/ubuntu/avosoft_retail/.env
Running data generator for 2025-09-28...
2025-09-28 12:00:10,709 INFO DEBUG SETTINGS -> users=50, orders=750, events=5000
2025-09-28 12:00:11,855 INFO [2025-09-27] Inserted 50 new users ✅
2025-09-28 12:00:27,976 INFO [2025-09-27] Inserted 750 orders ✅
2025-09-28 12:26:39,839 INFO [2025-09-27] Inserted 1246 order_items ✅
2025-09-28 12:26:40,764 INFO [2025-09-27] Inserted 750 payments ✅
2025-09-28 12:26:46,834 INFO Generated | users=50 products=5 orders=750 items=1246 paid=599 events=5643
Successfully uploaded to s3://avosoft-retail-bronze-jds-42/bronze/users/ingestion_date=2025-09-27/ingestion_time=12:00:02/users.jsonl
2025-09-28 12:26:48,363 INFO ✅ S3 write ok: users/ingestion_date=2025-09-27/ingestion_time=12:00:02/users.jsonl
Successfully uploaded to s3://avosoft-retail-bronze-jds-42/bronze/products/ingestion_date=2025-09-27/ingestion_time=12:00:02/products.jsonl
2025-09-28 12:26:48,667 INFO ✅ S3 write ok: products/ingestion_date=2025-09-27/ingestion_time=12:00:02/products.jsonl
Successfully uploaded to s3://avosoft-retail-bronze-jds-42/bronze/distribution_centers/ingestion_date=2025-09-27/ingestion_time=12:00:02/dcs.jsonl
2025-09-28 12:26:48,974 INFO ✅ S3 write ok: distribution_centers/ingestion_date=2025-09-27/ingestion_time=12:00:02/dcs.jsonl
2025-09-28 12:26:48,974 WARNING Failed to write s3 bronze inventory/ingestion_date=2025-09-27/ingestion_time=12:00:02/inventory.jsonl: Object of type Decimal is not JSON serializable
Successfully uploaded to s3://avosoft-retail-bronze-jds-42/bronze/orders/ingestion_date=2025-09-27/ingestion_time=12:00:02/orders.jsonl
2025-09-28 12:26:49,861 INFO ✅ S3 write ok: orders/ingestion_date=2025-09-27/ingestion_time=12:00:02/orders.jsonl
Successfully uploaded to s3://avosoft-retail-bronze-jds-42/bronze/order_items/ingestion_date=2025-09-27/ingestion_time=12:00:02/order_items.jsonl
2025-09-28 12:26:50,734 INFO ✅ S3 write ok: order_items/ingestion_date=2025-09-27/ingestion_time=12:00:02/order_items.jsonl
Successfully uploaded to s3://avosoft-retail-bronze-jds-42/bronze/payments/ingestion_date=2025-09-27/ingestion_time=12:00:02/payments.jsonl
2025-09-28 12:26:51,102 INFO ✅ S3 write ok: payments/ingestion_date=2025-09-27/ingestion_time=12:00:02/payments.jsonl
Successfully uploaded to s3://avosoft-retail-bronze-jds-42/bronze/events/ingestion_date=2025-09-27/ingestion_time=12:00:02/events.jsonl
2025-09-28 12:26:52,122 INFO ✅ S3 write ok: events/ingestion_date=2025-09-27/ingestion_time=12:00:02/events.jsonl
SUCCESS: Data generation completed
=== [2025-09-28 12:26:52] Completion status: 0 ===

Environment loaded from /home/ubuntu/avosoft_retail/.env
Running data generator for 2025-09-28...
2025-09-28 16:00:10,709 INFO DEBUG SETTINGS -> users=50, orders=750, events=5000
2025-09-28 16:00:11,843 INFO [2025-09-27] Inserted 50 new users ✅
2025-09-28 16:00:25,220 INFO [2025-09-27] Inserted 750 orders ✅
2025-09-28 16:26:09,451 INFO [2025-09-27] Inserted 1250 order_items ✅
2025-09-28 16:26:10,356 INFO [2025-09-27] Inserted 750 payments ✅
2025-09-28 16:26:16,435 INFO Generated | users=50 products=5 orders=750 items=1250 paid=605 events=5649
Successfully uploaded to s3://avosoft-retail-bronze-jds-42/bronze/users/ingestion_date=2025-09-27/ingestion_time=16:00:02/users.jsonl
2025-09-28 16:26:18,187 INFO ✅ S3 write ok: users/ingestion_date=2025-09-27/ingestion_time=16:00:02/users.jsonl
Successfully uploaded to s3://avosoft-retail-bronze-jds-42/bronze/products/ingestion_date=2025-09-27/ingestion_time=16:00:02/products.jsonl
2025-09-28 16:26:18,492 INFO ✅ S3 write ok: products/ingestion_date=2025-09-27/ingestion_time=16:00:02/products.jsonl
Successfully uploaded to s3://avosoft-retail-bronze-jds-42/bronze/distribution_centers/ingestion_date=2025-09-27/ingestion_time=16:00:02/dcs.jsonl
2025-09-28 16:26:18,797 INFO ✅ S3 write ok: distribution_centers/ingestion_date=2025-09-27/ingestion_time=16:00:02/dcs.jsonl
2025-09-28 16:26:18,798 WARNING Failed to write s3 bronze inventory/ingestion_date=2025-09-27/ingestion_time=16:00:02/inventory.jsonl: Object of type Decimal is not JSON serializable
Successfully uploaded to s3://avosoft-retail-bronze-jds-42/bronze/orders/ingestion_date=2025-09-27/ingestion_time=16:00:02/orders.jsonl
2025-09-28 16:26:19,928 INFO ✅ S3 write ok: orders/ingestion_date=2025-09-27/ingestion_time=16:00:02/orders.jsonl
Successfully uploaded to s3://avosoft-retail-bronze-jds-42/bronze/order_items/ingestion_date=2025-09-27/ingestion_time=16:00:02/order_items.jsonl
2025-09-28 16:26:20,855 INFO ✅ S3 write ok: order_items/ingestion_date=2025-09-27/ingestion_time=16:00:02/order_items.jsonl
Successfully uploaded to s3://avosoft-retail-bronze-jds-42/bronze/payments/ingestion_date=2025-09-27/ingestion_time=16:00:02/payments.jsonl
2025-09-28 16:26:21,254 INFO ✅ S3 write ok: payments/ingestion_date=2025-09-27/ingestion_time=16:00:02/payments.jsonl
Successfully uploaded to s3://avosoft-retail-bronze-jds-42/bronze/events/ingestion_date=2025-09-27/ingestion_time=16:00:02/events.jsonl
2025-09-28 16:26:22,268 INFO ✅ S3 write ok: events/ingestion_date=2025-09-27/ingestion_time=16:00:02/events.jsonl
SUCCESS: Data generation completed
=== [2025-09-28 16:26:22] Completion status: 0 ===

Environment loaded from /home/ubuntu/avosoft_retail/.env
Running data generator for 2025-09-28...
2025-09-28 20:00:10,603 INFO DEBUG SETTINGS -> users=50, orders=750, events=5000
2025-09-28 20:00:11,759 INFO [2025-09-27] Inserted 50 new users ✅
2025-09-28 20:00:32,915 INFO [2025-09-27] Inserted 750 orders ✅
2025-09-28 20:26:43,641 INFO [2025-09-27] Inserted 1240 order_items ✅
2025-09-28 20:26:44,567 INFO [2025-09-27] Inserted 750 payments ✅
2025-09-28 20:26:50,717 INFO Generated | users=50 products=5 orders=750 items=1240 paid=597 events=5641
Successfully uploaded to s3://avosoft-retail-bronze-jds-42/bronze/users/ingestion_date=2025-09-27/ingestion_time=20:00:02/users.jsonl
2025-09-28 20:26:52,268 INFO ✅ S3 write ok: users/ingestion_date=2025-09-27/ingestion_time=20:00:02/users.jsonl
Successfully uploaded to s3://avosoft-retail-bronze-jds-42/bronze/products/ingestion_date=2025-09-27/ingestion_time=20:00:02/products.jsonl
2025-09-28 20:26:52,575 INFO ✅ S3 write ok: products/ingestion_date=2025-09-27/ingestion_time=20:00:02/products.jsonl
Successfully uploaded to s3://avosoft-retail-bronze-jds-42/bronze/distribution_centers/ingestion_date=2025-09-27/ingestion_time=20:00:02/dcs.jsonl
2025-09-28 20:26:52,879 INFO ✅ S3 write ok: distribution_centers/ingestion_date=2025-09-27/ingestion_time=20:00:02/dcs.jsonl
2025-09-28 20:26:52,879 WARNING Failed to write s3 bronze inventory/ingestion_date=2025-09-27/ingestion_time=20:00:02/inventory.jsonl: Object of type Decimal is not JSON serializable
Successfully uploaded to s3://avosoft-retail-bronze-jds-42/bronze/orders/ingestion_date=2025-09-27/ingestion_time=20:00:02/orders.jsonl
2025-09-28 20:26:53,775 INFO ✅ S3 write ok: orders/ingestion_date=2025-09-27/ingestion_time=20:00:02/orders.jsonl
Successfully uploaded to s3://avosoft-retail-bronze-jds-42/bronze/order_items/ingestion_date=2025-09-27/ingestion_time=20:00:02/order_items.jsonl
2025-09-28 20:26:54,674 INFO ✅ S3 write ok: order_items/ingestion_date=2025-09-27/ingestion_time=20:00:02/order_items.jsonl
Successfully uploaded to s3://avosoft-retail-bronze-jds-42/bronze/payments/ingestion_date=2025-09-27/ingestion_time=20:00:02/payments.jsonl
2025-09-28 20:26:55,032 INFO ✅ S3 write ok: payments/ingestion_date=2025-09-27/ingestion_time=20:00:02/payments.jsonl
Successfully uploaded to s3://avosoft-retail-bronze-jds-42/bronze/events/ingestion_date=2025-09-27/ingestion_time=20:00:02/events.jsonl
2025-09-28 20:26:56,028 INFO ✅ S3 write ok: events/ingestion_date=2025-09-27/ingestion_time=20:00:02/events.jsonl
SUCCESS: Data generation completed
=== [2025-09-28 20:26:56] Completion status: 0 ===

Environment loaded from /home/ubuntu/avosoft_retail/.env
Running data generator for 2025-09-29...
2025-09-29 00:00:10,908 INFO DEBUG SETTINGS -> users=50, orders=750, events=5000
2025-09-29 00:00:12,055 INFO [2025-09-28] Inserted 50 new users ✅
2025-09-29 00:00:23,846 INFO [2025-09-28] Inserted 750 orders ✅
2025-09-29 00:26:28,824 INFO [2025-09-28] Inserted 1233 order_items ✅
2025-09-29 00:26:29,758 INFO [2025-09-28] Inserted 750 payments ✅
2025-09-29 00:26:35,722 INFO Generated | users=50 products=5 orders=750 items=1233 paid=585 events=5630
Successfully uploaded to s3://avosoft-retail-bronze-jds-42/bronze/users/ingestion_date=2025-09-28/ingestion_time=00:00:02/users.jsonl
2025-09-29 00:26:37,239 INFO ✅ S3 write ok: users/ingestion_date=2025-09-28/ingestion_time=00:00:02/users.jsonl
Successfully uploaded to s3://avosoft-retail-bronze-jds-42/bronze/products/ingestion_date=2025-09-28/ingestion_time=00:00:02/products.jsonl
2025-09-29 00:26:37,535 INFO ✅ S3 write ok: products/ingestion_date=2025-09-28/ingestion_time=00:00:02/products.jsonl
Successfully uploaded to s3://avosoft-retail-bronze-jds-42/bronze/distribution_centers/ingestion_date=2025-09-28/ingestion_time=00:00:02/dcs.jsonl
2025-09-29 00:26:37,829 INFO ✅ S3 write ok: distribution_centers/ingestion_date=2025-09-28/ingestion_time=00:00:02/dcs.jsonl
2025-09-29 00:26:37,829 WARNING Failed to write s3 bronze inventory/ingestion_date=2025-09-28/ingestion_time=00:00:02/inventory.jsonl: Object of type Decimal is not JSON serializable
Successfully uploaded to s3://avosoft-retail-bronze-jds-42/bronze/orders/ingestion_date=2025-09-28/ingestion_time=00:00:02/orders.jsonl
2025-09-29 00:26:38,698 INFO ✅ S3 write ok: orders/ingestion_date=2025-09-28/ingestion_time=00:00:02/orders.jsonl
Successfully uploaded to s3://avosoft-retail-bronze-jds-42/bronze/order_items/ingestion_date=2025-09-28/ingestion_time=00:00:02/order_items.jsonl
2025-09-29 00:26:39,610 INFO ✅ S3 write ok: order_items/ingestion_date=2025-09-28/ingestion_time=00:00:02/order_items.jsonl
Successfully uploaded to s3://avosoft-retail-bronze-jds-42/bronze/payments/ingestion_date=2025-09-28/ingestion_time=00:00:02/payments.jsonl
2025-09-29 00:26:39,952 INFO ✅ S3 write ok: payments/ingestion_date=2025-09-28/ingestion_time=00:00:02/payments.jsonl
Successfully uploaded to s3://avosoft-retail-bronze-jds-42/bronze/events/ingestion_date=2025-09-28/ingestion_time=00:00:02/events.jsonl
2025-09-29 00:26:40,895 INFO ✅ S3 write ok: events/ingestion_date=2025-09-28/ingestion_time=00:00:02/events.jsonl
SUCCESS: Data generation completed
=== [2025-09-29 00:26:41] Completion status: 0 ===

Environment loaded from /home/ubuntu/avosoft_retail/.env
Running data generator for 2025-09-29...
2025-09-29 04:00:10,418 INFO DEBUG SETTINGS -> users=50, orders=750, events=5000
2025-09-29 04:00:11,552 INFO [2025-09-28] Inserted 50 new users ✅
2025-09-29 04:00:29,098 INFO [2025-09-28] Inserted 750 orders ✅
2025-09-29 04:25:58,138 INFO [2025-09-28] Inserted 1214 order_items ✅
2025-09-29 04:25:59,071 INFO [2025-09-28] Inserted 750 payments ✅
2025-09-29 04:26:05,404 INFO Generated | users=50 products=5 orders=750 items=1214 paid=593 events=5637
Successfully uploaded to s3://avosoft-retail-bronze-jds-42/bronze/users/ingestion_date=2025-09-28/ingestion_time=04:00:01/users.jsonl
2025-09-29 04:26:06,935 INFO ✅ S3 write ok: users/ingestion_date=2025-09-28/ingestion_time=04:00:01/users.jsonl
Successfully uploaded to s3://avosoft-retail-bronze-jds-42/bronze/products/ingestion_date=2025-09-28/ingestion_time=04:00:01/products.jsonl
2025-09-29 04:26:07,237 INFO ✅ S3 write ok: products/ingestion_date=2025-09-28/ingestion_time=04:00:01/products.jsonl
Successfully uploaded to s3://avosoft-retail-bronze-jds-42/bronze/distribution_centers/ingestion_date=2025-09-28/ingestion_time=04:00:01/dcs.jsonl
2025-09-29 04:26:07,532 INFO ✅ S3 write ok: distribution_centers/ingestion_date=2025-09-28/ingestion_time=04:00:01/dcs.jsonl
2025-09-29 04:26:07,532 WARNING Failed to write s3 bronze inventory/ingestion_date=2025-09-28/ingestion_time=04:00:01/inventory.jsonl: Object of type Decimal is not JSON serializable
Successfully uploaded to s3://avosoft-retail-bronze-jds-42/bronze/orders/ingestion_date=2025-09-28/ingestion_time=04:00:01/orders.jsonl
2025-09-29 04:26:08,426 INFO ✅ S3 write ok: orders/ingestion_date=2025-09-28/ingestion_time=04:00:01/orders.jsonl
Successfully uploaded to s3://avosoft-retail-bronze-jds-42/bronze/order_items/ingestion_date=2025-09-28/ingestion_time=04:00:01/order_items.jsonl
2025-09-29 04:26:09,332 INFO ✅ S3 write ok: order_items/ingestion_date=2025-09-28/ingestion_time=04:00:01/order_items.jsonl
Successfully uploaded to s3://avosoft-retail-bronze-jds-42/bronze/payments/ingestion_date=2025-09-28/ingestion_time=04:00:01/payments.jsonl
2025-09-29 04:26:09,681 INFO ✅ S3 write ok: payments/ingestion_date=2025-09-28/ingestion_time=04:00:01/payments.jsonl
Successfully uploaded to s3://avosoft-retail-bronze-jds-42/bronze/events/ingestion_date=2025-09-28/ingestion_time=04:00:01/events.jsonl
2025-09-29 04:26:10,701 INFO ✅ S3 write ok: events/ingestion_date=2025-09-28/ingestion_time=04:00:01/events.jsonl
SUCCESS: Data generation completed
=== [2025-09-29 04:26:10] Completion status: 0 ===

Environment loaded from /home/ubuntu/avosoft_retail/.env
Running data generator for 2025-09-29...
2025-09-29 08:00:10,603 INFO DEBUG SETTINGS -> users=50, orders=750, events=5000
2025-09-29 08:00:11,757 INFO [2025-09-28] Inserted 50 new users ✅
2025-09-29 08:00:23,106 INFO [2025-09-28] Inserted 750 orders ✅
2025-09-29 08:26:04,516 INFO [2025-09-28] Inserted 1201 order_items ✅
2025-09-29 08:26:05,459 INFO [2025-09-28] Inserted 750 payments ✅
2025-09-29 08:26:11,529 INFO Generated | users=50 products=5 orders=750 items=1201 paid=586 events=5631
Successfully uploaded to s3://avosoft-retail-bronze-jds-42/bronze/users/ingestion_date=2025-09-28/ingestion_time=08:00:01/users.jsonl
2025-09-29 08:26:13,052 INFO ✅ S3 write ok: users/ingestion_date=2025-09-28/ingestion_time=08:00:01/users.jsonl
Successfully uploaded to s3://avosoft-retail-bronze-jds-42/bronze/products/ingestion_date=2025-09-28/ingestion_time=08:00:01/products.jsonl
2025-09-29 08:26:13,350 INFO ✅ S3 write ok: products/ingestion_date=2025-09-28/ingestion_time=08:00:01/products.jsonl
Successfully uploaded to s3://avosoft-retail-bronze-jds-42/bronze/distribution_centers/ingestion_date=2025-09-28/ingestion_time=08:00:01/dcs.jsonl
2025-09-29 08:26:13,651 INFO ✅ S3 write ok: distribution_centers/ingestion_date=2025-09-28/ingestion_time=08:00:01/dcs.jsonl
2025-09-29 08:26:13,651 WARNING Failed to write s3 bronze inventory/ingestion_date=2025-09-28/ingestion_time=08:00:01/inventory.jsonl: Object of type Decimal is not JSON serializable
Successfully uploaded to s3://avosoft-retail-bronze-jds-42/bronze/orders/ingestion_date=2025-09-28/ingestion_time=08:00:01/orders.jsonl
2025-09-29 08:26:14,814 INFO ✅ S3 write ok: orders/ingestion_date=2025-09-28/ingestion_time=08:00:01/orders.jsonl
Successfully uploaded to s3://avosoft-retail-bronze-jds-42/bronze/order_items/ingestion_date=2025-09-28/ingestion_time=08:00:01/order_items.jsonl
2025-09-29 08:26:16,243 INFO ✅ S3 write ok: order_items/ingestion_date=2025-09-28/ingestion_time=08:00:01/order_items.jsonl
Successfully uploaded to s3://avosoft-retail-bronze-jds-42/bronze/payments/ingestion_date=2025-09-28/ingestion_time=08:00:01/payments.jsonl
2025-09-29 08:26:16,609 INFO ✅ S3 write ok: payments/ingestion_date=2025-09-28/ingestion_time=08:00:01/payments.jsonl
Successfully uploaded to s3://avosoft-retail-bronze-jds-42/bronze/events/ingestion_date=2025-09-28/ingestion_time=08:00:01/events.jsonl
2025-09-29 08:26:17,674 INFO ✅ S3 write ok: events/ingestion_date=2025-09-28/ingestion_time=08:00:01/events.jsonl
SUCCESS: Data generation completed
=== [2025-09-29 08:26:17] Completion status: 0 ===

Environment loaded from /home/ubuntu/avosoft_retail/.env
Running data generator for 2025-09-29...
2025-09-29 12:00:11,216 INFO DEBUG SETTINGS -> users=50, orders=750, events=5000
2025-09-29 12:00:12,370 INFO [2025-09-28] Inserted 50 new users ✅
2025-09-29 12:00:23,452 INFO [2025-09-28] Inserted 750 orders ✅
2025-09-29 12:25:51,492 INFO [2025-09-28] Inserted 1192 order_items ✅
2025-09-29 12:25:52,428 INFO [2025-09-28] Inserted 750 payments ✅
2025-09-29 12:25:58,508 INFO Generated | users=50 products=5 orders=750 items=1192 paid=582 events=5628
Successfully uploaded to s3://avosoft-retail-bronze-jds-42/bronze/users/ingestion_date=2025-09-28/ingestion_time=12:00:02/users.jsonl
2025-09-29 12:26:00,041 INFO ✅ S3 write ok: users/ingestion_date=2025-09-28/ingestion_time=12:00:02/users.jsonl
Successfully uploaded to s3://avosoft-retail-bronze-jds-42/bronze/products/ingestion_date=2025-09-28/ingestion_time=12:00:02/products.jsonl
2025-09-29 12:26:00,338 INFO ✅ S3 write ok: products/ingestion_date=2025-09-28/ingestion_time=12:00:02/products.jsonl
Successfully uploaded to s3://avosoft-retail-bronze-jds-42/bronze/distribution_centers/ingestion_date=2025-09-28/ingestion_time=12:00:02/dcs.jsonl
2025-09-29 12:26:00,638 INFO ✅ S3 write ok: distribution_centers/ingestion_date=2025-09-28/ingestion_time=12:00:02/dcs.jsonl
2025-09-29 12:26:00,638 WARNING Failed to write s3 bronze inventory/ingestion_date=2025-09-28/ingestion_time=12:00:02/inventory.jsonl: Object of type Decimal is not JSON serializable
Successfully uploaded to s3://avosoft-retail-bronze-jds-42/bronze/orders/ingestion_date=2025-09-28/ingestion_time=12:00:02/orders.jsonl
2025-09-29 12:26:01,505 INFO ✅ S3 write ok: orders/ingestion_date=2025-09-28/ingestion_time=12:00:02/orders.jsonl
Successfully uploaded to s3://avosoft-retail-bronze-jds-42/bronze/order_items/ingestion_date=2025-09-28/ingestion_time=12:00:02/order_items.jsonl
2025-09-29 12:26:02,391 INFO ✅ S3 write ok: order_items/ingestion_date=2025-09-28/ingestion_time=12:00:02/order_items.jsonl
Successfully uploaded to s3://avosoft-retail-bronze-jds-42/bronze/payments/ingestion_date=2025-09-28/ingestion_time=12:00:02/payments.jsonl
2025-09-29 12:26:02,743 INFO ✅ S3 write ok: payments/ingestion_date=2025-09-28/ingestion_time=12:00:02/payments.jsonl
Successfully uploaded to s3://avosoft-retail-bronze-jds-42/bronze/events/ingestion_date=2025-09-28/ingestion_time=12:00:02/events.jsonl
2025-09-29 12:26:03,703 INFO ✅ S3 write ok: events/ingestion_date=2025-09-28/ingestion_time=12:00:02/events.jsonl
SUCCESS: Data generation completed
=== [2025-09-29 12:26:03] Completion status: 0 ===

Environment loaded from /home/ubuntu/avosoft_retail/.env
Running data generator for 2025-09-29...
2025-09-29 16:00:11,422 INFO DEBUG SETTINGS -> users=50, orders=750, events=5000
2025-09-29 16:00:12,559 INFO [2025-09-28] Inserted 50 new users ✅
2025-09-29 16:00:26,800 INFO [2025-09-28] Inserted 750 orders ✅
2025-09-29 16:25:16,610 INFO [2025-09-28] Inserted 1181 order_items ✅
2025-09-29 16:25:17,532 INFO [2025-09-28] Inserted 750 payments ✅
2025-09-29 16:25:23,624 INFO Generated | users=50 products=5 orders=750 items=1181 paid=584 events=5630
Successfully uploaded to s3://avosoft-retail-bronze-jds-42/bronze/users/ingestion_date=2025-09-28/ingestion_time=16:00:02/users.jsonl
2025-09-29 16:25:24,872 INFO ✅ S3 write ok: users/ingestion_date=2025-09-28/ingestion_time=16:00:02/users.jsonl
Successfully uploaded to s3://avosoft-retail-bronze-jds-42/bronze/products/ingestion_date=2025-09-28/ingestion_time=16:00:02/products.jsonl
2025-09-29 16:25:25,177 INFO ✅ S3 write ok: products/ingestion_date=2025-09-28/ingestion_time=16:00:02/products.jsonl
Successfully uploaded to s3://avosoft-retail-bronze-jds-42/bronze/distribution_centers/ingestion_date=2025-09-28/ingestion_time=16:00:02/dcs.jsonl
2025-09-29 16:25:25,482 INFO ✅ S3 write ok: distribution_centers/ingestion_date=2025-09-28/ingestion_time=16:00:02/dcs.jsonl
2025-09-29 16:25:25,483 WARNING Failed to write s3 bronze inventory/ingestion_date=2025-09-28/ingestion_time=16:00:02/inventory.jsonl: Object of type Decimal is not JSON serializable
Successfully uploaded to s3://avosoft-retail-bronze-jds-42/bronze/orders/ingestion_date=2025-09-28/ingestion_time=16:00:02/orders.jsonl
2025-09-29 16:25:26,349 INFO ✅ S3 write ok: orders/ingestion_date=2025-09-28/ingestion_time=16:00:02/orders.jsonl
Successfully uploaded to s3://avosoft-retail-bronze-jds-42/bronze/order_items/ingestion_date=2025-09-28/ingestion_time=16:00:02/order_items.jsonl
2025-09-29 16:25:27,265 INFO ✅ S3 write ok: order_items/ingestion_date=2025-09-28/ingestion_time=16:00:02/order_items.jsonl
Successfully uploaded to s3://avosoft-retail-bronze-jds-42/bronze/payments/ingestion_date=2025-09-28/ingestion_time=16:00:02/payments.jsonl
2025-09-29 16:25:27,613 INFO ✅ S3 write ok: payments/ingestion_date=2025-09-28/ingestion_time=16:00:02/payments.jsonl
Successfully uploaded to s3://avosoft-retail-bronze-jds-42/bronze/events/ingestion_date=2025-09-28/ingestion_time=16:00:02/events.jsonl
2025-09-29 16:25:28,667 INFO ✅ S3 write ok: events/ingestion_date=2025-09-28/ingestion_time=16:00:02/events.jsonl
SUCCESS: Data generation completed
=== [2025-09-29 16:25:28] Completion status: 0 ===

Environment loaded from /home/ubuntu/avosoft_retail/.env
Running data generator for 2025-09-29...
2025-09-29 20:00:11,036 INFO DEBUG SETTINGS -> users=50, orders=750, events=5000
2025-09-29 20:00:12,202 INFO [2025-09-28] Inserted 50 new users ✅
2025-09-29 20:00:24,185 INFO [2025-09-28] Inserted 750 orders ✅
2025-09-29 20:25:45,480 INFO [2025-09-28] Inserted 1176 order_items ✅
2025-09-29 20:25:46,448 INFO [2025-09-28] Inserted 750 payments ✅
2025-09-29 20:25:52,624 INFO Generated | users=50 products=5 orders=750 items=1176 paid=569 events=5615
Successfully uploaded to s3://avosoft-retail-bronze-jds-42/bronze/users/ingestion_date=2025-09-28/ingestion_time=20:00:02/users.jsonl
2025-09-29 20:25:53,867 INFO ✅ S3 write ok: users/ingestion_date=2025-09-28/ingestion_time=20:00:02/users.jsonl
Successfully uploaded to s3://avosoft-retail-bronze-jds-42/bronze/products/ingestion_date=2025-09-28/ingestion_time=20:00:02/products.jsonl
2025-09-29 20:25:54,170 INFO ✅ S3 write ok: products/ingestion_date=2025-09-28/ingestion_time=20:00:02/products.jsonl
Successfully uploaded to s3://avosoft-retail-bronze-jds-42/bronze/distribution_centers/ingestion_date=2025-09-28/ingestion_time=20:00:02/dcs.jsonl
2025-09-29 20:25:54,477 INFO ✅ S3 write ok: distribution_centers/ingestion_date=2025-09-28/ingestion_time=20:00:02/dcs.jsonl
2025-09-29 20:25:54,477 WARNING Failed to write s3 bronze inventory/ingestion_date=2025-09-28/ingestion_time=20:00:02/inventory.jsonl: Object of type Decimal is not JSON serializable
Successfully uploaded to s3://avosoft-retail-bronze-jds-42/bronze/orders/ingestion_date=2025-09-28/ingestion_time=20:00:02/orders.jsonl
2025-09-29 20:25:55,343 INFO ✅ S3 write ok: orders/ingestion_date=2025-09-28/ingestion_time=20:00:02/orders.jsonl
Successfully uploaded to s3://avosoft-retail-bronze-jds-42/bronze/order_items/ingestion_date=2025-09-28/ingestion_time=20:00:02/order_items.jsonl
2025-09-29 20:25:56,257 INFO ✅ S3 write ok: order_items/ingestion_date=2025-09-28/ingestion_time=20:00:02/order_items.jsonl
Successfully uploaded to s3://avosoft-retail-bronze-jds-42/bronze/payments/ingestion_date=2025-09-28/ingestion_time=20:00:02/payments.jsonl
2025-09-29 20:25:56,605 INFO ✅ S3 write ok: payments/ingestion_date=2025-09-28/ingestion_time=20:00:02/payments.jsonl
Successfully uploaded to s3://avosoft-retail-bronze-jds-42/bronze/events/ingestion_date=2025-09-28/ingestion_time=20:00:02/events.jsonl
2025-09-29 20:25:57,638 INFO ✅ S3 write ok: events/ingestion_date=2025-09-28/ingestion_time=20:00:02/events.jsonl
SUCCESS: Data generation completed
=== [2025-09-29 20:25:57] Completion status: 0 ===

Environment loaded from /home/ubuntu/avosoft_retail/.env
Running data generator for 2025-09-30...
2025-09-30 00:00:11,250 INFO DEBUG SETTINGS -> users=50, orders=750, events=5000
2025-09-30 00:00:12,400 INFO [2025-09-29] Inserted 50 new users ✅
2025-09-30 00:00:29,459 INFO [2025-09-29] Inserted 750 orders ✅
2025-09-30 00:25:30,417 INFO [2025-09-29] Inserted 1160 order_items ✅
2025-09-30 00:25:31,360 INFO [2025-09-29] Inserted 750 payments ✅
2025-09-30 00:25:37,610 INFO Generated | users=50 products=5 orders=750 items=1160 paid=582 events=5629
Successfully uploaded to s3://avosoft-retail-bronze-jds-42/bronze/users/ingestion_date=2025-09-29/ingestion_time=00:00:02/users.jsonl
2025-09-30 00:25:39,165 INFO ✅ S3 write ok: users/ingestion_date=2025-09-29/ingestion_time=00:00:02/users.jsonl
Successfully uploaded to s3://avosoft-retail-bronze-jds-42/bronze/products/ingestion_date=2025-09-29/ingestion_time=00:00:02/products.jsonl
2025-09-30 00:25:39,469 INFO ✅ S3 write ok: products/ingestion_date=2025-09-29/ingestion_time=00:00:02/products.jsonl
Successfully uploaded to s3://avosoft-retail-bronze-jds-42/bronze/distribution_centers/ingestion_date=2025-09-29/ingestion_time=00:00:02/dcs.jsonl
2025-09-30 00:25:39,772 INFO ✅ S3 write ok: distribution_centers/ingestion_date=2025-09-29/ingestion_time=00:00:02/dcs.jsonl
2025-09-30 00:25:39,772 WARNING Failed to write s3 bronze inventory/ingestion_date=2025-09-29/ingestion_time=00:00:02/inventory.jsonl: Object of type Decimal is not JSON serializable
Successfully uploaded to s3://avosoft-retail-bronze-jds-42/bronze/orders/ingestion_date=2025-09-29/ingestion_time=00:00:02/orders.jsonl
2025-09-30 00:25:40,691 INFO ✅ S3 write ok: orders/ingestion_date=2025-09-29/ingestion_time=00:00:02/orders.jsonl
Successfully uploaded to s3://avosoft-retail-bronze-jds-42/bronze/order_items/ingestion_date=2025-09-29/ingestion_time=00:00:02/order_items.jsonl
2025-09-30 00:25:41,593 INFO ✅ S3 write ok: order_items/ingestion_date=2025-09-29/ingestion_time=00:00:02/order_items.jsonl
Successfully uploaded to s3://avosoft-retail-bronze-jds-42/bronze/payments/ingestion_date=2025-09-29/ingestion_time=00:00:02/payments.jsonl
2025-09-30 00:25:41,955 INFO ✅ S3 write ok: payments/ingestion_date=2025-09-29/ingestion_time=00:00:02/payments.jsonl
Successfully uploaded to s3://avosoft-retail-bronze-jds-42/bronze/events/ingestion_date=2025-09-29/ingestion_time=00:00:02/events.jsonl
2025-09-30 00:25:43,010 INFO ✅ S3 write ok: events/ingestion_date=2025-09-29/ingestion_time=00:00:02/events.jsonl
SUCCESS: Data generation completed
=== [2025-09-30 00:25:43] Completion status: 0 ===

Environment loaded from /home/ubuntu/avosoft_retail/.env
Running data generator for 2025-09-30...
2025-09-30 04:00:10,548 INFO DEBUG SETTINGS -> users=50, orders=750, events=5000
2025-09-30 04:00:11,696 INFO [2025-09-29] Inserted 50 new users ✅
2025-09-30 04:00:32,873 INFO [2025-09-29] Inserted 750 orders ✅
2025-09-30 04:25:21,819 INFO [2025-09-29] Inserted 1152 order_items ✅
2025-09-30 04:25:22,775 INFO [2025-09-29] Inserted 750 payments ✅
2025-09-30 04:25:28,958 INFO Generated | users=50 products=5 orders=750 items=1152 paid=572 events=5617
Successfully uploaded to s3://avosoft-retail-bronze-jds-42/bronze/users/ingestion_date=2025-09-29/ingestion_time=04:00:02/users.jsonl
2025-09-30 04:25:30,561 INFO ✅ S3 write ok: users/ingestion_date=2025-09-29/ingestion_time=04:00:02/users.jsonl
Successfully uploaded to s3://avosoft-retail-bronze-jds-42/bronze/products/ingestion_date=2025-09-29/ingestion_time=04:00:02/products.jsonl
2025-09-30 04:25:30,865 INFO ✅ S3 write ok: products/ingestion_date=2025-09-29/ingestion_time=04:00:02/products.jsonl
Successfully uploaded to s3://avosoft-retail-bronze-jds-42/bronze/distribution_centers/ingestion_date=2025-09-29/ingestion_time=04:00:02/dcs.jsonl
2025-09-30 04:25:31,170 INFO ✅ S3 write ok: distribution_centers/ingestion_date=2025-09-29/ingestion_time=04:00:02/dcs.jsonl
2025-09-30 04:25:31,170 WARNING Failed to write s3 bronze inventory/ingestion_date=2025-09-29/ingestion_time=04:00:02/inventory.jsonl: Object of type Decimal is not JSON serializable
Successfully uploaded to s3://avosoft-retail-bronze-jds-42/bronze/orders/ingestion_date=2025-09-29/ingestion_time=04:00:02/orders.jsonl
2025-09-30 04:25:32,314 INFO ✅ S3 write ok: orders/ingestion_date=2025-09-29/ingestion_time=04:00:02/orders.jsonl
Successfully uploaded to s3://avosoft-retail-bronze-jds-42/bronze/order_items/ingestion_date=2025-09-29/ingestion_time=04:00:02/order_items.jsonl
2025-09-30 04:25:33,190 INFO ✅ S3 write ok: order_items/ingestion_date=2025-09-29/ingestion_time=04:00:02/order_items.jsonl
Successfully uploaded to s3://avosoft-retail-bronze-jds-42/bronze/payments/ingestion_date=2025-09-29/ingestion_time=04:00:02/payments.jsonl
2025-09-30 04:25:33,568 INFO ✅ S3 write ok: payments/ingestion_date=2025-09-29/ingestion_time=04:00:02/payments.jsonl
Successfully uploaded to s3://avosoft-retail-bronze-jds-42/bronze/events/ingestion_date=2025-09-29/ingestion_time=04:00:02/events.jsonl
2025-09-30 04:25:34,882 INFO ✅ S3 write ok: events/ingestion_date=2025-09-29/ingestion_time=04:00:02/events.jsonl
SUCCESS: Data generation completed
=== [2025-09-30 04:25:35] Completion status: 0 ===

Environment loaded from /home/ubuntu/avosoft_retail/.env
Running data generator for 2025-09-30...
2025-09-30 08:00:11,005 INFO DEBUG SETTINGS -> users=50, orders=750, events=5000
2025-09-30 08:00:12,148 INFO [2025-09-29] Inserted 50 new users ✅
2025-09-30 08:00:29,702 INFO [2025-09-29] Inserted 750 orders ✅
2025-09-30 08:24:37,416 INFO [2025-09-29] Inserted 1136 order_items ✅
2025-09-30 08:24:38,341 INFO [2025-09-29] Inserted 750 payments ✅
2025-09-30 08:24:44,508 INFO Generated | users=50 products=5 orders=750 items=1136 paid=560 events=5604
Successfully uploaded to s3://avosoft-retail-bronze-jds-42/bronze/users/ingestion_date=2025-09-29/ingestion_time=08:00:02/users.jsonl
2025-09-30 08:24:46,015 INFO ✅ S3 write ok: users/ingestion_date=2025-09-29/ingestion_time=08:00:02/users.jsonl
Successfully uploaded to s3://avosoft-retail-bronze-jds-42/bronze/products/ingestion_date=2025-09-29/ingestion_time=08:00:02/products.jsonl
2025-09-30 08:24:46,318 INFO ✅ S3 write ok: products/ingestion_date=2025-09-29/ingestion_time=08:00:02/products.jsonl
Successfully uploaded to s3://avosoft-retail-bronze-jds-42/bronze/distribution_centers/ingestion_date=2025-09-29/ingestion_time=08:00:02/dcs.jsonl
2025-09-30 08:24:46,623 INFO ✅ S3 write ok: distribution_centers/ingestion_date=2025-09-29/ingestion_time=08:00:02/dcs.jsonl
2025-09-30 08:24:46,623 WARNING Failed to write s3 bronze inventory/ingestion_date=2025-09-29/ingestion_time=08:00:02/inventory.jsonl: Object of type Decimal is not JSON serializable
Successfully uploaded to s3://avosoft-retail-bronze-jds-42/bronze/orders/ingestion_date=2025-09-29/ingestion_time=08:00:02/orders.jsonl
2025-09-30 08:24:47,878 INFO ✅ S3 write ok: orders/ingestion_date=2025-09-29/ingestion_time=08:00:02/orders.jsonl
Successfully uploaded to s3://avosoft-retail-bronze-jds-42/bronze/order_items/ingestion_date=2025-09-29/ingestion_time=08:00:02/order_items.jsonl
2025-09-30 08:24:48,798 INFO ✅ S3 write ok: order_items/ingestion_date=2025-09-29/ingestion_time=08:00:02/order_items.jsonl
Successfully uploaded to s3://avosoft-retail-bronze-jds-42/bronze/payments/ingestion_date=2025-09-29/ingestion_time=08:00:02/payments.jsonl
2025-09-30 08:24:49,163 INFO ✅ S3 write ok: payments/ingestion_date=2025-09-29/ingestion_time=08:00:02/payments.jsonl
Successfully uploaded to s3://avosoft-retail-bronze-jds-42/bronze/events/ingestion_date=2025-09-29/ingestion_time=08:00:02/events.jsonl
2025-09-30 08:24:50,216 INFO ✅ S3 write ok: events/ingestion_date=2025-09-29/ingestion_time=08:00:02/events.jsonl
SUCCESS: Data generation completed
=== [2025-09-30 08:24:50] Completion status: 0 ===

Environment loaded from /home/ubuntu/avosoft_retail/.env
Running data generator for 2025-09-30...
2025-09-30 12:00:11,308 INFO DEBUG SETTINGS -> users=50, orders=750, events=5000
2025-09-30 12:00:12,468 INFO [2025-09-29] Inserted 50 new users ✅
2025-09-30 12:00:26,113 INFO [2025-09-29] Inserted 750 orders ✅
2025-09-30 12:25:04,154 INFO [2025-09-29] Inserted 1132 order_items ✅
2025-09-30 12:25:05,096 INFO [2025-09-29] Inserted 750 payments ✅
2025-09-30 12:25:11,334 INFO Generated | users=50 products=5 orders=750 items=1132 paid=579 events=5624
Successfully uploaded to s3://avosoft-retail-bronze-jds-42/bronze/users/ingestion_date=2025-09-29/ingestion_time=12:00:02/users.jsonl
2025-09-30 12:25:12,869 INFO ✅ S3 write ok: users/ingestion_date=2025-09-29/ingestion_time=12:00:02/users.jsonl
Successfully uploaded to s3://avosoft-retail-bronze-jds-42/bronze/products/ingestion_date=2025-09-29/ingestion_time=12:00:02/products.jsonl
2025-09-30 12:25:13,176 INFO ✅ S3 write ok: products/ingestion_date=2025-09-29/ingestion_time=12:00:02/products.jsonl
Successfully uploaded to s3://avosoft-retail-bronze-jds-42/bronze/distribution_centers/ingestion_date=2025-09-29/ingestion_time=12:00:02/dcs.jsonl
2025-09-30 12:25:13,478 INFO ✅ S3 write ok: distribution_centers/ingestion_date=2025-09-29/ingestion_time=12:00:02/dcs.jsonl
2025-09-30 12:25:13,479 WARNING Failed to write s3 bronze inventory/ingestion_date=2025-09-29/ingestion_time=12:00:02/inventory.jsonl: Object of type Decimal is not JSON serializable
Successfully uploaded to s3://avosoft-retail-bronze-jds-42/bronze/orders/ingestion_date=2025-09-29/ingestion_time=12:00:02/orders.jsonl
2025-09-30 12:25:14,385 INFO ✅ S3 write ok: orders/ingestion_date=2025-09-29/ingestion_time=12:00:02/orders.jsonl
Successfully uploaded to s3://avosoft-retail-bronze-jds-42/bronze/order_items/ingestion_date=2025-09-29/ingestion_time=12:00:02/order_items.jsonl
2025-09-30 12:25:15,287 INFO ✅ S3 write ok: order_items/ingestion_date=2025-09-29/ingestion_time=12:00:02/order_items.jsonl
Successfully uploaded to s3://avosoft-retail-bronze-jds-42/bronze/payments/ingestion_date=2025-09-29/ingestion_time=12:00:02/payments.jsonl
2025-09-30 12:25:15,646 INFO ✅ S3 write ok: payments/ingestion_date=2025-09-29/ingestion_time=12:00:02/payments.jsonl
Successfully uploaded to s3://avosoft-retail-bronze-jds-42/bronze/events/ingestion_date=2025-09-29/ingestion_time=12:00:02/events.jsonl
2025-09-30 12:25:16,650 INFO ✅ S3 write ok: events/ingestion_date=2025-09-29/ingestion_time=12:00:02/events.jsonl
SUCCESS: Data generation completed
=== [2025-09-30 12:25:16] Completion status: 0 ===

Environment loaded from /home/ubuntu/avosoft_retail/.env
Running data generator for 2025-09-30...
2025-09-30 16:00:11,205 INFO DEBUG SETTINGS -> users=50, orders=750, events=5000
2025-09-30 16:00:12,366 INFO [2025-09-29] Inserted 50 new users ✅
2025-09-30 16:00:31,146 INFO [2025-09-29] Inserted 750 orders ✅
2025-09-30 16:24:56,052 INFO [2025-09-29] Inserted 1116 order_items ✅
2025-09-30 16:24:56,993 INFO [2025-09-29] Inserted 750 payments ✅
2025-09-30 16:25:03,055 INFO Generated | users=50 products=5 orders=750 items=1116 paid=580 events=5624
Successfully uploaded to s3://avosoft-retail-bronze-jds-42/bronze/users/ingestion_date=2025-09-29/ingestion_time=16:00:02/users.jsonl
2025-09-30 16:25:04,604 INFO ✅ S3 write ok: users/ingestion_date=2025-09-29/ingestion_time=16:00:02/users.jsonl
Successfully uploaded to s3://avosoft-retail-bronze-jds-42/bronze/products/ingestion_date=2025-09-29/ingestion_time=16:00:02/products.jsonl
2025-09-30 16:25:04,907 INFO ✅ S3 write ok: products/ingestion_date=2025-09-29/ingestion_time=16:00:02/products.jsonl
Successfully uploaded to s3://avosoft-retail-bronze-jds-42/bronze/distribution_centers/ingestion_date=2025-09-29/ingestion_time=16:00:02/dcs.jsonl
2025-09-30 16:25:05,213 INFO ✅ S3 write ok: distribution_centers/ingestion_date=2025-09-29/ingestion_time=16:00:02/dcs.jsonl
2025-09-30 16:25:05,213 WARNING Failed to write s3 bronze inventory/ingestion_date=2025-09-29/ingestion_time=16:00:02/inventory.jsonl: Object of type Decimal is not JSON serializable
Successfully uploaded to s3://avosoft-retail-bronze-jds-42/bronze/orders/ingestion_date=2025-09-29/ingestion_time=16:00:02/orders.jsonl
2025-09-30 16:25:06,145 INFO ✅ S3 write ok: orders/ingestion_date=2025-09-29/ingestion_time=16:00:02/orders.jsonl
Successfully uploaded to s3://avosoft-retail-bronze-jds-42/bronze/order_items/ingestion_date=2025-09-29/ingestion_time=16:00:02/order_items.jsonl
2025-09-30 16:25:07,042 INFO ✅ S3 write ok: order_items/ingestion_date=2025-09-29/ingestion_time=16:00:02/order_items.jsonl
Successfully uploaded to s3://avosoft-retail-bronze-jds-42/bronze/payments/ingestion_date=2025-09-29/ingestion_time=16:00:02/payments.jsonl
2025-09-30 16:25:07,396 INFO ✅ S3 write ok: payments/ingestion_date=2025-09-29/ingestion_time=16:00:02/payments.jsonl
Successfully uploaded to s3://avosoft-retail-bronze-jds-42/bronze/events/ingestion_date=2025-09-29/ingestion_time=16:00:02/events.jsonl
2025-09-30 16:25:08,430 INFO ✅ S3 write ok: events/ingestion_date=2025-09-29/ingestion_time=16:00:02/events.jsonl
SUCCESS: Data generation completed
=== [2025-09-30 16:25:08] Completion status: 0 ===

Environment loaded from /home/ubuntu/avosoft_retail/.env
Running data generator for 2025-09-30...
2025-09-30 20:00:11,609 INFO DEBUG SETTINGS -> users=50, orders=750, events=5000
2025-09-30 20:00:12,767 INFO [2025-09-29] Inserted 50 new users ✅
2025-09-30 20:00:31,544 INFO [2025-09-29] Inserted 750 orders ✅
2025-09-30 20:24:43,739 INFO [2025-09-29] Inserted 1111 order_items ✅
2025-09-30 20:24:44,701 INFO [2025-09-29] Inserted 750 payments ✅
2025-09-30 20:24:50,827 INFO Generated | users=50 products=5 orders=750 items=1111 paid=577 events=5620
Successfully uploaded to s3://avosoft-retail-bronze-jds-42/bronze/users/ingestion_date=2025-09-29/ingestion_time=20:00:02/users.jsonl
2025-09-30 20:24:52,050 INFO ✅ S3 write ok: users/ingestion_date=2025-09-29/ingestion_time=20:00:02/users.jsonl
Successfully uploaded to s3://avosoft-retail-bronze-jds-42/bronze/products/ingestion_date=2025-09-29/ingestion_time=20:00:02/products.jsonl
2025-09-30 20:24:52,353 INFO ✅ S3 write ok: products/ingestion_date=2025-09-29/ingestion_time=20:00:02/products.jsonl
Successfully uploaded to s3://avosoft-retail-bronze-jds-42/bronze/distribution_centers/ingestion_date=2025-09-29/ingestion_time=20:00:02/dcs.jsonl
2025-09-30 20:24:52,653 INFO ✅ S3 write ok: distribution_centers/ingestion_date=2025-09-29/ingestion_time=20:00:02/dcs.jsonl
2025-09-30 20:24:52,654 WARNING Failed to write s3 bronze inventory/ingestion_date=2025-09-29/ingestion_time=20:00:02/inventory.jsonl: Object of type Decimal is not JSON serializable
Successfully uploaded to s3://avosoft-retail-bronze-jds-42/bronze/orders/ingestion_date=2025-09-29/ingestion_time=20:00:02/orders.jsonl
2025-09-30 20:24:53,578 INFO ✅ S3 write ok: orders/ingestion_date=2025-09-29/ingestion_time=20:00:02/orders.jsonl
Successfully uploaded to s3://avosoft-retail-bronze-jds-42/bronze/order_items/ingestion_date=2025-09-29/ingestion_time=20:00:02/order_items.jsonl
2025-09-30 20:24:54,166 INFO ✅ S3 write ok: order_items/ingestion_date=2025-09-29/ingestion_time=20:00:02/order_items.jsonl
Successfully uploaded to s3://avosoft-retail-bronze-jds-42/bronze/payments/ingestion_date=2025-09-29/ingestion_time=20:00:02/payments.jsonl
2025-09-30 20:24:54,550 INFO ✅ S3 write ok: payments/ingestion_date=2025-09-29/ingestion_time=20:00:02/payments.jsonl
Successfully uploaded to s3://avosoft-retail-bronze-jds-42/bronze/events/ingestion_date=2025-09-29/ingestion_time=20:00:02/events.jsonl
2025-09-30 20:24:55,496 INFO ✅ S3 write ok: events/ingestion_date=2025-09-29/ingestion_time=20:00:02/events.jsonl
SUCCESS: Data generation completed
=== [2025-09-30 20:24:55] Completion status: 0 ===

Environment loaded from /home/ubuntu/avosoft_retail/.env
Running data generator for 2025-10-01...
2025-10-01 00:00:11,905 INFO DEBUG SETTINGS -> users=50, orders=750, events=5000
2025-10-01 00:00:13,867 INFO [2025-09-30] Inserted 50 new users ✅
2025-10-01 00:00:25,956 INFO [2025-09-30] Inserted 750 orders ✅
2025-10-01 00:24:08,839 INFO [2025-09-30] Inserted 1108 order_items ✅
2025-10-01 00:24:09,823 INFO [2025-09-30] Inserted 750 payments ✅
2025-10-01 00:24:15,930 INFO Generated | users=50 products=5 orders=750 items=1108 paid=559 events=5601
Successfully uploaded to s3://avosoft-retail-bronze-jds-42/bronze/users/ingestion_date=2025-09-30/ingestion_time=00:00:03/users.jsonl
2025-10-01 00:24:17,685 INFO ✅ S3 write ok: users/ingestion_date=2025-09-30/ingestion_time=00:00:03/users.jsonl
Successfully uploaded to s3://avosoft-retail-bronze-jds-42/bronze/products/ingestion_date=2025-09-30/ingestion_time=00:00:03/products.jsonl
2025-10-01 00:24:17,984 INFO ✅ S3 write ok: products/ingestion_date=2025-09-30/ingestion_time=00:00:03/products.jsonl
Successfully uploaded to s3://avosoft-retail-bronze-jds-42/bronze/distribution_centers/ingestion_date=2025-09-30/ingestion_time=00:00:03/dcs.jsonl
2025-10-01 00:24:18,282 INFO ✅ S3 write ok: distribution_centers/ingestion_date=2025-09-30/ingestion_time=00:00:03/dcs.jsonl
2025-10-01 00:24:18,283 WARNING Failed to write s3 bronze inventory/ingestion_date=2025-09-30/ingestion_time=00:00:03/inventory.jsonl: Object of type Decimal is not JSON serializable
Successfully uploaded to s3://avosoft-retail-bronze-jds-42/bronze/orders/ingestion_date=2025-09-30/ingestion_time=00:00:03/orders.jsonl
2025-10-01 00:24:19,165 INFO ✅ S3 write ok: orders/ingestion_date=2025-09-30/ingestion_time=00:00:03/orders.jsonl
Successfully uploaded to s3://avosoft-retail-bronze-jds-42/bronze/order_items/ingestion_date=2025-09-30/ingestion_time=00:00:03/order_items.jsonl
2025-10-01 00:24:20,035 INFO ✅ S3 write ok: order_items/ingestion_date=2025-09-30/ingestion_time=00:00:03/order_items.jsonl
Successfully uploaded to s3://avosoft-retail-bronze-jds-42/bronze/payments/ingestion_date=2025-09-30/ingestion_time=00:00:03/payments.jsonl
2025-10-01 00:24:20,404 INFO ✅ S3 write ok: payments/ingestion_date=2025-09-30/ingestion_time=00:00:03/payments.jsonl
Successfully uploaded to s3://avosoft-retail-bronze-jds-42/bronze/events/ingestion_date=2025-09-30/ingestion_time=00:00:03/events.jsonl
2025-10-01 00:24:21,421 INFO ✅ S3 write ok: events/ingestion_date=2025-09-30/ingestion_time=00:00:03/events.jsonl
SUCCESS: Data generation completed
=== [2025-10-01 00:24:21] Completion status: 0 ===

Environment loaded from /home/ubuntu/avosoft_retail/.env
Running data generator for 2025-10-01...
2025-10-01 04:00:11,040 INFO DEBUG SETTINGS -> users=50, orders=750, events=5000
2025-10-01 04:00:12,992 INFO [2025-09-30] Inserted 50 new users ✅
2025-10-01 04:00:25,869 INFO [2025-09-30] Inserted 750 orders ✅
2025-10-01 04:24:26,854 INFO [2025-09-30] Inserted 1108 order_items ✅
2025-10-01 04:24:27,779 INFO [2025-09-30] Inserted 750 payments ✅
2025-10-01 04:24:33,828 INFO Generated | users=50 products=5 orders=750 items=1108 paid=586 events=5629
Successfully uploaded to s3://avosoft-retail-bronze-jds-42/bronze/users/ingestion_date=2025-09-30/ingestion_time=04:00:02/users.jsonl
2025-10-01 04:24:35,642 INFO ✅ S3 write ok: users/ingestion_date=2025-09-30/ingestion_time=04:00:02/users.jsonl
Successfully uploaded to s3://avosoft-retail-bronze-jds-42/bronze/products/ingestion_date=2025-09-30/ingestion_time=04:00:02/products.jsonl
2025-10-01 04:24:35,944 INFO ✅ S3 write ok: products/ingestion_date=2025-09-30/ingestion_time=04:00:02/products.jsonl
Successfully uploaded to s3://avosoft-retail-bronze-jds-42/bronze/distribution_centers/ingestion_date=2025-09-30/ingestion_time=04:00:02/dcs.jsonl
2025-10-01 04:24:36,240 INFO ✅ S3 write ok: distribution_centers/ingestion_date=2025-09-30/ingestion_time=04:00:02/dcs.jsonl
2025-10-01 04:24:36,240 WARNING Failed to write s3 bronze inventory/ingestion_date=2025-09-30/ingestion_time=04:00:02/inventory.jsonl: Object of type Decimal is not JSON serializable
Successfully uploaded to s3://avosoft-retail-bronze-jds-42/bronze/orders/ingestion_date=2025-09-30/ingestion_time=04:00:02/orders.jsonl
2025-10-01 04:24:37,118 INFO ✅ S3 write ok: orders/ingestion_date=2025-09-30/ingestion_time=04:00:02/orders.jsonl
Successfully uploaded to s3://avosoft-retail-bronze-jds-42/bronze/order_items/ingestion_date=2025-09-30/ingestion_time=04:00:02/order_items.jsonl
2025-10-01 04:24:37,702 INFO ✅ S3 write ok: order_items/ingestion_date=2025-09-30/ingestion_time=04:00:02/order_items.jsonl
Successfully uploaded to s3://avosoft-retail-bronze-jds-42/bronze/payments/ingestion_date=2025-09-30/ingestion_time=04:00:02/payments.jsonl
2025-10-01 04:24:38,035 INFO ✅ S3 write ok: payments/ingestion_date=2025-09-30/ingestion_time=04:00:02/payments.jsonl
Successfully uploaded to s3://avosoft-retail-bronze-jds-42/bronze/events/ingestion_date=2025-09-30/ingestion_time=04:00:02/events.jsonl
2025-10-01 04:24:38,979 INFO ✅ S3 write ok: events/ingestion_date=2025-09-30/ingestion_time=04:00:02/events.jsonl
SUCCESS: Data generation completed
=== [2025-10-01 04:24:39] Completion status: 0 ===

Environment loaded from /home/ubuntu/avosoft_retail/.env
Running data generator for 2025-10-01...
2025-10-01 08:00:12,123 INFO DEBUG SETTINGS -> users=50, orders=750, events=5000
2025-10-01 08:00:14,118 INFO [2025-09-30] Inserted 50 new users ✅
2025-10-01 08:00:30,340 INFO [2025-09-30] Inserted 750 orders ✅
2025-10-01 08:25:17,083 INFO [2025-09-30] Inserted 1100 order_items ✅
2025-10-01 08:25:18,013 INFO [2025-09-30] Inserted 750 payments ✅
2025-10-01 08:25:24,422 INFO Generated | users=50 products=5 orders=750 items=1100 paid=557 events=5599
Successfully uploaded to s3://avosoft-retail-bronze-jds-42/bronze/users/ingestion_date=2025-09-30/ingestion_time=08:00:02/users.jsonl
2025-10-01 08:25:25,957 INFO ✅ S3 write ok: users/ingestion_date=2025-09-30/ingestion_time=08:00:02/users.jsonl
Successfully uploaded to s3://avosoft-retail-bronze-jds-42/bronze/products/ingestion_date=2025-09-30/ingestion_time=08:00:02/products.jsonl
2025-10-01 08:25:26,259 INFO ✅ S3 write ok: products/ingestion_date=2025-09-30/ingestion_time=08:00:02/products.jsonl
Successfully uploaded to s3://avosoft-retail-bronze-jds-42/bronze/distribution_centers/ingestion_date=2025-09-30/ingestion_time=08:00:02/dcs.jsonl
2025-10-01 08:25:26,557 INFO ✅ S3 write ok: distribution_centers/ingestion_date=2025-09-30/ingestion_time=08:00:02/dcs.jsonl
2025-10-01 08:25:26,558 WARNING Failed to write s3 bronze inventory/ingestion_date=2025-09-30/ingestion_time=08:00:02/inventory.jsonl: Object of type Decimal is not JSON serializable
Successfully uploaded to s3://avosoft-retail-bronze-jds-42/bronze/orders/ingestion_date=2025-09-30/ingestion_time=08:00:02/orders.jsonl
2025-10-01 08:25:27,484 INFO ✅ S3 write ok: orders/ingestion_date=2025-09-30/ingestion_time=08:00:02/orders.jsonl
Successfully uploaded to s3://avosoft-retail-bronze-jds-42/bronze/order_items/ingestion_date=2025-09-30/ingestion_time=08:00:02/order_items.jsonl
2025-10-01 08:25:28,077 INFO ✅ S3 write ok: order_items/ingestion_date=2025-09-30/ingestion_time=08:00:02/order_items.jsonl
Successfully uploaded to s3://avosoft-retail-bronze-jds-42/bronze/payments/ingestion_date=2025-09-30/ingestion_time=08:00:02/payments.jsonl
2025-10-01 08:25:28,479 INFO ✅ S3 write ok: payments/ingestion_date=2025-09-30/ingestion_time=08:00:02/payments.jsonl
Successfully uploaded to s3://avosoft-retail-bronze-jds-42/bronze/events/ingestion_date=2025-09-30/ingestion_time=08:00:02/events.jsonl
2025-10-01 08:25:29,767 INFO ✅ S3 write ok: events/ingestion_date=2025-09-30/ingestion_time=08:00:02/events.jsonl
SUCCESS: Data generation completed
=== [2025-10-01 08:25:29] Completion status: 0 ===

Environment loaded from /home/ubuntu/avosoft_retail/.env
Running data generator for 2025-10-01...
2025-10-01 12:00:11,511 INFO DEBUG SETTINGS -> users=50, orders=750, events=5000
2025-10-01 12:00:13,503 INFO [2025-09-30] Inserted 50 new users ✅
2025-10-01 12:00:27,453 INFO [2025-09-30] Inserted 750 orders ✅
2025-10-01 12:25:19,979 INFO [2025-09-30] Inserted 1095 order_items ✅
2025-10-01 12:25:20,948 INFO [2025-09-30] Inserted 750 payments ✅
2025-10-01 12:25:27,026 INFO Generated | users=50 products=5 orders=750 items=1095 paid=555 events=5598
Successfully uploaded to s3://avosoft-retail-bronze-jds-42/bronze/users/ingestion_date=2025-09-30/ingestion_time=12:00:02/users.jsonl
2025-10-01 12:25:28,810 INFO ✅ S3 write ok: users/ingestion_date=2025-09-30/ingestion_time=12:00:02/users.jsonl
Successfully uploaded to s3://avosoft-retail-bronze-jds-42/bronze/products/ingestion_date=2025-09-30/ingestion_time=12:00:02/products.jsonl
2025-10-01 12:25:29,124 INFO ✅ S3 write ok: products/ingestion_date=2025-09-30/ingestion_time=12:00:02/products.jsonl
Successfully uploaded to s3://avosoft-retail-bronze-jds-42/bronze/distribution_centers/ingestion_date=2025-09-30/ingestion_time=12:00:02/dcs.jsonl
2025-10-01 12:25:29,428 INFO ✅ S3 write ok: distribution_centers/ingestion_date=2025-09-30/ingestion_time=12:00:02/dcs.jsonl
2025-10-01 12:25:29,428 WARNING Failed to write s3 bronze inventory/ingestion_date=2025-09-30/ingestion_time=12:00:02/inventory.jsonl: Object of type Decimal is not JSON serializable
Successfully uploaded to s3://avosoft-retail-bronze-jds-42/bronze/orders/ingestion_date=2025-09-30/ingestion_time=12:00:02/orders.jsonl
2025-10-01 12:25:30,297 INFO ✅ S3 write ok: orders/ingestion_date=2025-09-30/ingestion_time=12:00:02/orders.jsonl
Successfully uploaded to s3://avosoft-retail-bronze-jds-42/bronze/order_items/ingestion_date=2025-09-30/ingestion_time=12:00:02/order_items.jsonl
2025-10-01 12:25:31,206 INFO ✅ S3 write ok: order_items/ingestion_date=2025-09-30/ingestion_time=12:00:02/order_items.jsonl
Successfully uploaded to s3://avosoft-retail-bronze-jds-42/bronze/payments/ingestion_date=2025-09-30/ingestion_time=12:00:02/payments.jsonl
2025-10-01 12:25:31,544 INFO ✅ S3 write ok: payments/ingestion_date=2025-09-30/ingestion_time=12:00:02/payments.jsonl
Successfully uploaded to s3://avosoft-retail-bronze-jds-42/bronze/events/ingestion_date=2025-09-30/ingestion_time=12:00:02/events.jsonl
2025-10-01 12:25:32,549 INFO ✅ S3 write ok: events/ingestion_date=2025-09-30/ingestion_time=12:00:02/events.jsonl
SUCCESS: Data generation completed
=== [2025-10-01 12:25:32] Completion status: 0 ===

Environment loaded from /home/ubuntu/avosoft_retail/.env
Running data generator for 2025-10-01...
2025-10-01 16:00:10,724 INFO DEBUG SETTINGS -> users=50, orders=750, events=5000
2025-10-01 16:00:12,673 INFO [2025-09-30] Inserted 50 new users ✅
2025-10-01 16:00:26,380 INFO [2025-09-30] Inserted 750 orders ✅
2025-10-01 16:24:03,340 INFO [2025-09-30] Inserted 1088 order_items ✅
2025-10-01 16:24:04,253 INFO [2025-09-30] Inserted 750 payments ✅
2025-10-01 16:24:10,431 INFO Generated | users=50 products=5 orders=750 items=1088 paid=571 events=5614
Successfully uploaded to s3://avosoft-retail-bronze-jds-42/bronze/users/ingestion_date=2025-09-30/ingestion_time=16:00:02/users.jsonl
2025-10-01 16:24:11,980 INFO ✅ S3 write ok: users/ingestion_date=2025-09-30/ingestion_time=16:00:02/users.jsonl
Successfully uploaded to s3://avosoft-retail-bronze-jds-42/bronze/products/ingestion_date=2025-09-30/ingestion_time=16:00:02/products.jsonl
2025-10-01 16:24:12,289 INFO ✅ S3 write ok: products/ingestion_date=2025-09-30/ingestion_time=16:00:02/products.jsonl
Successfully uploaded to s3://avosoft-retail-bronze-jds-42/bronze/distribution_centers/ingestion_date=2025-09-30/ingestion_time=16:00:02/dcs.jsonl
2025-10-01 16:24:12,588 INFO ✅ S3 write ok: distribution_centers/ingestion_date=2025-09-30/ingestion_time=16:00:02/dcs.jsonl
2025-10-01 16:24:12,588 WARNING Failed to write s3 bronze inventory/ingestion_date=2025-09-30/ingestion_time=16:00:02/inventory.jsonl: Object of type Decimal is not JSON serializable
Successfully uploaded to s3://avosoft-retail-bronze-jds-42/bronze/orders/ingestion_date=2025-09-30/ingestion_time=16:00:02/orders.jsonl
2025-10-01 16:24:13,485 INFO ✅ S3 write ok: orders/ingestion_date=2025-09-30/ingestion_time=16:00:02/orders.jsonl
Successfully uploaded to s3://avosoft-retail-bronze-jds-42/bronze/order_items/ingestion_date=2025-09-30/ingestion_time=16:00:02/order_items.jsonl
2025-10-01 16:24:14,152 INFO ✅ S3 write ok: order_items/ingestion_date=2025-09-30/ingestion_time=16:00:02/order_items.jsonl
Successfully uploaded to s3://avosoft-retail-bronze-jds-42/bronze/payments/ingestion_date=2025-09-30/ingestion_time=16:00:02/payments.jsonl
2025-10-01 16:24:14,468 INFO ✅ S3 write ok: payments/ingestion_date=2025-09-30/ingestion_time=16:00:02/payments.jsonl
Successfully uploaded to s3://avosoft-retail-bronze-jds-42/bronze/events/ingestion_date=2025-09-30/ingestion_time=16:00:02/events.jsonl
2025-10-01 16:24:15,547 INFO ✅ S3 write ok: events/ingestion_date=2025-09-30/ingestion_time=16:00:02/events.jsonl
SUCCESS: Data generation completed
=== [2025-10-01 16:24:15] Completion status: 0 ===

Environment loaded from /home/ubuntu/avosoft_retail/.env
Running data generator for 2025-10-01...
2025-10-01 20:00:11,114 INFO DEBUG SETTINGS -> users=50, orders=750, events=5000
2025-10-01 20:00:13,066 INFO [2025-09-30] Inserted 50 new users ✅
2025-10-01 20:00:29,310 INFO [2025-09-30] Inserted 750 orders ✅
2025-10-01 20:24:05,109 INFO [2025-09-30] Inserted 1084 order_items ✅
2025-10-01 20:24:06,041 INFO [2025-09-30] Inserted 750 payments ✅
2025-10-01 20:24:12,015 INFO Generated | users=50 products=5 orders=750 items=1084 paid=566 events=5609
Successfully uploaded to s3://avosoft-retail-bronze-jds-42/bronze/users/ingestion_date=2025-09-30/ingestion_time=20:00:02/users.jsonl
2025-10-01 20:24:13,777 INFO ✅ S3 write ok: users/ingestion_date=2025-09-30/ingestion_time=20:00:02/users.jsonl
Successfully uploaded to s3://avosoft-retail-bronze-jds-42/bronze/products/ingestion_date=2025-09-30/ingestion_time=20:00:02/products.jsonl
2025-10-01 20:24:14,080 INFO ✅ S3 write ok: products/ingestion_date=2025-09-30/ingestion_time=20:00:02/products.jsonl
Successfully uploaded to s3://avosoft-retail-bronze-jds-42/bronze/distribution_centers/ingestion_date=2025-09-30/ingestion_time=20:00:02/dcs.jsonl
2025-10-01 20:24:14,377 INFO ✅ S3 write ok: distribution_centers/ingestion_date=2025-09-30/ingestion_time=20:00:02/dcs.jsonl
2025-10-01 20:24:14,377 WARNING Failed to write s3 bronze inventory/ingestion_date=2025-09-30/ingestion_time=20:00:02/inventory.jsonl: Object of type Decimal is not JSON serializable
Successfully uploaded to s3://avosoft-retail-bronze-jds-42/bronze/orders/ingestion_date=2025-09-30/ingestion_time=20:00:02/orders.jsonl
2025-10-01 20:24:15,317 INFO ✅ S3 write ok: orders/ingestion_date=2025-09-30/ingestion_time=20:00:02/orders.jsonl
Successfully uploaded to s3://avosoft-retail-bronze-jds-42/bronze/order_items/ingestion_date=2025-09-30/ingestion_time=20:00:02/order_items.jsonl
2025-10-01 20:24:15,960 INFO ✅ S3 write ok: order_items/ingestion_date=2025-09-30/ingestion_time=20:00:02/order_items.jsonl
Successfully uploaded to s3://avosoft-retail-bronze-jds-42/bronze/payments/ingestion_date=2025-09-30/ingestion_time=20:00:02/payments.jsonl
2025-10-01 20:24:16,272 INFO ✅ S3 write ok: payments/ingestion_date=2025-09-30/ingestion_time=20:00:02/payments.jsonl
Successfully uploaded to s3://avosoft-retail-bronze-jds-42/bronze/events/ingestion_date=2025-09-30/ingestion_time=20:00:02/events.jsonl
2025-10-01 20:24:17,301 INFO ✅ S3 write ok: events/ingestion_date=2025-09-30/ingestion_time=20:00:02/events.jsonl
SUCCESS: Data generation completed
=== [2025-10-01 20:24:17] Completion status: 0 ===

Environment loaded from /home/ubuntu/avosoft_retail/.env
Running data generator for 2025-10-02...
2025-10-02 00:00:11,930 INFO DEBUG SETTINGS -> users=50, orders=750, events=5000
2025-10-02 00:00:13,083 INFO [2025-10-01] Inserted 50 new users ✅
2025-10-02 00:00:28,633 INFO [2025-10-01] Inserted 750 orders ✅
2025-10-02 00:24:26,217 INFO [2025-10-01] Inserted 1083 order_items ✅
2025-10-02 00:24:27,151 INFO [2025-10-01] Inserted 750 payments ✅
2025-10-02 00:24:33,227 INFO Generated | users=50 products=5 orders=750 items=1083 paid=547 events=5589
Successfully uploaded to s3://avosoft-retail-bronze-jds-42/bronze/users/ingestion_date=2025-10-01/ingestion_time=00:00:03/users.jsonl
2025-10-02 00:24:34,746 INFO ✅ S3 write ok: users/ingestion_date=2025-10-01/ingestion_time=00:00:03/users.jsonl
Successfully uploaded to s3://avosoft-retail-bronze-jds-42/bronze/products/ingestion_date=2025-10-01/ingestion_time=00:00:03/products.jsonl
2025-10-02 00:24:35,044 INFO ✅ S3 write ok: products/ingestion_date=2025-10-01/ingestion_time=00:00:03/products.jsonl
Successfully uploaded to s3://avosoft-retail-bronze-jds-42/bronze/distribution_centers/ingestion_date=2025-10-01/ingestion_time=00:00:03/dcs.jsonl
2025-10-02 00:24:35,343 INFO ✅ S3 write ok: distribution_centers/ingestion_date=2025-10-01/ingestion_time=00:00:03/dcs.jsonl
2025-10-02 00:24:35,343 WARNING Failed to write s3 bronze inventory/ingestion_date=2025-10-01/ingestion_time=00:00:03/inventory.jsonl: Object of type Decimal is not JSON serializable
Successfully uploaded to s3://avosoft-retail-bronze-jds-42/bronze/orders/ingestion_date=2025-10-01/ingestion_time=00:00:03/orders.jsonl
2025-10-02 00:24:36,466 INFO ✅ S3 write ok: orders/ingestion_date=2025-10-01/ingestion_time=00:00:03/orders.jsonl
Successfully uploaded to s3://avosoft-retail-bronze-jds-42/bronze/order_items/ingestion_date=2025-10-01/ingestion_time=00:00:03/order_items.jsonl
2025-10-02 00:24:37,631 INFO ✅ S3 write ok: order_items/ingestion_date=2025-10-01/ingestion_time=00:00:03/order_items.jsonl
Successfully uploaded to s3://avosoft-retail-bronze-jds-42/bronze/payments/ingestion_date=2025-10-01/ingestion_time=00:00:03/payments.jsonl
2025-10-02 00:24:37,973 INFO ✅ S3 write ok: payments/ingestion_date=2025-10-01/ingestion_time=00:00:03/payments.jsonl
Successfully uploaded to s3://avosoft-retail-bronze-jds-42/bronze/events/ingestion_date=2025-10-01/ingestion_time=00:00:03/events.jsonl
2025-10-02 00:24:38,999 INFO ✅ S3 write ok: events/ingestion_date=2025-10-01/ingestion_time=00:00:03/events.jsonl
SUCCESS: Data generation completed
=== [2025-10-02 00:24:39] Completion status: 0 ===

Environment loaded from /home/ubuntu/avosoft_retail/.env
Running data generator for 2025-10-02...
2025-10-02 04:00:10,332 INFO DEBUG SETTINGS -> users=50, orders=750, events=5000
2025-10-02 04:00:11,485 INFO [2025-10-01] Inserted 50 new users ✅
2025-10-02 04:00:28,734 INFO [2025-10-01] Inserted 750 orders ✅
2025-10-02 04:24:21,125 INFO [2025-10-01] Inserted 1078 order_items ✅
2025-10-02 04:24:22,055 INFO [2025-10-01] Inserted 750 payments ✅
2025-10-02 04:24:28,133 INFO Generated | users=50 products=5 orders=750 items=1078 paid=569 events=5610
Successfully uploaded to s3://avosoft-retail-bronze-jds-42/bronze/users/ingestion_date=2025-10-01/ingestion_time=04:00:02/users.jsonl
2025-10-02 04:24:29,872 INFO ✅ S3 write ok: users/ingestion_date=2025-10-01/ingestion_time=04:00:02/users.jsonl
Successfully uploaded to s3://avosoft-retail-bronze-jds-42/bronze/products/ingestion_date=2025-10-01/ingestion_time=04:00:02/products.jsonl
2025-10-02 04:24:30,170 INFO ✅ S3 write ok: products/ingestion_date=2025-10-01/ingestion_time=04:00:02/products.jsonl
Successfully uploaded to s3://avosoft-retail-bronze-jds-42/bronze/distribution_centers/ingestion_date=2025-10-01/ingestion_time=04:00:02/dcs.jsonl
2025-10-02 04:24:30,470 INFO ✅ S3 write ok: distribution_centers/ingestion_date=2025-10-01/ingestion_time=04:00:02/dcs.jsonl
2025-10-02 04:24:30,470 WARNING Failed to write s3 bronze inventory/ingestion_date=2025-10-01/ingestion_time=04:00:02/inventory.jsonl: Object of type Decimal is not JSON serializable
Successfully uploaded to s3://avosoft-retail-bronze-jds-42/bronze/orders/ingestion_date=2025-10-01/ingestion_time=04:00:02/orders.jsonl
2025-10-02 04:24:31,585 INFO ✅ S3 write ok: orders/ingestion_date=2025-10-01/ingestion_time=04:00:02/orders.jsonl
Successfully uploaded to s3://avosoft-retail-bronze-jds-42/bronze/order_items/ingestion_date=2025-10-01/ingestion_time=04:00:02/order_items.jsonl
2025-10-02 04:24:32,745 INFO ✅ S3 write ok: order_items/ingestion_date=2025-10-01/ingestion_time=04:00:02/order_items.jsonl
Successfully uploaded to s3://avosoft-retail-bronze-jds-42/bronze/payments/ingestion_date=2025-10-01/ingestion_time=04:00:02/payments.jsonl
2025-10-02 04:24:33,103 INFO ✅ S3 write ok: payments/ingestion_date=2025-10-01/ingestion_time=04:00:02/payments.jsonl
Successfully uploaded to s3://avosoft-retail-bronze-jds-42/bronze/events/ingestion_date=2025-10-01/ingestion_time=04:00:02/events.jsonl
2025-10-02 04:24:34,127 INFO ✅ S3 write ok: events/ingestion_date=2025-10-01/ingestion_time=04:00:02/events.jsonl
SUCCESS: Data generation completed
=== [2025-10-02 04:24:34] Completion status: 0 ===

Environment loaded from /home/ubuntu/avosoft_retail/.env
Running data generator for 2025-10-02...
2025-10-02 08:00:10,545 INFO DEBUG SETTINGS -> users=50, orders=750, events=5000
2025-10-02 08:00:11,693 INFO [2025-10-01] Inserted 50 new users ✅
2025-10-02 08:00:29,599 INFO [2025-10-01] Inserted 750 orders ✅
2025-10-02 08:24:11,832 INFO [2025-10-01] Inserted 1076 order_items ✅
2025-10-02 08:24:12,783 INFO [2025-10-01] Inserted 750 payments ✅
2025-10-02 08:24:18,928 INFO Generated | users=50 products=5 orders=750 items=1076 paid=549 events=5590
Successfully uploaded to s3://avosoft-retail-bronze-jds-42/bronze/users/ingestion_date=2025-10-01/ingestion_time=08:00:02/users.jsonl
2025-10-02 08:24:20,685 INFO ✅ S3 write ok: users/ingestion_date=2025-10-01/ingestion_time=08:00:02/users.jsonl
Successfully uploaded to s3://avosoft-retail-bronze-jds-42/bronze/products/ingestion_date=2025-10-01/ingestion_time=08:00:02/products.jsonl
2025-10-02 08:24:20,984 INFO ✅ S3 write ok: products/ingestion_date=2025-10-01/ingestion_time=08:00:02/products.jsonl
Successfully uploaded to s3://avosoft-retail-bronze-jds-42/bronze/distribution_centers/ingestion_date=2025-10-01/ingestion_time=08:00:02/dcs.jsonl
2025-10-02 08:24:21,282 INFO ✅ S3 write ok: distribution_centers/ingestion_date=2025-10-01/ingestion_time=08:00:02/dcs.jsonl
2025-10-02 08:24:21,283 WARNING Failed to write s3 bronze inventory/ingestion_date=2025-10-01/ingestion_time=08:00:02/inventory.jsonl: Object of type Decimal is not JSON serializable
Successfully uploaded to s3://avosoft-retail-bronze-jds-42/bronze/orders/ingestion_date=2025-10-01/ingestion_time=08:00:02/orders.jsonl
2025-10-02 08:24:22,455 INFO ✅ S3 write ok: orders/ingestion_date=2025-10-01/ingestion_time=08:00:02/orders.jsonl
Successfully uploaded to s3://avosoft-retail-bronze-jds-42/bronze/order_items/ingestion_date=2025-10-01/ingestion_time=08:00:02/order_items.jsonl
2025-10-02 08:24:23,640 INFO ✅ S3 write ok: order_items/ingestion_date=2025-10-01/ingestion_time=08:00:02/order_items.jsonl
Successfully uploaded to s3://avosoft-retail-bronze-jds-42/bronze/payments/ingestion_date=2025-10-01/ingestion_time=08:00:02/payments.jsonl
2025-10-02 08:24:24,007 INFO ✅ S3 write ok: payments/ingestion_date=2025-10-01/ingestion_time=08:00:02/payments.jsonl
Successfully uploaded to s3://avosoft-retail-bronze-jds-42/bronze/events/ingestion_date=2025-10-01/ingestion_time=08:00:02/events.jsonl
2025-10-02 08:24:25,015 INFO ✅ S3 write ok: events/ingestion_date=2025-10-01/ingestion_time=08:00:02/events.jsonl
SUCCESS: Data generation completed
=== [2025-10-02 08:24:25] Completion status: 0 ===

Environment loaded from /home/ubuntu/avosoft_retail/.env
Running data generator for 2025-10-02...
2025-10-02 12:00:16,605 INFO DEBUG SETTINGS -> users=50, orders=750, events=5000
2025-10-02 12:00:17,903 INFO [2025-10-01] Inserted 50 new users ✅
2025-10-02 12:00:34,039 INFO [2025-10-01] Inserted 750 orders ✅
2025-10-02 12:24:49,966 INFO [2025-10-01] Inserted 1065 order_items ✅
2025-10-02 12:24:51,173 INFO [2025-10-01] Inserted 750 payments ✅
2025-10-02 12:24:57,249 INFO Generated | users=50 products=5 orders=750 items=1065 paid=562 events=5602
Successfully uploaded to s3://avosoft-retail-bronze-jds-42/bronze/users/ingestion_date=2025-10-01/ingestion_time=12:00:02/users.jsonl
2025-10-02 12:24:58,568 INFO ✅ S3 write ok: users/ingestion_date=2025-10-01/ingestion_time=12:00:02/users.jsonl
Successfully uploaded to s3://avosoft-retail-bronze-jds-42/bronze/products/ingestion_date=2025-10-01/ingestion_time=12:00:02/products.jsonl
2025-10-02 12:24:58,875 INFO ✅ S3 write ok: products/ingestion_date=2025-10-01/ingestion_time=12:00:02/products.jsonl
Successfully uploaded to s3://avosoft-retail-bronze-jds-42/bronze/distribution_centers/ingestion_date=2025-10-01/ingestion_time=12:00:02/dcs.jsonl
2025-10-02 12:24:59,181 INFO ✅ S3 write ok: distribution_centers/ingestion_date=2025-10-01/ingestion_time=12:00:02/dcs.jsonl
2025-10-02 12:24:59,181 WARNING Failed to write s3 bronze inventory/ingestion_date=2025-10-01/ingestion_time=12:00:02/inventory.jsonl: Object of type Decimal is not JSON serializable
Successfully uploaded to s3://avosoft-retail-bronze-jds-42/bronze/orders/ingestion_date=2025-10-01/ingestion_time=12:00:02/orders.jsonl
2025-10-02 12:25:00,078 INFO ✅ S3 write ok: orders/ingestion_date=2025-10-01/ingestion_time=12:00:02/orders.jsonl
Successfully uploaded to s3://avosoft-retail-bronze-jds-42/bronze/order_items/ingestion_date=2025-10-01/ingestion_time=12:00:02/order_items.jsonl
2025-10-02 12:25:00,705 INFO ✅ S3 write ok: order_items/ingestion_date=2025-10-01/ingestion_time=12:00:02/order_items.jsonl
Successfully uploaded to s3://avosoft-retail-bronze-jds-42/bronze/payments/ingestion_date=2025-10-01/ingestion_time=12:00:02/payments.jsonl
2025-10-02 12:25:01,046 INFO ✅ S3 write ok: payments/ingestion_date=2025-10-01/ingestion_time=12:00:02/payments.jsonl
Successfully uploaded to s3://avosoft-retail-bronze-jds-42/bronze/events/ingestion_date=2025-10-01/ingestion_time=12:00:02/events.jsonl
2025-10-02 12:25:02,053 INFO ✅ S3 write ok: events/ingestion_date=2025-10-01/ingestion_time=12:00:02/events.jsonl
SUCCESS: Data generation completed
=== [2025-10-02 12:25:02] Completion status: 0 ===

Environment loaded from /home/ubuntu/avosoft_retail/.env
Running data generator for 2025-10-02...
2025-10-02 16:00:10,598 INFO DEBUG SETTINGS -> users=50, orders=750, events=5000
2025-10-02 16:00:11,764 INFO [2025-10-01] Inserted 50 new users ✅
2025-10-02 16:00:27,331 INFO [2025-10-01] Inserted 750 orders ✅
2025-10-02 16:24:06,950 INFO [2025-10-01] Inserted 1060 order_items ✅
2025-10-02 16:24:07,878 INFO [2025-10-01] Inserted 750 payments ✅
2025-10-02 16:24:13,939 INFO Generated | users=50 products=5 orders=750 items=1060 paid=558 events=5597
Successfully uploaded to s3://avosoft-retail-bronze-jds-42/bronze/users/ingestion_date=2025-10-01/ingestion_time=16:00:01/users.jsonl
2025-10-02 16:24:15,770 INFO ✅ S3 write ok: users/ingestion_date=2025-10-01/ingestion_time=16:00:01/users.jsonl
Successfully uploaded to s3://avosoft-retail-bronze-jds-42/bronze/products/ingestion_date=2025-10-01/ingestion_time=16:00:01/products.jsonl
2025-10-02 16:24:16,075 INFO ✅ S3 write ok: products/ingestion_date=2025-10-01/ingestion_time=16:00:01/products.jsonl
Successfully uploaded to s3://avosoft-retail-bronze-jds-42/bronze/distribution_centers/ingestion_date=2025-10-01/ingestion_time=16:00:01/dcs.jsonl
2025-10-02 16:24:16,375 INFO ✅ S3 write ok: distribution_centers/ingestion_date=2025-10-01/ingestion_time=16:00:01/dcs.jsonl
2025-10-02 16:24:16,375 WARNING Failed to write s3 bronze inventory/ingestion_date=2025-10-01/ingestion_time=16:00:01/inventory.jsonl: Object of type Decimal is not JSON serializable
Successfully uploaded to s3://avosoft-retail-bronze-jds-42/bronze/orders/ingestion_date=2025-10-01/ingestion_time=16:00:01/orders.jsonl
2025-10-02 16:24:17,279 INFO ✅ S3 write ok: orders/ingestion_date=2025-10-01/ingestion_time=16:00:01/orders.jsonl
Successfully uploaded to s3://avosoft-retail-bronze-jds-42/bronze/order_items/ingestion_date=2025-10-01/ingestion_time=16:00:01/order_items.jsonl
2025-10-02 16:24:17,908 INFO ✅ S3 write ok: order_items/ingestion_date=2025-10-01/ingestion_time=16:00:01/order_items.jsonl
Successfully uploaded to s3://avosoft-retail-bronze-jds-42/bronze/payments/ingestion_date=2025-10-01/ingestion_time=16:00:01/payments.jsonl
2025-10-02 16:24:18,243 INFO ✅ S3 write ok: payments/ingestion_date=2025-10-01/ingestion_time=16:00:01/payments.jsonl
Successfully uploaded to s3://avosoft-retail-bronze-jds-42/bronze/events/ingestion_date=2025-10-01/ingestion_time=16:00:01/events.jsonl
2025-10-02 16:24:19,203 INFO ✅ S3 write ok: events/ingestion_date=2025-10-01/ingestion_time=16:00:01/events.jsonl
SUCCESS: Data generation completed
=== [2025-10-02 16:24:19] Completion status: 0 ===

Environment loaded from /home/ubuntu/avosoft_retail/.env
Running data generator for 2025-10-02...
2025-10-02 20:00:10,511 INFO DEBUG SETTINGS -> users=50, orders=750, events=5000
2025-10-02 20:00:11,661 INFO [2025-10-01] Inserted 50 new users ✅
2025-10-02 20:00:24,738 INFO [2025-10-01] Inserted 750 orders ✅
2025-10-02 20:23:51,618 INFO [2025-10-01] Inserted 1053 order_items ✅
2025-10-02 20:23:52,546 INFO [2025-10-01] Inserted 750 payments ✅
2025-10-02 20:23:58,544 INFO Generated | users=50 products=5 orders=750 items=1053 paid=561 events=5599
Successfully uploaded to s3://avosoft-retail-bronze-jds-42/bronze/users/ingestion_date=2025-10-01/ingestion_time=20:00:02/users.jsonl
2025-10-02 20:24:00,070 INFO ✅ S3 write ok: users/ingestion_date=2025-10-01/ingestion_time=20:00:02/users.jsonl
Successfully uploaded to s3://avosoft-retail-bronze-jds-42/bronze/products/ingestion_date=2025-10-01/ingestion_time=20:00:02/products.jsonl
2025-10-02 20:24:00,371 INFO ✅ S3 write ok: products/ingestion_date=2025-10-01/ingestion_time=20:00:02/products.jsonl
Successfully uploaded to s3://avosoft-retail-bronze-jds-42/bronze/distribution_centers/ingestion_date=2025-10-01/ingestion_time=20:00:02/dcs.jsonl
2025-10-02 20:24:00,665 INFO ✅ S3 write ok: distribution_centers/ingestion_date=2025-10-01/ingestion_time=20:00:02/dcs.jsonl
2025-10-02 20:24:00,665 WARNING Failed to write s3 bronze inventory/ingestion_date=2025-10-01/ingestion_time=20:00:02/inventory.jsonl: Object of type Decimal is not JSON serializable
Successfully uploaded to s3://avosoft-retail-bronze-jds-42/bronze/orders/ingestion_date=2025-10-01/ingestion_time=20:00:02/orders.jsonl
2025-10-02 20:24:01,819 INFO ✅ S3 write ok: orders/ingestion_date=2025-10-01/ingestion_time=20:00:02/orders.jsonl
Successfully uploaded to s3://avosoft-retail-bronze-jds-42/bronze/order_items/ingestion_date=2025-10-01/ingestion_time=20:00:02/order_items.jsonl
2025-10-02 20:24:02,983 INFO ✅ S3 write ok: order_items/ingestion_date=2025-10-01/ingestion_time=20:00:02/order_items.jsonl
Successfully uploaded to s3://avosoft-retail-bronze-jds-42/bronze/payments/ingestion_date=2025-10-01/ingestion_time=20:00:02/payments.jsonl
2025-10-02 20:24:03,290 INFO ✅ S3 write ok: payments/ingestion_date=2025-10-01/ingestion_time=20:00:02/payments.jsonl
Successfully uploaded to s3://avosoft-retail-bronze-jds-42/bronze/events/ingestion_date=2025-10-01/ingestion_time=20:00:02/events.jsonl
2025-10-02 20:24:04,326 INFO ✅ S3 write ok: events/ingestion_date=2025-10-01/ingestion_time=20:00:02/events.jsonl
SUCCESS: Data generation completed
=== [2025-10-02 20:24:04] Completion status: 0 ===

Environment loaded from /home/ubuntu/avosoft_retail/.env
Running data generator for 2025-10-03...
2025-10-03 00:00:11,116 INFO DEBUG SETTINGS -> users=50, orders=750, events=5000
2025-10-03 00:00:12,288 INFO [2025-10-02] Inserted 50 new users ✅
2025-10-03 00:00:26,764 INFO [2025-10-02] Inserted 750 orders ✅
2025-10-03 00:23:33,623 INFO [2025-10-02] Inserted 1042 order_items ✅
2025-10-03 00:23:34,540 INFO [2025-10-02] Inserted 750 payments ✅
2025-10-03 00:23:40,626 INFO Generated | users=50 products=5 orders=750 items=1042 paid=561 events=5598
Successfully uploaded to s3://avosoft-retail-bronze-jds-42/bronze/users/ingestion_date=2025-10-02/ingestion_time=00:00:03/users.jsonl
2025-10-03 00:23:42,390 INFO ✅ S3 write ok: users/ingestion_date=2025-10-02/ingestion_time=00:00:03/users.jsonl
Successfully uploaded to s3://avosoft-retail-bronze-jds-42/bronze/products/ingestion_date=2025-10-02/ingestion_time=00:00:03/products.jsonl
2025-10-03 00:23:42,691 INFO ✅ S3 write ok: products/ingestion_date=2025-10-02/ingestion_time=00:00:03/products.jsonl
Successfully uploaded to s3://avosoft-retail-bronze-jds-42/bronze/distribution_centers/ingestion_date=2025-10-02/ingestion_time=00:00:03/dcs.jsonl
2025-10-03 00:23:42,996 INFO ✅ S3 write ok: distribution_centers/ingestion_date=2025-10-02/ingestion_time=00:00:03/dcs.jsonl
2025-10-03 00:23:42,996 WARNING Failed to write s3 bronze inventory/ingestion_date=2025-10-02/ingestion_time=00:00:03/inventory.jsonl: Object of type Decimal is not JSON serializable
Successfully uploaded to s3://avosoft-retail-bronze-jds-42/bronze/orders/ingestion_date=2025-10-02/ingestion_time=00:00:03/orders.jsonl
2025-10-03 00:23:43,905 INFO ✅ S3 write ok: orders/ingestion_date=2025-10-02/ingestion_time=00:00:03/orders.jsonl
Successfully uploaded to s3://avosoft-retail-bronze-jds-42/bronze/order_items/ingestion_date=2025-10-02/ingestion_time=00:00:03/order_items.jsonl
2025-10-03 00:23:44,520 INFO ✅ S3 write ok: order_items/ingestion_date=2025-10-02/ingestion_time=00:00:03/order_items.jsonl
Successfully uploaded to s3://avosoft-retail-bronze-jds-42/bronze/payments/ingestion_date=2025-10-02/ingestion_time=00:00:03/payments.jsonl
2025-10-03 00:23:44,833 INFO ✅ S3 write ok: payments/ingestion_date=2025-10-02/ingestion_time=00:00:03/payments.jsonl
Successfully uploaded to s3://avosoft-retail-bronze-jds-42/bronze/events/ingestion_date=2025-10-02/ingestion_time=00:00:03/events.jsonl
2025-10-03 00:23:45,859 INFO ✅ S3 write ok: events/ingestion_date=2025-10-02/ingestion_time=00:00:03/events.jsonl
SUCCESS: Data generation completed
=== [2025-10-03 00:23:46] Completion status: 0 ===

Environment loaded from /home/ubuntu/avosoft_retail/.env
Running data generator for 2025-10-03...
2025-10-03 04:00:10,419 INFO DEBUG SETTINGS -> users=50, orders=750, events=5000
2025-10-03 04:00:11,573 INFO [2025-10-02] Inserted 50 new users ✅
2025-10-03 04:00:25,469 INFO [2025-10-02] Inserted 750 orders ✅
2025-10-03 04:23:40,599 INFO [2025-10-02] Inserted 1034 order_items ✅
2025-10-03 04:23:41,563 INFO [2025-10-02] Inserted 750 payments ✅
2025-10-03 04:23:47,605 INFO Generated | users=50 products=5 orders=750 items=1034 paid=567 events=5604
Successfully uploaded to s3://avosoft-retail-bronze-jds-42/bronze/users/ingestion_date=2025-10-02/ingestion_time=04:00:01/users.jsonl
2025-10-03 04:23:48,865 INFO ✅ S3 write ok: users/ingestion_date=2025-10-02/ingestion_time=04:00:01/users.jsonl
Successfully uploaded to s3://avosoft-retail-bronze-jds-42/bronze/products/ingestion_date=2025-10-02/ingestion_time=04:00:01/products.jsonl
2025-10-03 04:23:49,184 INFO ✅ S3 write ok: products/ingestion_date=2025-10-02/ingestion_time=04:00:01/products.jsonl
Successfully uploaded to s3://avosoft-retail-bronze-jds-42/bronze/distribution_centers/ingestion_date=2025-10-02/ingestion_time=04:00:01/dcs.jsonl
2025-10-03 04:23:49,490 INFO ✅ S3 write ok: distribution_centers/ingestion_date=2025-10-02/ingestion_time=04:00:01/dcs.jsonl
2025-10-03 04:23:49,490 WARNING Failed to write s3 bronze inventory/ingestion_date=2025-10-02/ingestion_time=04:00:01/inventory.jsonl: Object of type Decimal is not JSON serializable
Successfully uploaded to s3://avosoft-retail-bronze-jds-42/bronze/orders/ingestion_date=2025-10-02/ingestion_time=04:00:01/orders.jsonl
2025-10-03 04:23:50,386 INFO ✅ S3 write ok: orders/ingestion_date=2025-10-02/ingestion_time=04:00:01/orders.jsonl
Successfully uploaded to s3://avosoft-retail-bronze-jds-42/bronze/order_items/ingestion_date=2025-10-02/ingestion_time=04:00:01/order_items.jsonl
2025-10-03 04:23:51,008 INFO ✅ S3 write ok: order_items/ingestion_date=2025-10-02/ingestion_time=04:00:01/order_items.jsonl
Successfully uploaded to s3://avosoft-retail-bronze-jds-42/bronze/payments/ingestion_date=2025-10-02/ingestion_time=04:00:01/payments.jsonl
2025-10-03 04:23:51,375 INFO ✅ S3 write ok: payments/ingestion_date=2025-10-02/ingestion_time=04:00:01/payments.jsonl
Successfully uploaded to s3://avosoft-retail-bronze-jds-42/bronze/events/ingestion_date=2025-10-02/ingestion_time=04:00:01/events.jsonl
2025-10-03 04:23:52,478 INFO ✅ S3 write ok: events/ingestion_date=2025-10-02/ingestion_time=04:00:01/events.jsonl
SUCCESS: Data generation completed
=== [2025-10-03 04:23:52] Completion status: 0 ===

Environment loaded from /home/ubuntu/avosoft_retail/.env
Running data generator for 2025-10-03...
2025-10-03 08:00:11,036 INFO DEBUG SETTINGS -> users=50, orders=750, events=5000
2025-10-03 08:00:12,198 INFO [2025-10-02] Inserted 50 new users ✅
2025-10-03 08:00:28,787 INFO [2025-10-02] Inserted 750 orders ✅
2025-10-03 08:23:50,449 INFO [2025-10-02] Inserted 1036 order_items ✅
2025-10-03 08:23:51,382 INFO [2025-10-02] Inserted 750 payments ✅
2025-10-03 08:23:57,409 INFO Generated | users=50 products=5 orders=750 items=1036 paid=553 events=5590
Successfully uploaded to s3://avosoft-retail-bronze-jds-42/bronze/users/ingestion_date=2025-10-02/ingestion_time=08:00:02/users.jsonl
2025-10-03 08:23:58,655 INFO ✅ S3 write ok: users/ingestion_date=2025-10-02/ingestion_time=08:00:02/users.jsonl
Successfully uploaded to s3://avosoft-retail-bronze-jds-42/bronze/products/ingestion_date=2025-10-02/ingestion_time=08:00:02/products.jsonl
2025-10-03 08:23:58,958 INFO ✅ S3 write ok: products/ingestion_date=2025-10-02/ingestion_time=08:00:02/products.jsonl
Successfully uploaded to s3://avosoft-retail-bronze-jds-42/bronze/distribution_centers/ingestion_date=2025-10-02/ingestion_time=08:00:02/dcs.jsonl
2025-10-03 08:23:59,258 INFO ✅ S3 write ok: distribution_centers/ingestion_date=2025-10-02/ingestion_time=08:00:02/dcs.jsonl
2025-10-03 08:23:59,258 WARNING Failed to write s3 bronze inventory/ingestion_date=2025-10-02/ingestion_time=08:00:02/inventory.jsonl: Object of type Decimal is not JSON serializable
Successfully uploaded to s3://avosoft-retail-bronze-jds-42/bronze/orders/ingestion_date=2025-10-02/ingestion_time=08:00:02/orders.jsonl
2025-10-03 08:24:00,186 INFO ✅ S3 write ok: orders/ingestion_date=2025-10-02/ingestion_time=08:00:02/orders.jsonl
Successfully uploaded to s3://avosoft-retail-bronze-jds-42/bronze/order_items/ingestion_date=2025-10-02/ingestion_time=08:00:02/order_items.jsonl
2025-10-03 08:24:00,825 INFO ✅ S3 write ok: order_items/ingestion_date=2025-10-02/ingestion_time=08:00:02/order_items.jsonl
Successfully uploaded to s3://avosoft-retail-bronze-jds-42/bronze/payments/ingestion_date=2025-10-02/ingestion_time=08:00:02/payments.jsonl
2025-10-03 08:24:01,217 INFO ✅ S3 write ok: payments/ingestion_date=2025-10-02/ingestion_time=08:00:02/payments.jsonl
Successfully uploaded to s3://avosoft-retail-bronze-jds-42/bronze/events/ingestion_date=2025-10-02/ingestion_time=08:00:02/events.jsonl
2025-10-03 08:24:02,495 INFO ✅ S3 write ok: events/ingestion_date=2025-10-02/ingestion_time=08:00:02/events.jsonl
SUCCESS: Data generation completed
=== [2025-10-03 08:24:02] Completion status: 0 ===

Environment loaded from /home/ubuntu/avosoft_retail/.env
Running data generator for 2025-10-03...
2025-10-03 12:00:11,141 INFO DEBUG SETTINGS -> users=50, orders=750, events=5000
2025-10-03 12:00:12,293 INFO [2025-10-02] Inserted 50 new users ✅
2025-10-03 12:00:28,732 INFO [2025-10-02] Inserted 750 orders ✅
2025-10-03 12:23:46,260 INFO [2025-10-02] Inserted 1037 order_items ✅
2025-10-03 12:23:47,212 INFO [2025-10-02] Inserted 750 payments ✅
2025-10-03 12:23:53,354 INFO Generated | users=50 products=5 orders=750 items=1037 paid=562 events=5599
Successfully uploaded to s3://avosoft-retail-bronze-jds-42/bronze/users/ingestion_date=2025-10-02/ingestion_time=12:00:02/users.jsonl
2025-10-03 12:23:54,670 INFO ✅ S3 write ok: users/ingestion_date=2025-10-02/ingestion_time=12:00:02/users.jsonl
Successfully uploaded to s3://avosoft-retail-bronze-jds-42/bronze/products/ingestion_date=2025-10-02/ingestion_time=12:00:02/products.jsonl
2025-10-03 12:23:54,973 INFO ✅ S3 write ok: products/ingestion_date=2025-10-02/ingestion_time=12:00:02/products.jsonl
Successfully uploaded to s3://avosoft-retail-bronze-jds-42/bronze/distribution_centers/ingestion_date=2025-10-02/ingestion_time=12:00:02/dcs.jsonl
2025-10-03 12:23:55,278 INFO ✅ S3 write ok: distribution_centers/ingestion_date=2025-10-02/ingestion_time=12:00:02/dcs.jsonl
2025-10-03 12:23:55,278 WARNING Failed to write s3 bronze inventory/ingestion_date=2025-10-02/ingestion_time=12:00:02/inventory.jsonl: Object of type Decimal is not JSON serializable
Successfully uploaded to s3://avosoft-retail-bronze-jds-42/bronze/orders/ingestion_date=2025-10-02/ingestion_time=12:00:02/orders.jsonl
2025-10-03 12:23:56,193 INFO ✅ S3 write ok: orders/ingestion_date=2025-10-02/ingestion_time=12:00:02/orders.jsonl
Successfully uploaded to s3://avosoft-retail-bronze-jds-42/bronze/order_items/ingestion_date=2025-10-02/ingestion_time=12:00:02/order_items.jsonl
2025-10-03 12:23:56,826 INFO ✅ S3 write ok: order_items/ingestion_date=2025-10-02/ingestion_time=12:00:02/order_items.jsonl
Successfully uploaded to s3://avosoft-retail-bronze-jds-42/bronze/payments/ingestion_date=2025-10-02/ingestion_time=12:00:02/payments.jsonl
2025-10-03 12:23:57,173 INFO ✅ S3 write ok: payments/ingestion_date=2025-10-02/ingestion_time=12:00:02/payments.jsonl
Successfully uploaded to s3://avosoft-retail-bronze-jds-42/bronze/events/ingestion_date=2025-10-02/ingestion_time=12:00:02/events.jsonl
2025-10-03 12:23:58,224 INFO ✅ S3 write ok: events/ingestion_date=2025-10-02/ingestion_time=12:00:02/events.jsonl
SUCCESS: Data generation completed
=== [2025-10-03 12:23:58] Completion status: 0 ===

Environment loaded from /home/ubuntu/avosoft_retail/.env
Running data generator for 2025-10-03...
2025-10-03 16:00:11,307 INFO DEBUG SETTINGS -> users=50, orders=750, events=5000
2025-10-03 16:00:12,466 INFO [2025-10-02] Inserted 50 new users ✅
2025-10-03 16:00:25,564 INFO [2025-10-02] Inserted 750 orders ✅
2025-10-03 16:23:47,162 INFO [2025-10-02] Inserted 1033 order_items ✅
2025-10-03 16:23:48,109 INFO [2025-10-02] Inserted 750 payments ✅
2025-10-03 16:23:54,236 INFO Generated | users=50 products=5 orders=750 items=1033 paid=562 events=5599
Successfully uploaded to s3://avosoft-retail-bronze-jds-42/bronze/users/ingestion_date=2025-10-02/ingestion_time=16:00:02/users.jsonl
2025-10-03 16:23:55,768 INFO ✅ S3 write ok: users/ingestion_date=2025-10-02/ingestion_time=16:00:02/users.jsonl
Successfully uploaded to s3://avosoft-retail-bronze-jds-42/bronze/products/ingestion_date=2025-10-02/ingestion_time=16:00:02/products.jsonl
2025-10-03 16:23:56,074 INFO ✅ S3 write ok: products/ingestion_date=2025-10-02/ingestion_time=16:00:02/products.jsonl
Successfully uploaded to s3://avosoft-retail-bronze-jds-42/bronze/distribution_centers/ingestion_date=2025-10-02/ingestion_time=16:00:02/dcs.jsonl
2025-10-03 16:23:56,376 INFO ✅ S3 write ok: distribution_centers/ingestion_date=2025-10-02/ingestion_time=16:00:02/dcs.jsonl
2025-10-03 16:23:56,376 WARNING Failed to write s3 bronze inventory/ingestion_date=2025-10-02/ingestion_time=16:00:02/inventory.jsonl: Object of type Decimal is not JSON serializable
Successfully uploaded to s3://avosoft-retail-bronze-jds-42/bronze/orders/ingestion_date=2025-10-02/ingestion_time=16:00:02/orders.jsonl
2025-10-03 16:23:57,559 INFO ✅ S3 write ok: orders/ingestion_date=2025-10-02/ingestion_time=16:00:02/orders.jsonl
Successfully uploaded to s3://avosoft-retail-bronze-jds-42/bronze/order_items/ingestion_date=2025-10-02/ingestion_time=16:00:02/order_items.jsonl
2025-10-03 16:23:58,729 INFO ✅ S3 write ok: order_items/ingestion_date=2025-10-02/ingestion_time=16:00:02/order_items.jsonl
Successfully uploaded to s3://avosoft-retail-bronze-jds-42/bronze/payments/ingestion_date=2025-10-02/ingestion_time=16:00:02/payments.jsonl
2025-10-03 16:23:59,042 INFO ✅ S3 write ok: payments/ingestion_date=2025-10-02/ingestion_time=16:00:02/payments.jsonl
Successfully uploaded to s3://avosoft-retail-bronze-jds-42/bronze/events/ingestion_date=2025-10-02/ingestion_time=16:00:02/events.jsonl
2025-10-03 16:24:00,049 INFO ✅ S3 write ok: events/ingestion_date=2025-10-02/ingestion_time=16:00:02/events.jsonl
SUCCESS: Data generation completed
=== [2025-10-03 16:24:00] Completion status: 0 ===

Environment loaded from /home/ubuntu/avosoft_retail/.env
Running data generator for 2025-10-03...
2025-10-03 20:00:10,621 INFO DEBUG SETTINGS -> users=50, orders=750, events=5000
2025-10-03 20:00:11,771 INFO [2025-10-02] Inserted 50 new users ✅
2025-10-03 20:00:30,682 INFO [2025-10-02] Inserted 750 orders ✅
2025-10-03 20:23:39,515 INFO [2025-10-02] Inserted 1029 order_items ✅
2025-10-03 20:23:40,464 INFO [2025-10-02] Inserted 750 payments ✅
2025-10-03 20:23:46,543 INFO Generated | users=50 products=5 orders=750 items=1029 paid=560 events=5598
Successfully uploaded to s3://avosoft-retail-bronze-jds-42/bronze/users/ingestion_date=2025-10-02/ingestion_time=20:00:02/users.jsonl
2025-10-03 20:23:47,882 INFO ✅ S3 write ok: users/ingestion_date=2025-10-02/ingestion_time=20:00:02/users.jsonl
Successfully uploaded to s3://avosoft-retail-bronze-jds-42/bronze/products/ingestion_date=2025-10-02/ingestion_time=20:00:02/products.jsonl
2025-10-03 20:23:48,187 INFO ✅ S3 write ok: products/ingestion_date=2025-10-02/ingestion_time=20:00:02/products.jsonl
Successfully uploaded to s3://avosoft-retail-bronze-jds-42/bronze/distribution_centers/ingestion_date=2025-10-02/ingestion_time=20:00:02/dcs.jsonl
2025-10-03 20:23:48,499 INFO ✅ S3 write ok: distribution_centers/ingestion_date=2025-10-02/ingestion_time=20:00:02/dcs.jsonl
2025-10-03 20:23:48,499 WARNING Failed to write s3 bronze inventory/ingestion_date=2025-10-02/ingestion_time=20:00:02/inventory.jsonl: Object of type Decimal is not JSON serializable
Successfully uploaded to s3://avosoft-retail-bronze-jds-42/bronze/orders/ingestion_date=2025-10-02/ingestion_time=20:00:02/orders.jsonl
2025-10-03 20:23:49,433 INFO ✅ S3 write ok: orders/ingestion_date=2025-10-02/ingestion_time=20:00:02/orders.jsonl
Successfully uploaded to s3://avosoft-retail-bronze-jds-42/bronze/order_items/ingestion_date=2025-10-02/ingestion_time=20:00:02/order_items.jsonl
2025-10-03 20:23:50,093 INFO ✅ S3 write ok: order_items/ingestion_date=2025-10-02/ingestion_time=20:00:02/order_items.jsonl
Successfully uploaded to s3://avosoft-retail-bronze-jds-42/bronze/payments/ingestion_date=2025-10-02/ingestion_time=20:00:02/payments.jsonl
2025-10-03 20:23:50,436 INFO ✅ S3 write ok: payments/ingestion_date=2025-10-02/ingestion_time=20:00:02/payments.jsonl
Successfully uploaded to s3://avosoft-retail-bronze-jds-42/bronze/events/ingestion_date=2025-10-02/ingestion_time=20:00:02/events.jsonl
2025-10-03 20:23:51,445 INFO ✅ S3 write ok: events/ingestion_date=2025-10-02/ingestion_time=20:00:02/events.jsonl
SUCCESS: Data generation completed
=== [2025-10-03 20:23:51] Completion status: 0 ===

Environment loaded from /home/ubuntu/avosoft_retail/.env
Running data generator for 2025-10-04...
2025-10-04 00:00:11,341 INFO DEBUG SETTINGS -> users=50, orders=750, events=5000
2025-10-04 00:00:12,482 INFO [2025-10-03] Inserted 50 new users ✅
2025-10-04 00:00:25,413 INFO [2025-10-03] Inserted 750 orders ✅
2025-10-04 00:23:10,549 INFO [2025-10-03] Inserted 1020 order_items ✅
2025-10-04 00:23:11,559 INFO [2025-10-03] Inserted 750 payments ✅
2025-10-04 00:23:17,640 INFO Generated | users=50 products=5 orders=750 items=1020 paid=558 events=5596
Successfully uploaded to s3://avosoft-retail-bronze-jds-42/bronze/users/ingestion_date=2025-10-03/ingestion_time=00:00:02/users.jsonl
2025-10-04 00:23:19,161 INFO ✅ S3 write ok: users/ingestion_date=2025-10-03/ingestion_time=00:00:02/users.jsonl
Successfully uploaded to s3://avosoft-retail-bronze-jds-42/bronze/products/ingestion_date=2025-10-03/ingestion_time=00:00:02/products.jsonl
2025-10-04 00:23:19,463 INFO ✅ S3 write ok: products/ingestion_date=2025-10-03/ingestion_time=00:00:02/products.jsonl
Successfully uploaded to s3://avosoft-retail-bronze-jds-42/bronze/distribution_centers/ingestion_date=2025-10-03/ingestion_time=00:00:02/dcs.jsonl
2025-10-04 00:23:19,767 INFO ✅ S3 write ok: distribution_centers/ingestion_date=2025-10-03/ingestion_time=00:00:02/dcs.jsonl
2025-10-04 00:23:19,767 WARNING Failed to write s3 bronze inventory/ingestion_date=2025-10-03/ingestion_time=00:00:02/inventory.jsonl: Object of type Decimal is not JSON serializable
Successfully uploaded to s3://avosoft-retail-bronze-jds-42/bronze/orders/ingestion_date=2025-10-03/ingestion_time=00:00:02/orders.jsonl
2025-10-04 00:23:20,951 INFO ✅ S3 write ok: orders/ingestion_date=2025-10-03/ingestion_time=00:00:02/orders.jsonl
Successfully uploaded to s3://avosoft-retail-bronze-jds-42/bronze/order_items/ingestion_date=2025-10-03/ingestion_time=00:00:02/order_items.jsonl
2025-10-04 00:23:22,118 INFO ✅ S3 write ok: order_items/ingestion_date=2025-10-03/ingestion_time=00:00:02/order_items.jsonl
Successfully uploaded to s3://avosoft-retail-bronze-jds-42/bronze/payments/ingestion_date=2025-10-03/ingestion_time=00:00:02/payments.jsonl
2025-10-04 00:23:22,461 INFO ✅ S3 write ok: payments/ingestion_date=2025-10-03/ingestion_time=00:00:02/payments.jsonl
Successfully uploaded to s3://avosoft-retail-bronze-jds-42/bronze/events/ingestion_date=2025-10-03/ingestion_time=00:00:02/events.jsonl
2025-10-04 00:23:23,504 INFO ✅ S3 write ok: events/ingestion_date=2025-10-03/ingestion_time=00:00:02/events.jsonl
SUCCESS: Data generation completed
=== [2025-10-04 00:23:23] Completion status: 0 ===

Environment loaded from /home/ubuntu/avosoft_retail/.env
Running data generator for 2025-10-04...
2025-10-04 04:00:11,429 INFO DEBUG SETTINGS -> users=50, orders=750, events=5000
2025-10-04 04:00:12,574 INFO [2025-10-03] Inserted 50 new users ✅
2025-10-04 04:00:30,510 INFO [2025-10-03] Inserted 750 orders ✅
2025-10-04 04:23:09,816 INFO [2025-10-03] Inserted 1018 order_items ✅
2025-10-04 04:23:10,750 INFO [2025-10-03] Inserted 750 payments ✅
2025-10-04 04:23:16,817 INFO Generated | users=50 products=5 orders=750 items=1018 paid=552 events=5591
Successfully uploaded to s3://avosoft-retail-bronze-jds-42/bronze/users/ingestion_date=2025-10-03/ingestion_time=04:00:02/users.jsonl
2025-10-04 04:23:18,354 INFO ✅ S3 write ok: users/ingestion_date=2025-10-03/ingestion_time=04:00:02/users.jsonl
Successfully uploaded to s3://avosoft-retail-bronze-jds-42/bronze/products/ingestion_date=2025-10-03/ingestion_time=04:00:02/products.jsonl
2025-10-04 04:23:18,657 INFO ✅ S3 write ok: products/ingestion_date=2025-10-03/ingestion_time=04:00:02/products.jsonl
Successfully uploaded to s3://avosoft-retail-bronze-jds-42/bronze/distribution_centers/ingestion_date=2025-10-03/ingestion_time=04:00:02/dcs.jsonl
2025-10-04 04:23:18,960 INFO ✅ S3 write ok: distribution_centers/ingestion_date=2025-10-03/ingestion_time=04:00:02/dcs.jsonl
2025-10-04 04:23:18,960 WARNING Failed to write s3 bronze inventory/ingestion_date=2025-10-03/ingestion_time=04:00:02/inventory.jsonl: Object of type Decimal is not JSON serializable
Successfully uploaded to s3://avosoft-retail-bronze-jds-42/bronze/orders/ingestion_date=2025-10-03/ingestion_time=04:00:02/orders.jsonl
2025-10-04 04:23:20,121 INFO ✅ S3 write ok: orders/ingestion_date=2025-10-03/ingestion_time=04:00:02/orders.jsonl
Successfully uploaded to s3://avosoft-retail-bronze-jds-42/bronze/order_items/ingestion_date=2025-10-03/ingestion_time=04:00:02/order_items.jsonl
2025-10-04 04:23:21,346 INFO ✅ S3 write ok: order_items/ingestion_date=2025-10-03/ingestion_time=04:00:02/order_items.jsonl
Successfully uploaded to s3://avosoft-retail-bronze-jds-42/bronze/payments/ingestion_date=2025-10-03/ingestion_time=04:00:02/payments.jsonl
2025-10-04 04:23:21,677 INFO ✅ S3 write ok: payments/ingestion_date=2025-10-03/ingestion_time=04:00:02/payments.jsonl
Successfully uploaded to s3://avosoft-retail-bronze-jds-42/bronze/events/ingestion_date=2025-10-03/ingestion_time=04:00:02/events.jsonl
2025-10-04 04:23:22,739 INFO ✅ S3 write ok: events/ingestion_date=2025-10-03/ingestion_time=04:00:02/events.jsonl
SUCCESS: Data generation completed
=== [2025-10-04 04:23:22] Completion status: 0 ===

Environment loaded from /home/ubuntu/avosoft_retail/.env
Running data generator for 2025-10-04...
2025-10-04 08:00:10,621 INFO DEBUG SETTINGS -> users=50, orders=750, events=5000
2025-10-04 08:00:11,766 INFO [2025-10-03] Inserted 50 new users ✅
2025-10-04 08:00:22,256 INFO [2025-10-03] Inserted 750 orders ✅
2025-10-04 08:23:15,048 INFO [2025-10-03] Inserted 1012 order_items ✅
2025-10-04 08:23:16,011 INFO [2025-10-03] Inserted 750 payments ✅
2025-10-04 08:23:22,101 INFO Generated | users=50 products=5 orders=750 items=1012 paid=550 events=5588
Successfully uploaded to s3://avosoft-retail-bronze-jds-42/bronze/users/ingestion_date=2025-10-03/ingestion_time=08:00:02/users.jsonl
2025-10-04 08:23:23,587 INFO ✅ S3 write ok: users/ingestion_date=2025-10-03/ingestion_time=08:00:02/users.jsonl
Successfully uploaded to s3://avosoft-retail-bronze-jds-42/bronze/products/ingestion_date=2025-10-03/ingestion_time=08:00:02/products.jsonl
2025-10-04 08:23:23,890 INFO ✅ S3 write ok: products/ingestion_date=2025-10-03/ingestion_time=08:00:02/products.jsonl
Successfully uploaded to s3://avosoft-retail-bronze-jds-42/bronze/distribution_centers/ingestion_date=2025-10-03/ingestion_time=08:00:02/dcs.jsonl
2025-10-04 08:23:24,193 INFO ✅ S3 write ok: distribution_centers/ingestion_date=2025-10-03/ingestion_time=08:00:02/dcs.jsonl
2025-10-04 08:23:24,193 WARNING Failed to write s3 bronze inventory/ingestion_date=2025-10-03/ingestion_time=08:00:02/inventory.jsonl: Object of type Decimal is not JSON serializable
Successfully uploaded to s3://avosoft-retail-bronze-jds-42/bronze/orders/ingestion_date=2025-10-03/ingestion_time=08:00:02/orders.jsonl
2025-10-04 08:23:25,096 INFO ✅ S3 write ok: orders/ingestion_date=2025-10-03/ingestion_time=08:00:02/orders.jsonl
Successfully uploaded to s3://avosoft-retail-bronze-jds-42/bronze/order_items/ingestion_date=2025-10-03/ingestion_time=08:00:02/order_items.jsonl
2025-10-04 08:23:25,744 INFO ✅ S3 write ok: order_items/ingestion_date=2025-10-03/ingestion_time=08:00:02/order_items.jsonl
Successfully uploaded to s3://avosoft-retail-bronze-jds-42/bronze/payments/ingestion_date=2025-10-03/ingestion_time=08:00:02/payments.jsonl
2025-10-04 08:23:26,092 INFO ✅ S3 write ok: payments/ingestion_date=2025-10-03/ingestion_time=08:00:02/payments.jsonl
Successfully uploaded to s3://avosoft-retail-bronze-jds-42/bronze/events/ingestion_date=2025-10-03/ingestion_time=08:00:02/events.jsonl
2025-10-04 08:23:27,145 INFO ✅ S3 write ok: events/ingestion_date=2025-10-03/ingestion_time=08:00:02/events.jsonl
SUCCESS: Data generation completed
=== [2025-10-04 08:23:27] Completion status: 0 ===

Environment loaded from /home/ubuntu/avosoft_retail/.env
Running data generator for 2025-10-04...
2025-10-04 12:00:10,416 INFO DEBUG SETTINGS -> users=50, orders=750, events=5000
2025-10-04 12:00:11,571 INFO [2025-10-03] Inserted 50 new users ✅
2025-10-04 12:00:21,264 INFO [2025-10-03] Inserted 750 orders ✅
2025-10-04 12:23:14,355 INFO [2025-10-03] Inserted 1011 order_items ✅
2025-10-04 12:23:15,290 INFO [2025-10-03] Inserted 750 payments ✅
2025-10-04 12:23:21,512 INFO Generated | users=50 products=5 orders=750 items=1011 paid=556 events=5596
Successfully uploaded to s3://avosoft-retail-bronze-jds-42/bronze/users/ingestion_date=2025-10-03/ingestion_time=12:00:02/users.jsonl
2025-10-04 12:23:23,001 INFO ✅ S3 write ok: users/ingestion_date=2025-10-03/ingestion_time=12:00:02/users.jsonl
Successfully uploaded to s3://avosoft-retail-bronze-jds-42/bronze/products/ingestion_date=2025-10-03/ingestion_time=12:00:02/products.jsonl
2025-10-04 12:23:23,307 INFO ✅ S3 write ok: products/ingestion_date=2025-10-03/ingestion_time=12:00:02/products.jsonl
Successfully uploaded to s3://avosoft-retail-bronze-jds-42/bronze/distribution_centers/ingestion_date=2025-10-03/ingestion_time=12:00:02/dcs.jsonl
2025-10-04 12:23:23,617 INFO ✅ S3 write ok: distribution_centers/ingestion_date=2025-10-03/ingestion_time=12:00:02/dcs.jsonl
2025-10-04 12:23:23,617 WARNING Failed to write s3 bronze inventory/ingestion_date=2025-10-03/ingestion_time=12:00:02/inventory.jsonl: Object of type Decimal is not JSON serializable
Successfully uploaded to s3://avosoft-retail-bronze-jds-42/bronze/orders/ingestion_date=2025-10-03/ingestion_time=12:00:02/orders.jsonl
2025-10-04 12:23:24,539 INFO ✅ S3 write ok: orders/ingestion_date=2025-10-03/ingestion_time=12:00:02/orders.jsonl
Successfully uploaded to s3://avosoft-retail-bronze-jds-42/bronze/order_items/ingestion_date=2025-10-03/ingestion_time=12:00:02/order_items.jsonl
2025-10-04 12:23:25,165 INFO ✅ S3 write ok: order_items/ingestion_date=2025-10-03/ingestion_time=12:00:02/order_items.jsonl
Successfully uploaded to s3://avosoft-retail-bronze-jds-42/bronze/payments/ingestion_date=2025-10-03/ingestion_time=12:00:02/payments.jsonl
2025-10-04 12:23:25,477 INFO ✅ S3 write ok: payments/ingestion_date=2025-10-03/ingestion_time=12:00:02/payments.jsonl
Successfully uploaded to s3://avosoft-retail-bronze-jds-42/bronze/events/ingestion_date=2025-10-03/ingestion_time=12:00:02/events.jsonl
2025-10-04 12:23:26,499 INFO ✅ S3 write ok: events/ingestion_date=2025-10-03/ingestion_time=12:00:02/events.jsonl
SUCCESS: Data generation completed
=== [2025-10-04 12:23:26] Completion status: 0 ===

Environment loaded from /home/ubuntu/avosoft_retail/.env
Running data generator for 2025-10-04...
2025-10-04 16:00:11,610 INFO DEBUG SETTINGS -> users=50, orders=750, events=5000
2025-10-04 16:00:12,749 INFO [2025-10-03] Inserted 50 new users ✅
2025-10-04 16:00:24,032 INFO [2025-10-03] Inserted 750 orders ✅
2025-10-04 16:22:58,415 INFO [2025-10-03] Inserted 1009 order_items ✅
2025-10-04 16:22:59,372 INFO [2025-10-03] Inserted 750 payments ✅
2025-10-04 16:23:05,517 INFO Generated | users=50 products=5 orders=750 items=1009 paid=546 events=5586
Successfully uploaded to s3://avosoft-retail-bronze-jds-42/bronze/users/ingestion_date=2025-10-03/ingestion_time=16:00:02/users.jsonl
2025-10-04 16:23:07,061 INFO ✅ S3 write ok: users/ingestion_date=2025-10-03/ingestion_time=16:00:02/users.jsonl
Successfully uploaded to s3://avosoft-retail-bronze-jds-42/bronze/products/ingestion_date=2025-10-03/ingestion_time=16:00:02/products.jsonl
2025-10-04 16:23:07,363 INFO ✅ S3 write ok: products/ingestion_date=2025-10-03/ingestion_time=16:00:02/products.jsonl
Successfully uploaded to s3://avosoft-retail-bronze-jds-42/bronze/distribution_centers/ingestion_date=2025-10-03/ingestion_time=16:00:02/dcs.jsonl
2025-10-04 16:23:07,666 INFO ✅ S3 write ok: distribution_centers/ingestion_date=2025-10-03/ingestion_time=16:00:02/dcs.jsonl
2025-10-04 16:23:07,667 WARNING Failed to write s3 bronze inventory/ingestion_date=2025-10-03/ingestion_time=16:00:02/inventory.jsonl: Object of type Decimal is not JSON serializable
Successfully uploaded to s3://avosoft-retail-bronze-jds-42/bronze/orders/ingestion_date=2025-10-03/ingestion_time=16:00:02/orders.jsonl
2025-10-04 16:23:08,803 INFO ✅ S3 write ok: orders/ingestion_date=2025-10-03/ingestion_time=16:00:02/orders.jsonl
Successfully uploaded to s3://avosoft-retail-bronze-jds-42/bronze/order_items/ingestion_date=2025-10-03/ingestion_time=16:00:02/order_items.jsonl
2025-10-04 16:23:09,693 INFO ✅ S3 write ok: order_items/ingestion_date=2025-10-03/ingestion_time=16:00:02/order_items.jsonl
Successfully uploaded to s3://avosoft-retail-bronze-jds-42/bronze/payments/ingestion_date=2025-10-03/ingestion_time=16:00:02/payments.jsonl
2025-10-04 16:23:10,068 INFO ✅ S3 write ok: payments/ingestion_date=2025-10-03/ingestion_time=16:00:02/payments.jsonl
Successfully uploaded to s3://avosoft-retail-bronze-jds-42/bronze/events/ingestion_date=2025-10-03/ingestion_time=16:00:02/events.jsonl
2025-10-04 16:23:11,382 INFO ✅ S3 write ok: events/ingestion_date=2025-10-03/ingestion_time=16:00:02/events.jsonl
SUCCESS: Data generation completed
=== [2025-10-04 16:23:11] Completion status: 0 ===

Environment loaded from /home/ubuntu/avosoft_retail/.env
Running data generator for 2025-10-04...
2025-10-04 20:00:10,600 INFO DEBUG SETTINGS -> users=50, orders=750, events=5000
2025-10-04 20:00:11,746 INFO [2025-10-03] Inserted 50 new users ✅
2025-10-04 20:00:25,649 INFO [2025-10-03] Inserted 750 orders ✅
2025-10-04 20:23:13,628 INFO [2025-10-03] Inserted 1004 order_items ✅
2025-10-04 20:23:14,605 INFO [2025-10-03] Inserted 750 payments ✅
2025-10-04 20:23:20,807 INFO Generated | users=50 products=5 orders=750 items=1004 paid=533 events=5573
Successfully uploaded to s3://avosoft-retail-bronze-jds-42/bronze/users/ingestion_date=2025-10-03/ingestion_time=20:00:02/users.jsonl
2025-10-04 20:23:22,301 INFO ✅ S3 write ok: users/ingestion_date=2025-10-03/ingestion_time=20:00:02/users.jsonl
Successfully uploaded to s3://avosoft-retail-bronze-jds-42/bronze/products/ingestion_date=2025-10-03/ingestion_time=20:00:02/products.jsonl
2025-10-04 20:23:22,608 INFO ✅ S3 write ok: products/ingestion_date=2025-10-03/ingestion_time=20:00:02/products.jsonl
Successfully uploaded to s3://avosoft-retail-bronze-jds-42/bronze/distribution_centers/ingestion_date=2025-10-03/ingestion_time=20:00:02/dcs.jsonl
2025-10-04 20:23:22,914 INFO ✅ S3 write ok: distribution_centers/ingestion_date=2025-10-03/ingestion_time=20:00:02/dcs.jsonl
2025-10-04 20:23:22,914 WARNING Failed to write s3 bronze inventory/ingestion_date=2025-10-03/ingestion_time=20:00:02/inventory.jsonl: Object of type Decimal is not JSON serializable
Successfully uploaded to s3://avosoft-retail-bronze-jds-42/bronze/orders/ingestion_date=2025-10-03/ingestion_time=20:00:02/orders.jsonl
2025-10-04 20:23:23,821 INFO ✅ S3 write ok: orders/ingestion_date=2025-10-03/ingestion_time=20:00:02/orders.jsonl
Successfully uploaded to s3://avosoft-retail-bronze-jds-42/bronze/order_items/ingestion_date=2025-10-03/ingestion_time=20:00:02/order_items.jsonl
2025-10-04 20:23:24,441 INFO ✅ S3 write ok: order_items/ingestion_date=2025-10-03/ingestion_time=20:00:02/order_items.jsonl
Successfully uploaded to s3://avosoft-retail-bronze-jds-42/bronze/payments/ingestion_date=2025-10-03/ingestion_time=20:00:02/payments.jsonl
2025-10-04 20:23:24,805 INFO ✅ S3 write ok: payments/ingestion_date=2025-10-03/ingestion_time=20:00:02/payments.jsonl
Successfully uploaded to s3://avosoft-retail-bronze-jds-42/bronze/events/ingestion_date=2025-10-03/ingestion_time=20:00:02/events.jsonl
2025-10-04 20:23:25,838 INFO ✅ S3 write ok: events/ingestion_date=2025-10-03/ingestion_time=20:00:02/events.jsonl
SUCCESS: Data generation completed
=== [2025-10-04 20:23:26] Completion status: 0 ===

Environment loaded from /home/ubuntu/avosoft_retail/.env
Running data generator for 2025-10-05...
2025-10-05 00:00:11,038 INFO DEBUG SETTINGS -> users=50, orders=750, events=5000
2025-10-05 00:00:12,200 INFO [2025-10-04] Inserted 50 new users ✅
2025-10-05 00:00:26,984 INFO [2025-10-04] Inserted 750 orders ✅
2025-10-05 00:23:05,030 INFO [2025-10-04] Inserted 997 order_items ✅
2025-10-05 00:23:05,967 INFO [2025-10-04] Inserted 750 payments ✅
2025-10-05 00:23:11,942 INFO Generated | users=50 products=5 orders=750 items=997 paid=548 events=5588
Successfully uploaded to s3://avosoft-retail-bronze-jds-42/bronze/users/ingestion_date=2025-10-04/ingestion_time=00:00:02/users.jsonl
2025-10-05 00:23:13,478 INFO ✅ S3 write ok: users/ingestion_date=2025-10-04/ingestion_time=00:00:02/users.jsonl
Successfully uploaded to s3://avosoft-retail-bronze-jds-42/bronze/products/ingestion_date=2025-10-04/ingestion_time=00:00:02/products.jsonl
2025-10-05 00:23:13,780 INFO ✅ S3 write ok: products/ingestion_date=2025-10-04/ingestion_time=00:00:02/products.jsonl
Successfully uploaded to s3://avosoft-retail-bronze-jds-42/bronze/distribution_centers/ingestion_date=2025-10-04/ingestion_time=00:00:02/dcs.jsonl
2025-10-05 00:23:14,081 INFO ✅ S3 write ok: distribution_centers/ingestion_date=2025-10-04/ingestion_time=00:00:02/dcs.jsonl
2025-10-05 00:23:14,081 WARNING Failed to write s3 bronze inventory/ingestion_date=2025-10-04/ingestion_time=00:00:02/inventory.jsonl: Object of type Decimal is not JSON serializable
Successfully uploaded to s3://avosoft-retail-bronze-jds-42/bronze/orders/ingestion_date=2025-10-04/ingestion_time=00:00:02/orders.jsonl
2025-10-05 00:23:15,004 INFO ✅ S3 write ok: orders/ingestion_date=2025-10-04/ingestion_time=00:00:02/orders.jsonl
Successfully uploaded to s3://avosoft-retail-bronze-jds-42/bronze/order_items/ingestion_date=2025-10-04/ingestion_time=00:00:02/order_items.jsonl
2025-10-05 00:23:15,665 INFO ✅ S3 write ok: order_items/ingestion_date=2025-10-04/ingestion_time=00:00:02/order_items.jsonl
Successfully uploaded to s3://avosoft-retail-bronze-jds-42/bronze/payments/ingestion_date=2025-10-04/ingestion_time=00:00:02/payments.jsonl
2025-10-05 00:23:16,014 INFO ✅ S3 write ok: payments/ingestion_date=2025-10-04/ingestion_time=00:00:02/payments.jsonl
Successfully uploaded to s3://avosoft-retail-bronze-jds-42/bronze/events/ingestion_date=2025-10-04/ingestion_time=00:00:02/events.jsonl
2025-10-05 00:23:17,035 INFO ✅ S3 write ok: events/ingestion_date=2025-10-04/ingestion_time=00:00:02/events.jsonl
SUCCESS: Data generation completed
=== [2025-10-05 00:23:17] Completion status: 0 ===

Environment loaded from /home/ubuntu/avosoft_retail/.env
Running data generator for 2025-10-05...
2025-10-05 04:00:10,345 INFO DEBUG SETTINGS -> users=50, orders=750, events=5000
2025-10-05 04:00:11,499 INFO [2025-10-04] Inserted 50 new users ✅
2025-10-05 04:00:25,376 INFO [2025-10-04] Inserted 750 orders ✅
2025-10-05 04:23:18,556 INFO [2025-10-04] Inserted 1003 order_items ✅
2025-10-05 04:23:19,492 INFO [2025-10-04] Inserted 750 payments ✅
2025-10-05 04:23:25,544 INFO Generated | users=50 products=5 orders=750 items=1003 paid=551 events=5591
Successfully uploaded to s3://avosoft-retail-bronze-jds-42/bronze/users/ingestion_date=2025-10-04/ingestion_time=04:00:02/users.jsonl
2025-10-05 04:23:26,858 INFO ✅ S3 write ok: users/ingestion_date=2025-10-04/ingestion_time=04:00:02/users.jsonl
Successfully uploaded to s3://avosoft-retail-bronze-jds-42/bronze/products/ingestion_date=2025-10-04/ingestion_time=04:00:02/products.jsonl
2025-10-05 04:23:27,150 INFO ✅ S3 write ok: products/ingestion_date=2025-10-04/ingestion_time=04:00:02/products.jsonl
Successfully uploaded to s3://avosoft-retail-bronze-jds-42/bronze/distribution_centers/ingestion_date=2025-10-04/ingestion_time=04:00:02/dcs.jsonl
2025-10-05 04:23:27,450 INFO ✅ S3 write ok: distribution_centers/ingestion_date=2025-10-04/ingestion_time=04:00:02/dcs.jsonl
2025-10-05 04:23:27,450 WARNING Failed to write s3 bronze inventory/ingestion_date=2025-10-04/ingestion_time=04:00:02/inventory.jsonl: Object of type Decimal is not JSON serializable
Successfully uploaded to s3://avosoft-retail-bronze-jds-42/bronze/orders/ingestion_date=2025-10-04/ingestion_time=04:00:02/orders.jsonl
2025-10-05 04:23:28,329 INFO ✅ S3 write ok: orders/ingestion_date=2025-10-04/ingestion_time=04:00:02/orders.jsonl
Successfully uploaded to s3://avosoft-retail-bronze-jds-42/bronze/order_items/ingestion_date=2025-10-04/ingestion_time=04:00:02/order_items.jsonl
2025-10-05 04:23:28,945 INFO ✅ S3 write ok: order_items/ingestion_date=2025-10-04/ingestion_time=04:00:02/order_items.jsonl
Successfully uploaded to s3://avosoft-retail-bronze-jds-42/bronze/payments/ingestion_date=2025-10-04/ingestion_time=04:00:02/payments.jsonl
2025-10-05 04:23:29,289 INFO ✅ S3 write ok: payments/ingestion_date=2025-10-04/ingestion_time=04:00:02/payments.jsonl
Successfully uploaded to s3://avosoft-retail-bronze-jds-42/bronze/events/ingestion_date=2025-10-04/ingestion_time=04:00:02/events.jsonl
2025-10-05 04:23:30,310 INFO ✅ S3 write ok: events/ingestion_date=2025-10-04/ingestion_time=04:00:02/events.jsonl
SUCCESS: Data generation completed
=== [2025-10-05 04:23:30] Completion status: 0 ===

Environment loaded from /home/ubuntu/avosoft_retail/.env
Running data generator for 2025-10-05...
2025-10-05 08:00:10,523 INFO DEBUG SETTINGS -> users=50, orders=750, events=5000
2025-10-05 08:00:11,658 INFO [2025-10-04] Inserted 50 new users ✅
2025-10-05 08:00:31,056 INFO [2025-10-04] Inserted 750 orders ✅
2025-10-05 08:23:04,897 INFO [2025-10-04] Inserted 999 order_items ✅
2025-10-05 08:23:05,849 INFO [2025-10-04] Inserted 750 payments ✅
2025-10-05 08:23:11,849 INFO Generated | users=50 products=5 orders=750 items=999 paid=553 events=5594
Successfully uploaded to s3://avosoft-retail-bronze-jds-42/bronze/users/ingestion_date=2025-10-04/ingestion_time=08:00:02/users.jsonl
2025-10-05 08:23:13,649 INFO ✅ S3 write ok: users/ingestion_date=2025-10-04/ingestion_time=08:00:02/users.jsonl
Successfully uploaded to s3://avosoft-retail-bronze-jds-42/bronze/products/ingestion_date=2025-10-04/ingestion_time=08:00:02/products.jsonl
2025-10-05 08:23:13,944 INFO ✅ S3 write ok: products/ingestion_date=2025-10-04/ingestion_time=08:00:02/products.jsonl
Successfully uploaded to s3://avosoft-retail-bronze-jds-42/bronze/distribution_centers/ingestion_date=2025-10-04/ingestion_time=08:00:02/dcs.jsonl
2025-10-05 08:23:14,238 INFO ✅ S3 write ok: distribution_centers/ingestion_date=2025-10-04/ingestion_time=08:00:02/dcs.jsonl
2025-10-05 08:23:14,238 WARNING Failed to write s3 bronze inventory/ingestion_date=2025-10-04/ingestion_time=08:00:02/inventory.jsonl: Object of type Decimal is not JSON serializable
Successfully uploaded to s3://avosoft-retail-bronze-jds-42/bronze/orders/ingestion_date=2025-10-04/ingestion_time=08:00:02/orders.jsonl
2025-10-05 08:23:15,369 INFO ✅ S3 write ok: orders/ingestion_date=2025-10-04/ingestion_time=08:00:02/orders.jsonl
Successfully uploaded to s3://avosoft-retail-bronze-jds-42/bronze/order_items/ingestion_date=2025-10-04/ingestion_time=08:00:02/order_items.jsonl
2025-10-05 08:23:16,243 INFO ✅ S3 write ok: order_items/ingestion_date=2025-10-04/ingestion_time=08:00:02/order_items.jsonl
Successfully uploaded to s3://avosoft-retail-bronze-jds-42/bronze/payments/ingestion_date=2025-10-04/ingestion_time=08:00:02/payments.jsonl
2025-10-05 08:23:16,588 INFO ✅ S3 write ok: payments/ingestion_date=2025-10-04/ingestion_time=08:00:02/payments.jsonl
Successfully uploaded to s3://avosoft-retail-bronze-jds-42/bronze/events/ingestion_date=2025-10-04/ingestion_time=08:00:02/events.jsonl
2025-10-05 08:23:17,607 INFO ✅ S3 write ok: events/ingestion_date=2025-10-04/ingestion_time=08:00:02/events.jsonl
SUCCESS: Data generation completed
=== [2025-10-05 08:23:17] Completion status: 0 ===

Environment loaded from /home/ubuntu/avosoft_retail/.env
Running data generator for 2025-10-05...
2025-10-05 12:00:11,419 INFO DEBUG SETTINGS -> users=50, orders=750, events=5000
2025-10-05 12:00:12,565 INFO [2025-10-04] Inserted 50 new users ✅
2025-10-05 12:00:24,775 INFO [2025-10-04] Inserted 750 orders ✅
2025-10-05 12:23:06,195 INFO [2025-10-04] Inserted 991 order_items ✅
2025-10-05 12:23:07,140 INFO [2025-10-04] Inserted 750 payments ✅
2025-10-05 12:23:13,207 INFO Generated | users=50 products=5 orders=750 items=991 paid=555 events=5595
Successfully uploaded to s3://avosoft-retail-bronze-jds-42/bronze/users/ingestion_date=2025-10-04/ingestion_time=12:00:02/users.jsonl
2025-10-05 12:23:14,998 INFO ✅ S3 write ok: users/ingestion_date=2025-10-04/ingestion_time=12:00:02/users.jsonl
Successfully uploaded to s3://avosoft-retail-bronze-jds-42/bronze/products/ingestion_date=2025-10-04/ingestion_time=12:00:02/products.jsonl
2025-10-05 12:23:15,303 INFO ✅ S3 write ok: products/ingestion_date=2025-10-04/ingestion_time=12:00:02/products.jsonl
Successfully uploaded to s3://avosoft-retail-bronze-jds-42/bronze/distribution_centers/ingestion_date=2025-10-04/ingestion_time=12:00:02/dcs.jsonl
2025-10-05 12:23:15,611 INFO ✅ S3 write ok: distribution_centers/ingestion_date=2025-10-04/ingestion_time=12:00:02/dcs.jsonl
2025-10-05 12:23:15,611 WARNING Failed to write s3 bronze inventory/ingestion_date=2025-10-04/ingestion_time=12:00:02/inventory.jsonl: Object of type Decimal is not JSON serializable
Successfully uploaded to s3://avosoft-retail-bronze-jds-42/bronze/orders/ingestion_date=2025-10-04/ingestion_time=12:00:02/orders.jsonl
2025-10-05 12:23:16,484 INFO ✅ S3 write ok: orders/ingestion_date=2025-10-04/ingestion_time=12:00:02/orders.jsonl
Successfully uploaded to s3://avosoft-retail-bronze-jds-42/bronze/order_items/ingestion_date=2025-10-04/ingestion_time=12:00:02/order_items.jsonl
2025-10-05 12:23:17,108 INFO ✅ S3 write ok: order_items/ingestion_date=2025-10-04/ingestion_time=12:00:02/order_items.jsonl
Successfully uploaded to s3://avosoft-retail-bronze-jds-42/bronze/payments/ingestion_date=2025-10-04/ingestion_time=12:00:02/payments.jsonl
2025-10-05 12:23:17,448 INFO ✅ S3 write ok: payments/ingestion_date=2025-10-04/ingestion_time=12:00:02/payments.jsonl
Successfully uploaded to s3://avosoft-retail-bronze-jds-42/bronze/events/ingestion_date=2025-10-04/ingestion_time=12:00:02/events.jsonl
2025-10-05 12:23:18,442 INFO ✅ S3 write ok: events/ingestion_date=2025-10-04/ingestion_time=12:00:02/events.jsonl
SUCCESS: Data generation completed
=== [2025-10-05 12:23:18] Completion status: 0 ===

Environment loaded from /home/ubuntu/avosoft_retail/.env
Running data generator for 2025-10-05...
2025-10-05 16:00:10,512 INFO DEBUG SETTINGS -> users=50, orders=750, events=5000
2025-10-05 16:00:11,678 INFO [2025-10-04] Inserted 50 new users ✅
2025-10-05 16:00:22,218 INFO [2025-10-04] Inserted 750 orders ✅
2025-10-05 16:23:00,079 INFO [2025-10-04] Inserted 983 order_items ✅
2025-10-05 16:23:01,021 INFO [2025-10-04] Inserted 750 payments ✅
2025-10-05 16:23:07,229 INFO Generated | users=50 products=5 orders=750 items=983 paid=523 events=5561
Successfully uploaded to s3://avosoft-retail-bronze-jds-42/bronze/users/ingestion_date=2025-10-04/ingestion_time=16:00:02/users.jsonl
2025-10-05 16:23:08,756 INFO ✅ S3 write ok: users/ingestion_date=2025-10-04/ingestion_time=16:00:02/users.jsonl
Successfully uploaded to s3://avosoft-retail-bronze-jds-42/bronze/products/ingestion_date=2025-10-04/ingestion_time=16:00:02/products.jsonl
2025-10-05 16:23:09,059 INFO ✅ S3 write ok: products/ingestion_date=2025-10-04/ingestion_time=16:00:02/products.jsonl
Successfully uploaded to s3://avosoft-retail-bronze-jds-42/bronze/distribution_centers/ingestion_date=2025-10-04/ingestion_time=16:00:02/dcs.jsonl
2025-10-05 16:23:09,365 INFO ✅ S3 write ok: distribution_centers/ingestion_date=2025-10-04/ingestion_time=16:00:02/dcs.jsonl
2025-10-05 16:23:09,366 WARNING Failed to write s3 bronze inventory/ingestion_date=2025-10-04/ingestion_time=16:00:02/inventory.jsonl: Object of type Decimal is not JSON serializable
Successfully uploaded to s3://avosoft-retail-bronze-jds-42/bronze/orders/ingestion_date=2025-10-04/ingestion_time=16:00:02/orders.jsonl
2025-10-05 16:23:10,543 INFO ✅ S3 write ok: orders/ingestion_date=2025-10-04/ingestion_time=16:00:02/orders.jsonl
Successfully uploaded to s3://avosoft-retail-bronze-jds-42/bronze/order_items/ingestion_date=2025-10-04/ingestion_time=16:00:02/order_items.jsonl
2025-10-05 16:23:11,712 INFO ✅ S3 write ok: order_items/ingestion_date=2025-10-04/ingestion_time=16:00:02/order_items.jsonl
Successfully uploaded to s3://avosoft-retail-bronze-jds-42/bronze/payments/ingestion_date=2025-10-04/ingestion_time=16:00:02/payments.jsonl
2025-10-05 16:23:12,096 INFO ✅ S3 write ok: payments/ingestion_date=2025-10-04/ingestion_time=16:00:02/payments.jsonl
Successfully uploaded to s3://avosoft-retail-bronze-jds-42/bronze/events/ingestion_date=2025-10-04/ingestion_time=16:00:02/events.jsonl
2025-10-05 16:23:13,428 INFO ✅ S3 write ok: events/ingestion_date=2025-10-04/ingestion_time=16:00:02/events.jsonl
SUCCESS: Data generation completed
=== [2025-10-05 16:23:13] Completion status: 0 ===

Environment loaded from /home/ubuntu/avosoft_retail/.env
Running data generator for 2025-10-05...
2025-10-05 20:00:10,702 INFO DEBUG SETTINGS -> users=50, orders=750, events=5000
2025-10-05 20:00:11,841 INFO [2025-10-04] Inserted 50 new users ✅
2025-10-05 20:00:23,907 INFO [2025-10-04] Inserted 750 orders ✅
2025-10-05 20:22:24,776 INFO [2025-10-04] Inserted 970 order_items ✅
2025-10-05 20:22:25,690 INFO [2025-10-04] Inserted 750 payments ✅
2025-10-05 20:22:31,736 INFO Generated | users=50 products=5 orders=750 items=970 paid=542 events=5578
Successfully uploaded to s3://avosoft-retail-bronze-jds-42/bronze/users/ingestion_date=2025-10-04/ingestion_time=20:00:02/users.jsonl
2025-10-05 20:22:33,264 INFO ✅ S3 write ok: users/ingestion_date=2025-10-04/ingestion_time=20:00:02/users.jsonl
Successfully uploaded to s3://avosoft-retail-bronze-jds-42/bronze/products/ingestion_date=2025-10-04/ingestion_time=20:00:02/products.jsonl
2025-10-05 20:22:33,567 INFO ✅ S3 write ok: products/ingestion_date=2025-10-04/ingestion_time=20:00:02/products.jsonl
Successfully uploaded to s3://avosoft-retail-bronze-jds-42/bronze/distribution_centers/ingestion_date=2025-10-04/ingestion_time=20:00:02/dcs.jsonl
2025-10-05 20:22:33,869 INFO ✅ S3 write ok: distribution_centers/ingestion_date=2025-10-04/ingestion_time=20:00:02/dcs.jsonl
2025-10-05 20:22:33,869 WARNING Failed to write s3 bronze inventory/ingestion_date=2025-10-04/ingestion_time=20:00:02/inventory.jsonl: Object of type Decimal is not JSON serializable
Successfully uploaded to s3://avosoft-retail-bronze-jds-42/bronze/orders/ingestion_date=2025-10-04/ingestion_time=20:00:02/orders.jsonl
2025-10-05 20:22:34,778 INFO ✅ S3 write ok: orders/ingestion_date=2025-10-04/ingestion_time=20:00:02/orders.jsonl
Successfully uploaded to s3://avosoft-retail-bronze-jds-42/bronze/order_items/ingestion_date=2025-10-04/ingestion_time=20:00:02/order_items.jsonl
2025-10-05 20:22:35,410 INFO ✅ S3 write ok: order_items/ingestion_date=2025-10-04/ingestion_time=20:00:02/order_items.jsonl
Successfully uploaded to s3://avosoft-retail-bronze-jds-42/bronze/payments/ingestion_date=2025-10-04/ingestion_time=20:00:02/payments.jsonl
2025-10-05 20:22:35,724 INFO ✅ S3 write ok: payments/ingestion_date=2025-10-04/ingestion_time=20:00:02/payments.jsonl
Successfully uploaded to s3://avosoft-retail-bronze-jds-42/bronze/events/ingestion_date=2025-10-04/ingestion_time=20:00:02/events.jsonl
2025-10-05 20:22:36,751 INFO ✅ S3 write ok: events/ingestion_date=2025-10-04/ingestion_time=20:00:02/events.jsonl
SUCCESS: Data generation completed
=== [2025-10-05 20:22:36] Completion status: 0 ===

Environment loaded from /home/ubuntu/avosoft_retail/.env
Running data generator for 2025-10-06...
2025-10-06 00:00:11,097 INFO DEBUG SETTINGS -> users=50, orders=750, events=5000
2025-10-06 00:00:12,239 INFO [2025-10-05] Inserted 50 new users ✅
2025-10-06 00:00:26,003 INFO [2025-10-05] Inserted 750 orders ✅
2025-10-06 00:22:13,907 INFO [2025-10-05] Inserted 956 order_items ✅
2025-10-06 00:22:14,843 INFO [2025-10-05] Inserted 750 payments ✅
2025-10-06 00:22:20,923 INFO Generated | users=50 products=5 orders=750 items=956 paid=541 events=5579
Successfully uploaded to s3://avosoft-retail-bronze-jds-42/bronze/users/ingestion_date=2025-10-05/ingestion_time=00:00:02/users.jsonl
2025-10-06 00:22:22,164 INFO ✅ S3 write ok: users/ingestion_date=2025-10-05/ingestion_time=00:00:02/users.jsonl
Successfully uploaded to s3://avosoft-retail-bronze-jds-42/bronze/products/ingestion_date=2025-10-05/ingestion_time=00:00:02/products.jsonl
2025-10-06 00:22:22,466 INFO ✅ S3 write ok: products/ingestion_date=2025-10-05/ingestion_time=00:00:02/products.jsonl
Successfully uploaded to s3://avosoft-retail-bronze-jds-42/bronze/distribution_centers/ingestion_date=2025-10-05/ingestion_time=00:00:02/dcs.jsonl
2025-10-06 00:22:22,768 INFO ✅ S3 write ok: distribution_centers/ingestion_date=2025-10-05/ingestion_time=00:00:02/dcs.jsonl
2025-10-06 00:22:22,769 WARNING Failed to write s3 bronze inventory/ingestion_date=2025-10-05/ingestion_time=00:00:02/inventory.jsonl: Object of type Decimal is not JSON serializable
Successfully uploaded to s3://avosoft-retail-bronze-jds-42/bronze/orders/ingestion_date=2025-10-05/ingestion_time=00:00:02/orders.jsonl
2025-10-06 00:22:23,686 INFO ✅ S3 write ok: orders/ingestion_date=2025-10-05/ingestion_time=00:00:02/orders.jsonl
Successfully uploaded to s3://avosoft-retail-bronze-jds-42/bronze/order_items/ingestion_date=2025-10-05/ingestion_time=00:00:02/order_items.jsonl
2025-10-06 00:22:24,333 INFO ✅ S3 write ok: order_items/ingestion_date=2025-10-05/ingestion_time=00:00:02/order_items.jsonl
Successfully uploaded to s3://avosoft-retail-bronze-jds-42/bronze/payments/ingestion_date=2025-10-05/ingestion_time=00:00:02/payments.jsonl
2025-10-06 00:22:24,682 INFO ✅ S3 write ok: payments/ingestion_date=2025-10-05/ingestion_time=00:00:02/payments.jsonl
Successfully uploaded to s3://avosoft-retail-bronze-jds-42/bronze/events/ingestion_date=2025-10-05/ingestion_time=00:00:02/events.jsonl
2025-10-06 00:22:25,742 INFO ✅ S3 write ok: events/ingestion_date=2025-10-05/ingestion_time=00:00:02/events.jsonl
SUCCESS: Data generation completed
=== [2025-10-06 00:22:25] Completion status: 0 ===

Environment loaded from /home/ubuntu/avosoft_retail/.env
Running data generator for 2025-10-06...
2025-10-06 04:00:11,024 INFO DEBUG SETTINGS -> users=50, orders=750, events=5000
2025-10-06 04:00:12,191 INFO [2025-10-05] Inserted 50 new users ✅
2025-10-06 04:00:26,127 INFO [2025-10-05] Inserted 750 orders ✅
2025-10-06 04:22:29,126 INFO [2025-10-05] Inserted 949 order_items ✅
2025-10-06 04:22:30,075 INFO [2025-10-05] Inserted 750 payments ✅
2025-10-06 04:22:36,241 INFO Generated | users=50 products=5 orders=750 items=949 paid=525 events=5563
Successfully uploaded to s3://avosoft-retail-bronze-jds-42/bronze/users/ingestion_date=2025-10-05/ingestion_time=04:00:02/users.jsonl
2025-10-06 04:22:38,074 INFO ✅ S3 write ok: users/ingestion_date=2025-10-05/ingestion_time=04:00:02/users.jsonl
Successfully uploaded to s3://avosoft-retail-bronze-jds-42/bronze/products/ingestion_date=2025-10-05/ingestion_time=04:00:02/products.jsonl
2025-10-06 04:22:38,378 INFO ✅ S3 write ok: products/ingestion_date=2025-10-05/ingestion_time=04:00:02/products.jsonl
Successfully uploaded to s3://avosoft-retail-bronze-jds-42/bronze/distribution_centers/ingestion_date=2025-10-05/ingestion_time=04:00:02/dcs.jsonl
2025-10-06 04:22:38,684 INFO ✅ S3 write ok: distribution_centers/ingestion_date=2025-10-05/ingestion_time=04:00:02/dcs.jsonl
2025-10-06 04:22:38,684 WARNING Failed to write s3 bronze inventory/ingestion_date=2025-10-05/ingestion_time=04:00:02/inventory.jsonl: Object of type Decimal is not JSON serializable
Successfully uploaded to s3://avosoft-retail-bronze-jds-42/bronze/orders/ingestion_date=2025-10-05/ingestion_time=04:00:02/orders.jsonl
2025-10-06 04:22:39,571 INFO ✅ S3 write ok: orders/ingestion_date=2025-10-05/ingestion_time=04:00:02/orders.jsonl
Successfully uploaded to s3://avosoft-retail-bronze-jds-42/bronze/order_items/ingestion_date=2025-10-05/ingestion_time=04:00:02/order_items.jsonl
2025-10-06 04:22:40,193 INFO ✅ S3 write ok: order_items/ingestion_date=2025-10-05/ingestion_time=04:00:02/order_items.jsonl
Successfully uploaded to s3://avosoft-retail-bronze-jds-42/bronze/payments/ingestion_date=2025-10-05/ingestion_time=04:00:02/payments.jsonl
2025-10-06 04:22:40,534 INFO ✅ S3 write ok: payments/ingestion_date=2025-10-05/ingestion_time=04:00:02/payments.jsonl
Successfully uploaded to s3://avosoft-retail-bronze-jds-42/bronze/events/ingestion_date=2025-10-05/ingestion_time=04:00:02/events.jsonl
2025-10-06 04:22:41,526 INFO ✅ S3 write ok: events/ingestion_date=2025-10-05/ingestion_time=04:00:02/events.jsonl
SUCCESS: Data generation completed
=== [2025-10-06 04:22:41] Completion status: 0 ===

Environment loaded from /home/ubuntu/avosoft_retail/.env
Running data generator for 2025-10-06...
2025-10-06 08:00:10,647 INFO DEBUG SETTINGS -> users=50, orders=750, events=5000
2025-10-06 08:00:11,803 INFO [2025-10-05] Inserted 50 new users ✅
2025-10-06 08:00:29,957 INFO [2025-10-05] Inserted 750 orders ✅
2025-10-06 08:22:30,607 INFO [2025-10-05] Inserted 944 order_items ✅
2025-10-06 08:22:31,538 INFO [2025-10-05] Inserted 750 payments ✅
2025-10-06 08:22:37,644 INFO Generated | users=50 products=5 orders=750 items=944 paid=520 events=5557
Successfully uploaded to s3://avosoft-retail-bronze-jds-42/bronze/users/ingestion_date=2025-10-05/ingestion_time=08:00:02/users.jsonl
2025-10-06 08:22:39,183 INFO ✅ S3 write ok: users/ingestion_date=2025-10-05/ingestion_time=08:00:02/users.jsonl
Successfully uploaded to s3://avosoft-retail-bronze-jds-42/bronze/products/ingestion_date=2025-10-05/ingestion_time=08:00:02/products.jsonl
2025-10-06 08:22:39,484 INFO ✅ S3 write ok: products/ingestion_date=2025-10-05/ingestion_time=08:00:02/products.jsonl
Successfully uploaded to s3://avosoft-retail-bronze-jds-42/bronze/distribution_centers/ingestion_date=2025-10-05/ingestion_time=08:00:02/dcs.jsonl
2025-10-06 08:22:39,785 INFO ✅ S3 write ok: distribution_centers/ingestion_date=2025-10-05/ingestion_time=08:00:02/dcs.jsonl
2025-10-06 08:22:39,785 WARNING Failed to write s3 bronze inventory/ingestion_date=2025-10-05/ingestion_time=08:00:02/inventory.jsonl: Object of type Decimal is not JSON serializable
Successfully uploaded to s3://avosoft-retail-bronze-jds-42/bronze/orders/ingestion_date=2025-10-05/ingestion_time=08:00:02/orders.jsonl
2025-10-06 08:22:40,702 INFO ✅ S3 write ok: orders/ingestion_date=2025-10-05/ingestion_time=08:00:02/orders.jsonl
Successfully uploaded to s3://avosoft-retail-bronze-jds-42/bronze/order_items/ingestion_date=2025-10-05/ingestion_time=08:00:02/order_items.jsonl
2025-10-06 08:22:41,314 INFO ✅ S3 write ok: order_items/ingestion_date=2025-10-05/ingestion_time=08:00:02/order_items.jsonl
Successfully uploaded to s3://avosoft-retail-bronze-jds-42/bronze/payments/ingestion_date=2025-10-05/ingestion_time=08:00:02/payments.jsonl
2025-10-06 08:22:41,631 INFO ✅ S3 write ok: payments/ingestion_date=2025-10-05/ingestion_time=08:00:02/payments.jsonl
Successfully uploaded to s3://avosoft-retail-bronze-jds-42/bronze/events/ingestion_date=2025-10-05/ingestion_time=08:00:02/events.jsonl
2025-10-06 08:22:42,666 INFO ✅ S3 write ok: events/ingestion_date=2025-10-05/ingestion_time=08:00:02/events.jsonl
SUCCESS: Data generation completed
=== [2025-10-06 08:22:42] Completion status: 0 ===

Environment loaded from /home/ubuntu/avosoft_retail/.env
Running data generator for 2025-10-06...
2025-10-06 12:00:11,238 INFO DEBUG SETTINGS -> users=50, orders=750, events=5000
2025-10-06 12:00:12,389 INFO [2025-10-05] Inserted 50 new users ✅
2025-10-06 12:00:33,854 INFO [2025-10-05] Inserted 750 orders ✅
2025-10-06 12:22:40,530 INFO [2025-10-05] Inserted 945 order_items ✅
2025-10-06 12:22:41,468 INFO [2025-10-05] Inserted 750 payments ✅
2025-10-06 12:22:47,503 INFO Generated | users=50 products=5 orders=750 items=945 paid=542 events=5580
Successfully uploaded to s3://avosoft-retail-bronze-jds-42/bronze/users/ingestion_date=2025-10-05/ingestion_time=12:00:02/users.jsonl
2025-10-06 12:22:48,767 INFO ✅ S3 write ok: users/ingestion_date=2025-10-05/ingestion_time=12:00:02/users.jsonl
Successfully uploaded to s3://avosoft-retail-bronze-jds-42/bronze/products/ingestion_date=2025-10-05/ingestion_time=12:00:02/products.jsonl
2025-10-06 12:22:49,071 INFO ✅ S3 write ok: products/ingestion_date=2025-10-05/ingestion_time=12:00:02/products.jsonl
Successfully uploaded to s3://avosoft-retail-bronze-jds-42/bronze/distribution_centers/ingestion_date=2025-10-05/ingestion_time=12:00:02/dcs.jsonl
2025-10-06 12:22:49,377 INFO ✅ S3 write ok: distribution_centers/ingestion_date=2025-10-05/ingestion_time=12:00:02/dcs.jsonl
2025-10-06 12:22:49,377 WARNING Failed to write s3 bronze inventory/ingestion_date=2025-10-05/ingestion_time=12:00:02/inventory.jsonl: Object of type Decimal is not JSON serializable
Successfully uploaded to s3://avosoft-retail-bronze-jds-42/bronze/orders/ingestion_date=2025-10-05/ingestion_time=12:00:02/orders.jsonl
2025-10-06 12:22:50,544 INFO ✅ S3 write ok: orders/ingestion_date=2025-10-05/ingestion_time=12:00:02/orders.jsonl
Successfully uploaded to s3://avosoft-retail-bronze-jds-42/bronze/order_items/ingestion_date=2025-10-05/ingestion_time=12:00:02/order_items.jsonl
2025-10-06 12:22:51,451 INFO ✅ S3 write ok: order_items/ingestion_date=2025-10-05/ingestion_time=12:00:02/order_items.jsonl
Successfully uploaded to s3://avosoft-retail-bronze-jds-42/bronze/payments/ingestion_date=2025-10-05/ingestion_time=12:00:02/payments.jsonl
2025-10-06 12:22:51,801 INFO ✅ S3 write ok: payments/ingestion_date=2025-10-05/ingestion_time=12:00:02/payments.jsonl
Successfully uploaded to s3://avosoft-retail-bronze-jds-42/bronze/events/ingestion_date=2025-10-05/ingestion_time=12:00:02/events.jsonl
2025-10-06 12:22:52,835 INFO ✅ S3 write ok: events/ingestion_date=2025-10-05/ingestion_time=12:00:02/events.jsonl
SUCCESS: Data generation completed
=== [2025-10-06 12:22:53] Completion status: 0 ===

Environment loaded from /home/ubuntu/avosoft_retail/.env
Running data generator for 2025-10-06...
2025-10-06 16:00:10,417 INFO DEBUG SETTINGS -> users=50, orders=750, events=5000
2025-10-06 16:00:11,578 INFO [2025-10-05] Inserted 50 new users ✅
2025-10-06 16:00:29,081 INFO [2025-10-05] Inserted 750 orders ✅
2025-10-06 16:22:44,237 INFO [2025-10-05] Inserted 953 order_items ✅
2025-10-06 16:22:45,172 INFO [2025-10-05] Inserted 750 payments ✅
2025-10-06 16:22:51,201 INFO Generated | users=50 products=5 orders=750 items=953 paid=521 events=5558
Successfully uploaded to s3://avosoft-retail-bronze-jds-42/bronze/users/ingestion_date=2025-10-05/ingestion_time=16:00:01/users.jsonl
2025-10-06 16:22:52,449 INFO ✅ S3 write ok: users/ingestion_date=2025-10-05/ingestion_time=16:00:01/users.jsonl
Successfully uploaded to s3://avosoft-retail-bronze-jds-42/bronze/products/ingestion_date=2025-10-05/ingestion_time=16:00:01/products.jsonl
2025-10-06 16:22:52,759 INFO ✅ S3 write ok: products/ingestion_date=2025-10-05/ingestion_time=16:00:01/products.jsonl
Successfully uploaded to s3://avosoft-retail-bronze-jds-42/bronze/distribution_centers/ingestion_date=2025-10-05/ingestion_time=16:00:01/dcs.jsonl
2025-10-06 16:22:53,056 INFO ✅ S3 write ok: distribution_centers/ingestion_date=2025-10-05/ingestion_time=16:00:01/dcs.jsonl
2025-10-06 16:22:53,057 WARNING Failed to write s3 bronze inventory/ingestion_date=2025-10-05/ingestion_time=16:00:01/inventory.jsonl: Object of type Decimal is not JSON serializable
Successfully uploaded to s3://avosoft-retail-bronze-jds-42/bronze/orders/ingestion_date=2025-10-05/ingestion_time=16:00:01/orders.jsonl
2025-10-06 16:22:53,905 INFO ✅ S3 write ok: orders/ingestion_date=2025-10-05/ingestion_time=16:00:01/orders.jsonl
Successfully uploaded to s3://avosoft-retail-bronze-jds-42/bronze/order_items/ingestion_date=2025-10-05/ingestion_time=16:00:01/order_items.jsonl
2025-10-06 16:22:54,489 INFO ✅ S3 write ok: order_items/ingestion_date=2025-10-05/ingestion_time=16:00:01/order_items.jsonl
Successfully uploaded to s3://avosoft-retail-bronze-jds-42/bronze/payments/ingestion_date=2025-10-05/ingestion_time=16:00:01/payments.jsonl
2025-10-06 16:22:54,827 INFO ✅ S3 write ok: payments/ingestion_date=2025-10-05/ingestion_time=16:00:01/payments.jsonl
Successfully uploaded to s3://avosoft-retail-bronze-jds-42/bronze/events/ingestion_date=2025-10-05/ingestion_time=16:00:01/events.jsonl
2025-10-06 16:22:55,855 INFO ✅ S3 write ok: events/ingestion_date=2025-10-05/ingestion_time=16:00:01/events.jsonl
SUCCESS: Data generation completed
=== [2025-10-06 16:22:56] Completion status: 0 ===

Environment loaded from /home/ubuntu/avosoft_retail/.env
Running data generator for 2025-10-06...
2025-10-06 20:00:10,439 INFO DEBUG SETTINGS -> users=50, orders=750, events=5000
2025-10-06 20:00:11,607 INFO [2025-10-05] Inserted 50 new users ✅
2025-10-06 20:00:26,325 INFO [2025-10-05] Inserted 750 orders ✅
2025-10-06 20:22:27,788 INFO [2025-10-05] Inserted 955 order_items ✅
2025-10-06 20:22:28,712 INFO [2025-10-05] Inserted 750 payments ✅
2025-10-06 20:22:34,833 INFO Generated | users=50 products=5 orders=750 items=955 paid=545 events=5582
Successfully uploaded to s3://avosoft-retail-bronze-jds-42/bronze/users/ingestion_date=2025-10-05/ingestion_time=20:00:01/users.jsonl
2025-10-06 20:22:36,881 INFO ✅ S3 write ok: users/ingestion_date=2025-10-05/ingestion_time=20:00:01/users.jsonl
Successfully uploaded to s3://avosoft-retail-bronze-jds-42/bronze/products/ingestion_date=2025-10-05/ingestion_time=20:00:01/products.jsonl
2025-10-06 20:22:37,186 INFO ✅ S3 write ok: products/ingestion_date=2025-10-05/ingestion_time=20:00:01/products.jsonl
Successfully uploaded to s3://avosoft-retail-bronze-jds-42/bronze/distribution_centers/ingestion_date=2025-10-05/ingestion_time=20:00:01/dcs.jsonl
2025-10-06 20:22:37,489 INFO ✅ S3 write ok: distribution_centers/ingestion_date=2025-10-05/ingestion_time=20:00:01/dcs.jsonl
2025-10-06 20:22:37,490 WARNING Failed to write s3 bronze inventory/ingestion_date=2025-10-05/ingestion_time=20:00:01/inventory.jsonl: Object of type Decimal is not JSON serializable
Successfully uploaded to s3://avosoft-retail-bronze-jds-42/bronze/orders/ingestion_date=2025-10-05/ingestion_time=20:00:01/orders.jsonl
2025-10-06 20:22:38,397 INFO ✅ S3 write ok: orders/ingestion_date=2025-10-05/ingestion_time=20:00:01/orders.jsonl
Successfully uploaded to s3://avosoft-retail-bronze-jds-42/bronze/order_items/ingestion_date=2025-10-05/ingestion_time=20:00:01/order_items.jsonl
2025-10-06 20:22:39,015 INFO ✅ S3 write ok: order_items/ingestion_date=2025-10-05/ingestion_time=20:00:01/order_items.jsonl
Successfully uploaded to s3://avosoft-retail-bronze-jds-42/bronze/payments/ingestion_date=2025-10-05/ingestion_time=20:00:01/payments.jsonl
2025-10-06 20:22:39,373 INFO ✅ S3 write ok: payments/ingestion_date=2025-10-05/ingestion_time=20:00:01/payments.jsonl
Successfully uploaded to s3://avosoft-retail-bronze-jds-42/bronze/events/ingestion_date=2025-10-05/ingestion_time=20:00:01/events.jsonl
2025-10-06 20:22:40,430 INFO ✅ S3 write ok: events/ingestion_date=2025-10-05/ingestion_time=20:00:01/events.jsonl
SUCCESS: Data generation completed
=== [2025-10-06 20:22:40] Completion status: 0 ===

Environment loaded from /home/ubuntu/avosoft_retail/.env
Running data generator for 2025-10-07...
2025-10-07 00:00:11,115 INFO DEBUG SETTINGS -> users=50, orders=750, events=5000
2025-10-07 00:00:12,250 INFO [2025-10-06] Inserted 50 new users ✅
2025-10-07 00:00:29,296 INFO [2025-10-06] Inserted 750 orders ✅
2025-10-07 00:22:18,432 INFO [2025-10-06] Inserted 950 order_items ✅
2025-10-07 00:22:19,375 INFO [2025-10-06] Inserted 750 payments ✅
2025-10-07 00:22:25,710 INFO Generated | users=50 products=5 orders=750 items=950 paid=526 events=5563
Successfully uploaded to s3://avosoft-retail-bronze-jds-42/bronze/users/ingestion_date=2025-10-06/ingestion_time=00:00:02/users.jsonl
2025-10-07 00:22:27,251 INFO ✅ S3 write ok: users/ingestion_date=2025-10-06/ingestion_time=00:00:02/users.jsonl
Successfully uploaded to s3://avosoft-retail-bronze-jds-42/bronze/products/ingestion_date=2025-10-06/ingestion_time=00:00:02/products.jsonl
2025-10-07 00:22:27,556 INFO ✅ S3 write ok: products/ingestion_date=2025-10-06/ingestion_time=00:00:02/products.jsonl
Successfully uploaded to s3://avosoft-retail-bronze-jds-42/bronze/distribution_centers/ingestion_date=2025-10-06/ingestion_time=00:00:02/dcs.jsonl
2025-10-07 00:22:27,860 INFO ✅ S3 write ok: distribution_centers/ingestion_date=2025-10-06/ingestion_time=00:00:02/dcs.jsonl
2025-10-07 00:22:27,860 WARNING Failed to write s3 bronze inventory/ingestion_date=2025-10-06/ingestion_time=00:00:02/inventory.jsonl: Object of type Decimal is not JSON serializable
Successfully uploaded to s3://avosoft-retail-bronze-jds-42/bronze/orders/ingestion_date=2025-10-06/ingestion_time=00:00:02/orders.jsonl
2025-10-07 00:22:28,783 INFO ✅ S3 write ok: orders/ingestion_date=2025-10-06/ingestion_time=00:00:02/orders.jsonl
Successfully uploaded to s3://avosoft-retail-bronze-jds-42/bronze/order_items/ingestion_date=2025-10-06/ingestion_time=00:00:02/order_items.jsonl
2025-10-07 00:22:29,428 INFO ✅ S3 write ok: order_items/ingestion_date=2025-10-06/ingestion_time=00:00:02/order_items.jsonl
Successfully uploaded to s3://avosoft-retail-bronze-jds-42/bronze/payments/ingestion_date=2025-10-06/ingestion_time=00:00:02/payments.jsonl
2025-10-07 00:22:29,811 INFO ✅ S3 write ok: payments/ingestion_date=2025-10-06/ingestion_time=00:00:02/payments.jsonl
Successfully uploaded to s3://avosoft-retail-bronze-jds-42/bronze/events/ingestion_date=2025-10-06/ingestion_time=00:00:02/events.jsonl
2025-10-07 00:22:30,868 INFO ✅ S3 write ok: events/ingestion_date=2025-10-06/ingestion_time=00:00:02/events.jsonl
SUCCESS: Data generation completed
=== [2025-10-07 00:22:31] Completion status: 0 ===

Environment loaded from /home/ubuntu/avosoft_retail/.env
Running data generator for 2025-10-07...
2025-10-07 04:00:10,219 INFO DEBUG SETTINGS -> users=50, orders=750, events=5000
2025-10-07 04:00:11,437 INFO [2025-10-06] Inserted 50 new users ✅
2025-10-07 04:00:26,824 INFO [2025-10-06] Inserted 750 orders ✅
2025-10-07 04:22:23,109 INFO [2025-10-06] Inserted 952 order_items ✅
2025-10-07 04:22:24,040 INFO [2025-10-06] Inserted 750 payments ✅
2025-10-07 04:22:30,138 INFO Generated | users=50 products=5 orders=750 items=952 paid=533 events=5570
Successfully uploaded to s3://avosoft-retail-bronze-jds-42/bronze/users/ingestion_date=2025-10-06/ingestion_time=04:00:01/users.jsonl
2025-10-07 04:22:31,682 INFO ✅ S3 write ok: users/ingestion_date=2025-10-06/ingestion_time=04:00:01/users.jsonl
Successfully uploaded to s3://avosoft-retail-bronze-jds-42/bronze/products/ingestion_date=2025-10-06/ingestion_time=04:00:01/products.jsonl
2025-10-07 04:22:31,985 INFO ✅ S3 write ok: products/ingestion_date=2025-10-06/ingestion_time=04:00:01/products.jsonl
Successfully uploaded to s3://avosoft-retail-bronze-jds-42/bronze/distribution_centers/ingestion_date=2025-10-06/ingestion_time=04:00:01/dcs.jsonl
2025-10-07 04:22:32,290 INFO ✅ S3 write ok: distribution_centers/ingestion_date=2025-10-06/ingestion_time=04:00:01/dcs.jsonl
2025-10-07 04:22:32,290 WARNING Failed to write s3 bronze inventory/ingestion_date=2025-10-06/ingestion_time=04:00:01/inventory.jsonl: Object of type Decimal is not JSON serializable
Successfully uploaded to s3://avosoft-retail-bronze-jds-42/bronze/orders/ingestion_date=2025-10-06/ingestion_time=04:00:01/orders.jsonl
2025-10-07 04:22:33,432 INFO ✅ S3 write ok: orders/ingestion_date=2025-10-06/ingestion_time=04:00:01/orders.jsonl
Successfully uploaded to s3://avosoft-retail-bronze-jds-42/bronze/order_items/ingestion_date=2025-10-06/ingestion_time=04:00:01/order_items.jsonl
2025-10-07 04:22:34,368 INFO ✅ S3 write ok: order_items/ingestion_date=2025-10-06/ingestion_time=04:00:01/order_items.jsonl
Successfully uploaded to s3://avosoft-retail-bronze-jds-42/bronze/payments/ingestion_date=2025-10-06/ingestion_time=04:00:01/payments.jsonl
2025-10-07 04:22:34,722 INFO ✅ S3 write ok: payments/ingestion_date=2025-10-06/ingestion_time=04:00:01/payments.jsonl
Successfully uploaded to s3://avosoft-retail-bronze-jds-42/bronze/events/ingestion_date=2025-10-06/ingestion_time=04:00:01/events.jsonl
2025-10-07 04:22:35,743 INFO ✅ S3 write ok: events/ingestion_date=2025-10-06/ingestion_time=04:00:01/events.jsonl
SUCCESS: Data generation completed
=== [2025-10-07 04:22:35] Completion status: 0 ===

Environment loaded from /home/ubuntu/avosoft_retail/.env
Running data generator for 2025-10-07...
2025-10-07 08:00:10,706 INFO DEBUG SETTINGS -> users=50, orders=750, events=5000
2025-10-07 08:00:11,858 INFO [2025-10-06] Inserted 50 new users ✅
2025-10-07 08:00:23,241 INFO [2025-10-06] Inserted 750 orders ✅
2025-10-07 08:22:40,739 INFO [2025-10-06] Inserted 941 order_items ✅
2025-10-07 08:22:41,680 INFO [2025-10-06] Inserted 750 payments ✅
2025-10-07 08:22:47,900 INFO Generated | users=50 products=5 orders=750 items=941 paid=514 events=5551
Successfully uploaded to s3://avosoft-retail-bronze-jds-42/bronze/users/ingestion_date=2025-10-06/ingestion_time=08:00:01/users.jsonl
2025-10-07 08:22:49,397 INFO ✅ S3 write ok: users/ingestion_date=2025-10-06/ingestion_time=08:00:01/users.jsonl
Successfully uploaded to s3://avosoft-retail-bronze-jds-42/bronze/products/ingestion_date=2025-10-06/ingestion_time=08:00:01/products.jsonl
2025-10-07 08:22:49,698 INFO ✅ S3 write ok: products/ingestion_date=2025-10-06/ingestion_time=08:00:01/products.jsonl
Successfully uploaded to s3://avosoft-retail-bronze-jds-42/bronze/distribution_centers/ingestion_date=2025-10-06/ingestion_time=08:00:01/dcs.jsonl
2025-10-07 08:22:50,000 INFO ✅ S3 write ok: distribution_centers/ingestion_date=2025-10-06/ingestion_time=08:00:01/dcs.jsonl
2025-10-07 08:22:50,000 WARNING Failed to write s3 bronze inventory/ingestion_date=2025-10-06/ingestion_time=08:00:01/inventory.jsonl: Object of type Decimal is not JSON serializable
Successfully uploaded to s3://avosoft-retail-bronze-jds-42/bronze/orders/ingestion_date=2025-10-06/ingestion_time=08:00:01/orders.jsonl
2025-10-07 08:22:50,901 INFO ✅ S3 write ok: orders/ingestion_date=2025-10-06/ingestion_time=08:00:01/orders.jsonl
Successfully uploaded to s3://avosoft-retail-bronze-jds-42/bronze/order_items/ingestion_date=2025-10-06/ingestion_time=08:00:01/order_items.jsonl
2025-10-07 08:22:51,512 INFO ✅ S3 write ok: order_items/ingestion_date=2025-10-06/ingestion_time=08:00:01/order_items.jsonl
Successfully uploaded to s3://avosoft-retail-bronze-jds-42/bronze/payments/ingestion_date=2025-10-06/ingestion_time=08:00:01/payments.jsonl
2025-10-07 08:22:51,858 INFO ✅ S3 write ok: payments/ingestion_date=2025-10-06/ingestion_time=08:00:01/payments.jsonl
Successfully uploaded to s3://avosoft-retail-bronze-jds-42/bronze/events/ingestion_date=2025-10-06/ingestion_time=08:00:01/events.jsonl
2025-10-07 08:22:52,918 INFO ✅ S3 write ok: events/ingestion_date=2025-10-06/ingestion_time=08:00:01/events.jsonl
SUCCESS: Data generation completed
=== [2025-10-07 08:22:53] Completion status: 0 ===

Environment loaded from /home/ubuntu/avosoft_retail/.env
Running data generator for 2025-10-07...
2025-10-07 12:00:12,916 INFO DEBUG SETTINGS -> users=50, orders=750, events=5000
2025-10-07 12:00:14,314 INFO [2025-10-06] Inserted 50 new users ✅
2025-10-07 12:00:25,563 INFO [2025-10-06] Inserted 750 orders ✅
2025-10-07 12:22:49,546 INFO [2025-10-06] Inserted 940 order_items ✅
2025-10-07 12:22:50,490 INFO [2025-10-06] Inserted 750 payments ✅
2025-10-07 12:22:56,710 INFO Generated | users=50 products=5 orders=750 items=940 paid=517 events=5554
Successfully uploaded to s3://avosoft-retail-bronze-jds-42/bronze/users/ingestion_date=2025-10-06/ingestion_time=12:00:01/users.jsonl
2025-10-07 12:22:58,179 INFO ✅ S3 write ok: users/ingestion_date=2025-10-06/ingestion_time=12:00:01/users.jsonl
Successfully uploaded to s3://avosoft-retail-bronze-jds-42/bronze/products/ingestion_date=2025-10-06/ingestion_time=12:00:01/products.jsonl
2025-10-07 12:22:58,477 INFO ✅ S3 write ok: products/ingestion_date=2025-10-06/ingestion_time=12:00:01/products.jsonl
Successfully uploaded to s3://avosoft-retail-bronze-jds-42/bronze/distribution_centers/ingestion_date=2025-10-06/ingestion_time=12:00:01/dcs.jsonl
2025-10-07 12:22:58,778 INFO ✅ S3 write ok: distribution_centers/ingestion_date=2025-10-06/ingestion_time=12:00:01/dcs.jsonl
2025-10-07 12:22:58,778 WARNING Failed to write s3 bronze inventory/ingestion_date=2025-10-06/ingestion_time=12:00:01/inventory.jsonl: Object of type Decimal is not JSON serializable
Successfully uploaded to s3://avosoft-retail-bronze-jds-42/bronze/orders/ingestion_date=2025-10-06/ingestion_time=12:00:01/orders.jsonl
2025-10-07 12:22:59,650 INFO ✅ S3 write ok: orders/ingestion_date=2025-10-06/ingestion_time=12:00:01/orders.jsonl
Successfully uploaded to s3://avosoft-retail-bronze-jds-42/bronze/order_items/ingestion_date=2025-10-06/ingestion_time=12:00:01/order_items.jsonl
2025-10-07 12:23:00,230 INFO ✅ S3 write ok: order_items/ingestion_date=2025-10-06/ingestion_time=12:00:01/order_items.jsonl
Successfully uploaded to s3://avosoft-retail-bronze-jds-42/bronze/payments/ingestion_date=2025-10-06/ingestion_time=12:00:01/payments.jsonl
2025-10-07 12:23:00,575 INFO ✅ S3 write ok: payments/ingestion_date=2025-10-06/ingestion_time=12:00:01/payments.jsonl
Successfully uploaded to s3://avosoft-retail-bronze-jds-42/bronze/events/ingestion_date=2025-10-06/ingestion_time=12:00:01/events.jsonl
2025-10-07 12:23:01,591 INFO ✅ S3 write ok: events/ingestion_date=2025-10-06/ingestion_time=12:00:01/events.jsonl
SUCCESS: Data generation completed
=== [2025-10-07 12:23:01] Completion status: 0 ===

Environment loaded from /home/ubuntu/avosoft_retail/.env
Running data generator for 2025-10-07...
2025-10-07 16:00:11,709 INFO DEBUG SETTINGS -> users=50, orders=750, events=5000
2025-10-07 16:00:12,845 INFO [2025-10-06] Inserted 50 new users ✅
2025-10-07 16:00:25,723 INFO [2025-10-06] Inserted 750 orders ✅
2025-10-07 16:22:04,155 INFO [2025-10-06] Inserted 936 order_items ✅
2025-10-07 16:22:05,082 INFO [2025-10-06] Inserted 750 payments ✅
2025-10-07 16:22:11,125 INFO Generated | users=50 products=5 orders=750 items=936 paid=508 events=5544
Successfully uploaded to s3://avosoft-retail-bronze-jds-42/bronze/users/ingestion_date=2025-10-06/ingestion_time=16:00:02/users.jsonl
2025-10-07 16:22:12,359 INFO ✅ S3 write ok: users/ingestion_date=2025-10-06/ingestion_time=16:00:02/users.jsonl
Successfully uploaded to s3://avosoft-retail-bronze-jds-42/bronze/products/ingestion_date=2025-10-06/ingestion_time=16:00:02/products.jsonl
2025-10-07 16:22:12,656 INFO ✅ S3 write ok: products/ingestion_date=2025-10-06/ingestion_time=16:00:02/products.jsonl
Successfully uploaded to s3://avosoft-retail-bronze-jds-42/bronze/distribution_centers/ingestion_date=2025-10-06/ingestion_time=16:00:02/dcs.jsonl
2025-10-07 16:22:12,955 INFO ✅ S3 write ok: distribution_centers/ingestion_date=2025-10-06/ingestion_time=16:00:02/dcs.jsonl
2025-10-07 16:22:12,955 WARNING Failed to write s3 bronze inventory/ingestion_date=2025-10-06/ingestion_time=16:00:02/inventory.jsonl: Object of type Decimal is not JSON serializable
Successfully uploaded to s3://avosoft-retail-bronze-jds-42/bronze/orders/ingestion_date=2025-10-06/ingestion_time=16:00:02/orders.jsonl
2025-10-07 16:22:13,886 INFO ✅ S3 write ok: orders/ingestion_date=2025-10-06/ingestion_time=16:00:02/orders.jsonl
Successfully uploaded to s3://avosoft-retail-bronze-jds-42/bronze/order_items/ingestion_date=2025-10-06/ingestion_time=16:00:02/order_items.jsonl
2025-10-07 16:22:14,492 INFO ✅ S3 write ok: order_items/ingestion_date=2025-10-06/ingestion_time=16:00:02/order_items.jsonl
Successfully uploaded to s3://avosoft-retail-bronze-jds-42/bronze/payments/ingestion_date=2025-10-06/ingestion_time=16:00:02/payments.jsonl
2025-10-07 16:22:14,871 INFO ✅ S3 write ok: payments/ingestion_date=2025-10-06/ingestion_time=16:00:02/payments.jsonl
Successfully uploaded to s3://avosoft-retail-bronze-jds-42/bronze/events/ingestion_date=2025-10-06/ingestion_time=16:00:02/events.jsonl
2025-10-07 16:22:16,185 INFO ✅ S3 write ok: events/ingestion_date=2025-10-06/ingestion_time=16:00:02/events.jsonl
SUCCESS: Data generation completed
=== [2025-10-07 16:22:16] Completion status: 0 ===

Environment loaded from /home/ubuntu/avosoft_retail/.env
Running data generator for 2025-10-07...
2025-10-07 20:00:10,642 INFO DEBUG SETTINGS -> users=50, orders=750, events=5000
2025-10-07 20:00:11,790 INFO [2025-10-06] Inserted 50 new users ✅
2025-10-07 20:00:26,561 INFO [2025-10-06] Inserted 750 orders ✅
2025-10-07 20:22:23,014 INFO [2025-10-06] Inserted 930 order_items ✅
2025-10-07 20:22:23,957 INFO [2025-10-06] Inserted 750 payments ✅
2025-10-07 20:22:30,129 INFO Generated | users=50 products=5 orders=750 items=930 paid=512 events=5548
Successfully uploaded to s3://avosoft-retail-bronze-jds-42/bronze/users/ingestion_date=2025-10-06/ingestion_time=20:00:02/users.jsonl
2025-10-07 20:22:31,671 INFO ✅ S3 write ok: users/ingestion_date=2025-10-06/ingestion_time=20:00:02/users.jsonl
Successfully uploaded to s3://avosoft-retail-bronze-jds-42/bronze/products/ingestion_date=2025-10-06/ingestion_time=20:00:02/products.jsonl
2025-10-07 20:22:31,978 INFO ✅ S3 write ok: products/ingestion_date=2025-10-06/ingestion_time=20:00:02/products.jsonl
Successfully uploaded to s3://avosoft-retail-bronze-jds-42/bronze/distribution_centers/ingestion_date=2025-10-06/ingestion_time=20:00:02/dcs.jsonl
2025-10-07 20:22:32,287 INFO ✅ S3 write ok: distribution_centers/ingestion_date=2025-10-06/ingestion_time=20:00:02/dcs.jsonl
2025-10-07 20:22:32,287 WARNING Failed to write s3 bronze inventory/ingestion_date=2025-10-06/ingestion_time=20:00:02/inventory.jsonl: Object of type Decimal is not JSON serializable
Successfully uploaded to s3://avosoft-retail-bronze-jds-42/bronze/orders/ingestion_date=2025-10-06/ingestion_time=20:00:02/orders.jsonl
2025-10-07 20:22:33,184 INFO ✅ S3 write ok: orders/ingestion_date=2025-10-06/ingestion_time=20:00:02/orders.jsonl
Successfully uploaded to s3://avosoft-retail-bronze-jds-42/bronze/order_items/ingestion_date=2025-10-06/ingestion_time=20:00:02/order_items.jsonl
2025-10-07 20:22:33,809 INFO ✅ S3 write ok: order_items/ingestion_date=2025-10-06/ingestion_time=20:00:02/order_items.jsonl
Successfully uploaded to s3://avosoft-retail-bronze-jds-42/bronze/payments/ingestion_date=2025-10-06/ingestion_time=20:00:02/payments.jsonl
2025-10-07 20:22:34,214 INFO ✅ S3 write ok: payments/ingestion_date=2025-10-06/ingestion_time=20:00:02/payments.jsonl
Successfully uploaded to s3://avosoft-retail-bronze-jds-42/bronze/events/ingestion_date=2025-10-06/ingestion_time=20:00:02/events.jsonl
2025-10-07 20:22:35,551 INFO ✅ S3 write ok: events/ingestion_date=2025-10-06/ingestion_time=20:00:02/events.jsonl
SUCCESS: Data generation completed
=== [2025-10-07 20:22:35] Completion status: 0 ===

Environment loaded from /home/ubuntu/avosoft_retail/.env
Running data generator for 2025-10-08...
2025-10-08 00:00:11,333 INFO DEBUG SETTINGS -> users=50, orders=750, events=5000
2025-10-08 00:00:12,484 INFO [2025-10-07] Inserted 50 new users ✅
2025-10-08 00:00:25,579 INFO [2025-10-07] Inserted 750 orders ✅
2025-10-08 00:22:13,585 INFO [2025-10-07] Inserted 922 order_items ✅
2025-10-08 00:22:14,535 INFO [2025-10-07] Inserted 750 payments ✅
2025-10-08 00:22:20,607 INFO Generated | users=50 products=5 orders=750 items=922 paid=520 events=5555
Successfully uploaded to s3://avosoft-retail-bronze-jds-42/bronze/users/ingestion_date=2025-10-07/ingestion_time=00:00:02/users.jsonl
2025-10-08 00:22:21,858 INFO ✅ S3 write ok: users/ingestion_date=2025-10-07/ingestion_time=00:00:02/users.jsonl
Successfully uploaded to s3://avosoft-retail-bronze-jds-42/bronze/products/ingestion_date=2025-10-07/ingestion_time=00:00:02/products.jsonl
2025-10-08 00:22:22,161 INFO ✅ S3 write ok: products/ingestion_date=2025-10-07/ingestion_time=00:00:02/products.jsonl
Successfully uploaded to s3://avosoft-retail-bronze-jds-42/bronze/distribution_centers/ingestion_date=2025-10-07/ingestion_time=00:00:02/dcs.jsonl
2025-10-08 00:22:22,466 INFO ✅ S3 write ok: distribution_centers/ingestion_date=2025-10-07/ingestion_time=00:00:02/dcs.jsonl
2025-10-08 00:22:22,467 WARNING Failed to write s3 bronze inventory/ingestion_date=2025-10-07/ingestion_time=00:00:02/inventory.jsonl: Object of type Decimal is not JSON serializable
Successfully uploaded to s3://avosoft-retail-bronze-jds-42/bronze/orders/ingestion_date=2025-10-07/ingestion_time=00:00:02/orders.jsonl
2025-10-08 00:22:23,374 INFO ✅ S3 write ok: orders/ingestion_date=2025-10-07/ingestion_time=00:00:02/orders.jsonl
Successfully uploaded to s3://avosoft-retail-bronze-jds-42/bronze/order_items/ingestion_date=2025-10-07/ingestion_time=00:00:02/order_items.jsonl
2025-10-08 00:22:24,031 INFO ✅ S3 write ok: order_items/ingestion_date=2025-10-07/ingestion_time=00:00:02/order_items.jsonl
Successfully uploaded to s3://avosoft-retail-bronze-jds-42/bronze/payments/ingestion_date=2025-10-07/ingestion_time=00:00:02/payments.jsonl
2025-10-08 00:22:24,346 INFO ✅ S3 write ok: payments/ingestion_date=2025-10-07/ingestion_time=00:00:02/payments.jsonl
Successfully uploaded to s3://avosoft-retail-bronze-jds-42/bronze/events/ingestion_date=2025-10-07/ingestion_time=00:00:02/events.jsonl
2025-10-08 00:22:25,340 INFO ✅ S3 write ok: events/ingestion_date=2025-10-07/ingestion_time=00:00:02/events.jsonl
SUCCESS: Data generation completed
=== [2025-10-08 00:22:25] Completion status: 0 ===

Environment loaded from /home/ubuntu/avosoft_retail/.env
Running data generator for 2025-10-08...
2025-10-08 04:00:10,305 INFO DEBUG SETTINGS -> users=50, orders=750, events=5000
2025-10-08 04:00:11,443 INFO [2025-10-07] Inserted 50 new users ✅
2025-10-08 04:00:24,351 INFO [2025-10-07] Inserted 750 orders ✅
2025-10-08 04:21:41,834 INFO [2025-10-07] Inserted 914 order_items ✅
2025-10-08 04:21:42,802 INFO [2025-10-07] Inserted 750 payments ✅
2025-10-08 04:21:49,011 INFO Generated | users=50 products=5 orders=750 items=914 paid=510 events=5544
Successfully uploaded to s3://avosoft-retail-bronze-jds-42/bronze/users/ingestion_date=2025-10-07/ingestion_time=04:00:02/users.jsonl
2025-10-08 04:21:50,609 INFO ✅ S3 write ok: users/ingestion_date=2025-10-07/ingestion_time=04:00:02/users.jsonl
Successfully uploaded to s3://avosoft-retail-bronze-jds-42/bronze/products/ingestion_date=2025-10-07/ingestion_time=04:00:02/products.jsonl
2025-10-08 04:21:50,911 INFO ✅ S3 write ok: products/ingestion_date=2025-10-07/ingestion_time=04:00:02/products.jsonl
Successfully uploaded to s3://avosoft-retail-bronze-jds-42/bronze/distribution_centers/ingestion_date=2025-10-07/ingestion_time=04:00:02/dcs.jsonl
2025-10-08 04:21:51,213 INFO ✅ S3 write ok: distribution_centers/ingestion_date=2025-10-07/ingestion_time=04:00:02/dcs.jsonl
2025-10-08 04:21:51,213 WARNING Failed to write s3 bronze inventory/ingestion_date=2025-10-07/ingestion_time=04:00:02/inventory.jsonl: Object of type Decimal is not JSON serializable
Successfully uploaded to s3://avosoft-retail-bronze-jds-42/bronze/orders/ingestion_date=2025-10-07/ingestion_time=04:00:02/orders.jsonl
2025-10-08 04:21:52,095 INFO ✅ S3 write ok: orders/ingestion_date=2025-10-07/ingestion_time=04:00:02/orders.jsonl
Successfully uploaded to s3://avosoft-retail-bronze-jds-42/bronze/order_items/ingestion_date=2025-10-07/ingestion_time=04:00:02/order_items.jsonl
2025-10-08 04:21:52,712 INFO ✅ S3 write ok: order_items/ingestion_date=2025-10-07/ingestion_time=04:00:02/order_items.jsonl
Successfully uploaded to s3://avosoft-retail-bronze-jds-42/bronze/payments/ingestion_date=2025-10-07/ingestion_time=04:00:02/payments.jsonl
2025-10-08 04:21:53,072 INFO ✅ S3 write ok: payments/ingestion_date=2025-10-07/ingestion_time=04:00:02/payments.jsonl
Successfully uploaded to s3://avosoft-retail-bronze-jds-42/bronze/events/ingestion_date=2025-10-07/ingestion_time=04:00:02/events.jsonl
2025-10-08 04:21:54,134 INFO ✅ S3 write ok: events/ingestion_date=2025-10-07/ingestion_time=04:00:02/events.jsonl
SUCCESS: Data generation completed
=== [2025-10-08 04:21:54] Completion status: 0 ===

Environment loaded from /home/ubuntu/avosoft_retail/.env
Running data generator for 2025-10-08...
2025-10-08 08:00:10,612 INFO DEBUG SETTINGS -> users=50, orders=750, events=5000
2025-10-08 08:00:11,760 INFO [2025-10-07] Inserted 50 new users ✅
2025-10-08 08:00:23,006 INFO [2025-10-07] Inserted 750 orders ✅
2025-10-08 08:21:37,929 INFO [2025-10-07] Inserted 909 order_items ✅
2025-10-08 08:21:38,865 INFO [2025-10-07] Inserted 750 payments ✅
2025-10-08 08:21:44,932 INFO Generated | users=50 products=5 orders=750 items=909 paid=507 events=5541
Successfully uploaded to s3://avosoft-retail-bronze-jds-42/bronze/users/ingestion_date=2025-10-07/ingestion_time=08:00:02/users.jsonl
2025-10-08 08:21:46,448 INFO ✅ S3 write ok: users/ingestion_date=2025-10-07/ingestion_time=08:00:02/users.jsonl
Successfully uploaded to s3://avosoft-retail-bronze-jds-42/bronze/products/ingestion_date=2025-10-07/ingestion_time=08:00:02/products.jsonl
2025-10-08 08:21:46,745 INFO ✅ S3 write ok: products/ingestion_date=2025-10-07/ingestion_time=08:00:02/products.jsonl
Successfully uploaded to s3://avosoft-retail-bronze-jds-42/bronze/distribution_centers/ingestion_date=2025-10-07/ingestion_time=08:00:02/dcs.jsonl
2025-10-08 08:21:47,047 INFO ✅ S3 write ok: distribution_centers/ingestion_date=2025-10-07/ingestion_time=08:00:02/dcs.jsonl
2025-10-08 08:21:47,048 WARNING Failed to write s3 bronze inventory/ingestion_date=2025-10-07/ingestion_time=08:00:02/inventory.jsonl: Object of type Decimal is not JSON serializable
Successfully uploaded to s3://avosoft-retail-bronze-jds-42/bronze/orders/ingestion_date=2025-10-07/ingestion_time=08:00:02/orders.jsonl
2025-10-08 08:21:47,980 INFO ✅ S3 write ok: orders/ingestion_date=2025-10-07/ingestion_time=08:00:02/orders.jsonl
Successfully uploaded to s3://avosoft-retail-bronze-jds-42/bronze/order_items/ingestion_date=2025-10-07/ingestion_time=08:00:02/order_items.jsonl
2025-10-08 08:21:48,605 INFO ✅ S3 write ok: order_items/ingestion_date=2025-10-07/ingestion_time=08:00:02/order_items.jsonl
Successfully uploaded to s3://avosoft-retail-bronze-jds-42/bronze/payments/ingestion_date=2025-10-07/ingestion_time=08:00:02/payments.jsonl
2025-10-08 08:21:48,993 INFO ✅ S3 write ok: payments/ingestion_date=2025-10-07/ingestion_time=08:00:02/payments.jsonl
Successfully uploaded to s3://avosoft-retail-bronze-jds-42/bronze/events/ingestion_date=2025-10-07/ingestion_time=08:00:02/events.jsonl
2025-10-08 08:21:50,270 INFO ✅ S3 write ok: events/ingestion_date=2025-10-07/ingestion_time=08:00:02/events.jsonl
SUCCESS: Data generation completed
=== [2025-10-08 08:21:50] Completion status: 0 ===

Environment loaded from /home/ubuntu/avosoft_retail/.env
Running data generator for 2025-10-08...
2025-10-08 12:00:10,916 INFO DEBUG SETTINGS -> users=50, orders=750, events=5000
2025-10-08 12:00:12,054 INFO [2025-10-07] Inserted 50 new users ✅
2025-10-08 12:00:24,113 INFO [2025-10-07] Inserted 750 orders ✅
2025-10-08 12:21:35,090 INFO [2025-10-07] Inserted 908 order_items ✅
2025-10-08 12:21:36,019 INFO [2025-10-07] Inserted 750 payments ✅
2025-10-08 12:21:42,128 INFO Generated | users=50 products=5 orders=750 items=908 paid=509 events=5542
Successfully uploaded to s3://avosoft-retail-bronze-jds-42/bronze/users/ingestion_date=2025-10-07/ingestion_time=12:00:02/users.jsonl
2025-10-08 12:21:43,371 INFO ✅ S3 write ok: users/ingestion_date=2025-10-07/ingestion_time=12:00:02/users.jsonl
Successfully uploaded to s3://avosoft-retail-bronze-jds-42/bronze/products/ingestion_date=2025-10-07/ingestion_time=12:00:02/products.jsonl
2025-10-08 12:21:43,673 INFO ✅ S3 write ok: products/ingestion_date=2025-10-07/ingestion_time=12:00:02/products.jsonl
Successfully uploaded to s3://avosoft-retail-bronze-jds-42/bronze/distribution_centers/ingestion_date=2025-10-07/ingestion_time=12:00:02/dcs.jsonl
2025-10-08 12:21:43,978 INFO ✅ S3 write ok: distribution_centers/ingestion_date=2025-10-07/ingestion_time=12:00:02/dcs.jsonl
2025-10-08 12:21:43,978 WARNING Failed to write s3 bronze inventory/ingestion_date=2025-10-07/ingestion_time=12:00:02/inventory.jsonl: Object of type Decimal is not JSON serializable
Successfully uploaded to s3://avosoft-retail-bronze-jds-42/bronze/orders/ingestion_date=2025-10-07/ingestion_time=12:00:02/orders.jsonl
2025-10-08 12:21:44,860 INFO ✅ S3 write ok: orders/ingestion_date=2025-10-07/ingestion_time=12:00:02/orders.jsonl
Successfully uploaded to s3://avosoft-retail-bronze-jds-42/bronze/order_items/ingestion_date=2025-10-07/ingestion_time=12:00:02/order_items.jsonl
2025-10-08 12:21:45,483 INFO ✅ S3 write ok: order_items/ingestion_date=2025-10-07/ingestion_time=12:00:02/order_items.jsonl
Successfully uploaded to s3://avosoft-retail-bronze-jds-42/bronze/payments/ingestion_date=2025-10-07/ingestion_time=12:00:02/payments.jsonl
2025-10-08 12:21:45,827 INFO ✅ S3 write ok: payments/ingestion_date=2025-10-07/ingestion_time=12:00:02/payments.jsonl
Successfully uploaded to s3://avosoft-retail-bronze-jds-42/bronze/events/ingestion_date=2025-10-07/ingestion_time=12:00:02/events.jsonl
2025-10-08 12:21:46,828 INFO ✅ S3 write ok: events/ingestion_date=2025-10-07/ingestion_time=12:00:02/events.jsonl
SUCCESS: Data generation completed
=== [2025-10-08 12:21:47] Completion status: 0 ===

Environment loaded from /home/ubuntu/avosoft_retail/.env
Running data generator for 2025-10-08...
2025-10-08 16:00:10,036 INFO DEBUG SETTINGS -> users=50, orders=750, events=5000
2025-10-08 16:00:11,190 INFO [2025-10-07] Inserted 50 new users ✅
2025-10-08 16:00:29,019 INFO [2025-10-07] Inserted 750 orders ✅
2025-10-08 16:21:58,218 INFO [2025-10-07] Inserted 905 order_items ✅
2025-10-08 16:21:59,160 INFO [2025-10-07] Inserted 750 payments ✅
2025-10-08 16:22:05,503 INFO Generated | users=50 products=5 orders=750 items=905 paid=526 events=5559
Successfully uploaded to s3://avosoft-retail-bronze-jds-42/bronze/users/ingestion_date=2025-10-07/ingestion_time=16:00:01/users.jsonl
2025-10-08 16:22:06,772 INFO ✅ S3 write ok: users/ingestion_date=2025-10-07/ingestion_time=16:00:01/users.jsonl
Successfully uploaded to s3://avosoft-retail-bronze-jds-42/bronze/products/ingestion_date=2025-10-07/ingestion_time=16:00:01/products.jsonl
2025-10-08 16:22:07,077 INFO ✅ S3 write ok: products/ingestion_date=2025-10-07/ingestion_time=16:00:01/products.jsonl
Successfully uploaded to s3://avosoft-retail-bronze-jds-42/bronze/distribution_centers/ingestion_date=2025-10-07/ingestion_time=16:00:01/dcs.jsonl
2025-10-08 16:22:07,380 INFO ✅ S3 write ok: distribution_centers/ingestion_date=2025-10-07/ingestion_time=16:00:01/dcs.jsonl
2025-10-08 16:22:07,381 WARNING Failed to write s3 bronze inventory/ingestion_date=2025-10-07/ingestion_time=16:00:01/inventory.jsonl: Object of type Decimal is not JSON serializable
Successfully uploaded to s3://avosoft-retail-bronze-jds-42/bronze/orders/ingestion_date=2025-10-07/ingestion_time=16:00:01/orders.jsonl
2025-10-08 16:22:08,344 INFO ✅ S3 write ok: orders/ingestion_date=2025-10-07/ingestion_time=16:00:01/orders.jsonl
Successfully uploaded to s3://avosoft-retail-bronze-jds-42/bronze/order_items/ingestion_date=2025-10-07/ingestion_time=16:00:01/order_items.jsonl
2025-10-08 16:22:08,998 INFO ✅ S3 write ok: order_items/ingestion_date=2025-10-07/ingestion_time=16:00:01/order_items.jsonl
Successfully uploaded to s3://avosoft-retail-bronze-jds-42/bronze/payments/ingestion_date=2025-10-07/ingestion_time=16:00:01/payments.jsonl
2025-10-08 16:22:09,339 INFO ✅ S3 write ok: payments/ingestion_date=2025-10-07/ingestion_time=16:00:01/payments.jsonl
Successfully uploaded to s3://avosoft-retail-bronze-jds-42/bronze/events/ingestion_date=2025-10-07/ingestion_time=16:00:01/events.jsonl
2025-10-08 16:22:10,365 INFO ✅ S3 write ok: events/ingestion_date=2025-10-07/ingestion_time=16:00:01/events.jsonl
SUCCESS: Data generation completed
=== [2025-10-08 16:22:10] Completion status: 0 ===

Environment loaded from /home/ubuntu/avosoft_retail/.env
Running data generator for 2025-10-08...
2025-10-08 20:00:11,216 INFO DEBUG SETTINGS -> users=50, orders=750, events=5000
2025-10-08 20:00:12,344 INFO [2025-10-07] Inserted 50 new users ✅
2025-10-08 20:00:25,096 INFO [2025-10-07] Inserted 750 orders ✅
2025-10-08 20:21:06,979 INFO [2025-10-07] Inserted 902 order_items ✅
2025-10-08 20:21:07,904 INFO [2025-10-07] Inserted 750 payments ✅
2025-10-08 20:21:14,026 INFO Generated | users=50 products=5 orders=750 items=902 paid=516 events=5549
Successfully uploaded to s3://avosoft-retail-bronze-jds-42/bronze/users/ingestion_date=2025-10-07/ingestion_time=20:00:02/users.jsonl
2025-10-08 20:21:15,884 INFO ✅ S3 write ok: users/ingestion_date=2025-10-07/ingestion_time=20:00:02/users.jsonl
Successfully uploaded to s3://avosoft-retail-bronze-jds-42/bronze/products/ingestion_date=2025-10-07/ingestion_time=20:00:02/products.jsonl
2025-10-08 20:21:16,200 INFO ✅ S3 write ok: products/ingestion_date=2025-10-07/ingestion_time=20:00:02/products.jsonl
Successfully uploaded to s3://avosoft-retail-bronze-jds-42/bronze/distribution_centers/ingestion_date=2025-10-07/ingestion_time=20:00:02/dcs.jsonl
2025-10-08 20:21:16,516 INFO ✅ S3 write ok: distribution_centers/ingestion_date=2025-10-07/ingestion_time=20:00:02/dcs.jsonl
2025-10-08 20:21:16,516 WARNING Failed to write s3 bronze inventory/ingestion_date=2025-10-07/ingestion_time=20:00:02/inventory.jsonl: Object of type Decimal is not JSON serializable
Successfully uploaded to s3://avosoft-retail-bronze-jds-42/bronze/orders/ingestion_date=2025-10-07/ingestion_time=20:00:02/orders.jsonl
2025-10-08 20:21:17,454 INFO ✅ S3 write ok: orders/ingestion_date=2025-10-07/ingestion_time=20:00:02/orders.jsonl
Successfully uploaded to s3://avosoft-retail-bronze-jds-42/bronze/order_items/ingestion_date=2025-10-07/ingestion_time=20:00:02/order_items.jsonl
2025-10-08 20:21:18,099 INFO ✅ S3 write ok: order_items/ingestion_date=2025-10-07/ingestion_time=20:00:02/order_items.jsonl
Successfully uploaded to s3://avosoft-retail-bronze-jds-42/bronze/payments/ingestion_date=2025-10-07/ingestion_time=20:00:02/payments.jsonl
2025-10-08 20:21:18,492 INFO ✅ S3 write ok: payments/ingestion_date=2025-10-07/ingestion_time=20:00:02/payments.jsonl
Successfully uploaded to s3://avosoft-retail-bronze-jds-42/bronze/events/ingestion_date=2025-10-07/ingestion_time=20:00:02/events.jsonl
2025-10-08 20:21:19,885 INFO ✅ S3 write ok: events/ingestion_date=2025-10-07/ingestion_time=20:00:02/events.jsonl
SUCCESS: Data generation completed
=== [2025-10-08 20:21:20] Completion status: 0 ===

Environment loaded from /home/ubuntu/avosoft_retail/.env
Running data generator for 2025-10-09...
2025-10-09 00:00:10,810 INFO DEBUG SETTINGS -> users=50, orders=750, events=5000
2025-10-09 00:00:11,965 INFO [2025-10-08] Inserted 50 new users ✅
2025-10-09 00:00:23,378 INFO [2025-10-08] Inserted 750 orders ✅
2025-10-09 00:21:55,113 INFO [2025-10-08] Inserted 896 order_items ✅
2025-10-09 00:21:56,067 INFO [2025-10-08] Inserted 750 payments ✅
2025-10-09 00:22:02,297 INFO Generated | users=50 products=5 orders=750 items=896 paid=513 events=5545
Successfully uploaded to s3://avosoft-retail-bronze-jds-42/bronze/users/ingestion_date=2025-10-08/ingestion_time=00:00:02/users.jsonl
2025-10-09 00:22:03,801 INFO ✅ S3 write ok: users/ingestion_date=2025-10-08/ingestion_time=00:00:02/users.jsonl
Successfully uploaded to s3://avosoft-retail-bronze-jds-42/bronze/products/ingestion_date=2025-10-08/ingestion_time=00:00:02/products.jsonl
2025-10-09 00:22:04,109 INFO ✅ S3 write ok: products/ingestion_date=2025-10-08/ingestion_time=00:00:02/products.jsonl
Successfully uploaded to s3://avosoft-retail-bronze-jds-42/bronze/distribution_centers/ingestion_date=2025-10-08/ingestion_time=00:00:02/dcs.jsonl
2025-10-09 00:22:04,417 INFO ✅ S3 write ok: distribution_centers/ingestion_date=2025-10-08/ingestion_time=00:00:02/dcs.jsonl
2025-10-09 00:22:04,418 WARNING Failed to write s3 bronze inventory/ingestion_date=2025-10-08/ingestion_time=00:00:02/inventory.jsonl: Object of type Decimal is not JSON serializable
Successfully uploaded to s3://avosoft-retail-bronze-jds-42/bronze/orders/ingestion_date=2025-10-08/ingestion_time=00:00:02/orders.jsonl
2025-10-09 00:22:05,581 INFO ✅ S3 write ok: orders/ingestion_date=2025-10-08/ingestion_time=00:00:02/orders.jsonl
Successfully uploaded to s3://avosoft-retail-bronze-jds-42/bronze/order_items/ingestion_date=2025-10-08/ingestion_time=00:00:02/order_items.jsonl
2025-10-09 00:22:06,753 INFO ✅ S3 write ok: order_items/ingestion_date=2025-10-08/ingestion_time=00:00:02/order_items.jsonl
Successfully uploaded to s3://avosoft-retail-bronze-jds-42/bronze/payments/ingestion_date=2025-10-08/ingestion_time=00:00:02/payments.jsonl
2025-10-09 00:22:07,148 INFO ✅ S3 write ok: payments/ingestion_date=2025-10-08/ingestion_time=00:00:02/payments.jsonl
Successfully uploaded to s3://avosoft-retail-bronze-jds-42/bronze/events/ingestion_date=2025-10-08/ingestion_time=00:00:02/events.jsonl
2025-10-09 00:22:08,162 INFO ✅ S3 write ok: events/ingestion_date=2025-10-08/ingestion_time=00:00:02/events.jsonl
SUCCESS: Data generation completed
=== [2025-10-09 00:22:08] Completion status: 0 ===

Environment loaded from /home/ubuntu/avosoft_retail/.env
Running data generator for 2025-10-09...
2025-10-09 04:00:10,808 INFO DEBUG SETTINGS -> users=50, orders=750, events=5000
2025-10-09 04:00:11,963 INFO [2025-10-08] Inserted 50 new users ✅
2025-10-09 04:00:25,155 INFO [2025-10-08] Inserted 750 orders ✅
2025-10-09 04:21:48,928 INFO [2025-10-08] Inserted 888 order_items ✅
2025-10-09 04:21:49,889 INFO [2025-10-08] Inserted 750 payments ✅
2025-10-09 04:21:56,033 INFO Generated | users=50 products=5 orders=750 items=888 paid=511 events=5543
Successfully uploaded to s3://avosoft-retail-bronze-jds-42/bronze/users/ingestion_date=2025-10-08/ingestion_time=04:00:02/users.jsonl
2025-10-09 04:21:57,543 INFO ✅ S3 write ok: users/ingestion_date=2025-10-08/ingestion_time=04:00:02/users.jsonl
Successfully uploaded to s3://avosoft-retail-bronze-jds-42/bronze/products/ingestion_date=2025-10-08/ingestion_time=04:00:02/products.jsonl
2025-10-09 04:21:57,856 INFO ✅ S3 write ok: products/ingestion_date=2025-10-08/ingestion_time=04:00:02/products.jsonl
Successfully uploaded to s3://avosoft-retail-bronze-jds-42/bronze/distribution_centers/ingestion_date=2025-10-08/ingestion_time=04:00:02/dcs.jsonl
2025-10-09 04:21:58,152 INFO ✅ S3 write ok: distribution_centers/ingestion_date=2025-10-08/ingestion_time=04:00:02/dcs.jsonl
2025-10-09 04:21:58,152 WARNING Failed to write s3 bronze inventory/ingestion_date=2025-10-08/ingestion_time=04:00:02/inventory.jsonl: Object of type Decimal is not JSON serializable
Successfully uploaded to s3://avosoft-retail-bronze-jds-42/bronze/orders/ingestion_date=2025-10-08/ingestion_time=04:00:02/orders.jsonl
2025-10-09 04:21:59,051 INFO ✅ S3 write ok: orders/ingestion_date=2025-10-08/ingestion_time=04:00:02/orders.jsonl
Successfully uploaded to s3://avosoft-retail-bronze-jds-42/bronze/order_items/ingestion_date=2025-10-08/ingestion_time=04:00:02/order_items.jsonl
2025-10-09 04:21:59,667 INFO ✅ S3 write ok: order_items/ingestion_date=2025-10-08/ingestion_time=04:00:02/order_items.jsonl
Successfully uploaded to s3://avosoft-retail-bronze-jds-42/bronze/payments/ingestion_date=2025-10-08/ingestion_time=04:00:02/payments.jsonl
2025-10-09 04:22:00,011 INFO ✅ S3 write ok: payments/ingestion_date=2025-10-08/ingestion_time=04:00:02/payments.jsonl
Successfully uploaded to s3://avosoft-retail-bronze-jds-42/bronze/events/ingestion_date=2025-10-08/ingestion_time=04:00:02/events.jsonl
2025-10-09 04:22:00,992 INFO ✅ S3 write ok: events/ingestion_date=2025-10-08/ingestion_time=04:00:02/events.jsonl
SUCCESS: Data generation completed
=== [2025-10-09 04:22:01] Completion status: 0 ===

Environment loaded from /home/ubuntu/avosoft_retail/.env
Running data generator for 2025-10-09...
2025-10-09 08:00:10,247 INFO DEBUG SETTINGS -> users=50, orders=750, events=5000
2025-10-09 08:00:11,437 INFO [2025-10-08] Inserted 50 new users ✅
2025-10-09 08:00:25,398 INFO [2025-10-08] Inserted 750 orders ✅
2025-10-09 08:21:41,197 INFO [2025-10-08] Inserted 880 order_items ✅
2025-10-09 08:21:42,153 INFO [2025-10-08] Inserted 750 payments ✅
2025-10-09 08:21:48,206 INFO Generated | users=50 products=5 orders=750 items=880 paid=511 events=5543
Successfully uploaded to s3://avosoft-retail-bronze-jds-42/bronze/users/ingestion_date=2025-10-08/ingestion_time=08:00:02/users.jsonl
2025-10-09 08:21:49,757 INFO ✅ S3 write ok: users/ingestion_date=2025-10-08/ingestion_time=08:00:02/users.jsonl
Successfully uploaded to s3://avosoft-retail-bronze-jds-42/bronze/products/ingestion_date=2025-10-08/ingestion_time=08:00:02/products.jsonl
2025-10-09 08:21:50,063 INFO ✅ S3 write ok: products/ingestion_date=2025-10-08/ingestion_time=08:00:02/products.jsonl
Successfully uploaded to s3://avosoft-retail-bronze-jds-42/bronze/distribution_centers/ingestion_date=2025-10-08/ingestion_time=08:00:02/dcs.jsonl
2025-10-09 08:21:50,371 INFO ✅ S3 write ok: distribution_centers/ingestion_date=2025-10-08/ingestion_time=08:00:02/dcs.jsonl
2025-10-09 08:21:50,371 WARNING Failed to write s3 bronze inventory/ingestion_date=2025-10-08/ingestion_time=08:00:02/inventory.jsonl: Object of type Decimal is not JSON serializable
Successfully uploaded to s3://avosoft-retail-bronze-jds-42/bronze/orders/ingestion_date=2025-10-08/ingestion_time=08:00:02/orders.jsonl
2025-10-09 08:21:51,342 INFO ✅ S3 write ok: orders/ingestion_date=2025-10-08/ingestion_time=08:00:02/orders.jsonl
Successfully uploaded to s3://avosoft-retail-bronze-jds-42/bronze/order_items/ingestion_date=2025-10-08/ingestion_time=08:00:02/order_items.jsonl
2025-10-09 08:21:51,959 INFO ✅ S3 write ok: order_items/ingestion_date=2025-10-08/ingestion_time=08:00:02/order_items.jsonl
Successfully uploaded to s3://avosoft-retail-bronze-jds-42/bronze/payments/ingestion_date=2025-10-08/ingestion_time=08:00:02/payments.jsonl
2025-10-09 08:21:52,344 INFO ✅ S3 write ok: payments/ingestion_date=2025-10-08/ingestion_time=08:00:02/payments.jsonl
Successfully uploaded to s3://avosoft-retail-bronze-jds-42/bronze/events/ingestion_date=2025-10-08/ingestion_time=08:00:02/events.jsonl
2025-10-09 08:21:53,371 INFO ✅ S3 write ok: events/ingestion_date=2025-10-08/ingestion_time=08:00:02/events.jsonl
SUCCESS: Data generation completed
=== [2025-10-09 08:21:53] Completion status: 0 ===

Environment loaded from /home/ubuntu/avosoft_retail/.env
Running data generator for 2025-10-09...
2025-10-09 12:00:10,841 INFO DEBUG SETTINGS -> users=50, orders=750, events=5000
2025-10-09 12:00:11,997 INFO [2025-10-08] Inserted 50 new users ✅
2025-10-09 12:00:26,826 INFO [2025-10-08] Inserted 750 orders ✅
2025-10-09 12:21:44,122 INFO [2025-10-08] Inserted 881 order_items ✅
2025-10-09 12:21:45,073 INFO [2025-10-08] Inserted 750 payments ✅
2025-10-09 12:21:51,298 INFO Generated | users=50 products=5 orders=750 items=881 paid=498 events=5530
Successfully uploaded to s3://avosoft-retail-bronze-jds-42/bronze/users/ingestion_date=2025-10-08/ingestion_time=12:00:02/users.jsonl
2025-10-09 12:21:52,796 INFO ✅ S3 write ok: users/ingestion_date=2025-10-08/ingestion_time=12:00:02/users.jsonl
Successfully uploaded to s3://avosoft-retail-bronze-jds-42/bronze/products/ingestion_date=2025-10-08/ingestion_time=12:00:02/products.jsonl
2025-10-09 12:21:53,097 INFO ✅ S3 write ok: products/ingestion_date=2025-10-08/ingestion_time=12:00:02/products.jsonl
Successfully uploaded to s3://avosoft-retail-bronze-jds-42/bronze/distribution_centers/ingestion_date=2025-10-08/ingestion_time=12:00:02/dcs.jsonl
2025-10-09 12:21:53,398 INFO ✅ S3 write ok: distribution_centers/ingestion_date=2025-10-08/ingestion_time=12:00:02/dcs.jsonl
2025-10-09 12:21:53,399 WARNING Failed to write s3 bronze inventory/ingestion_date=2025-10-08/ingestion_time=12:00:02/inventory.jsonl: Object of type Decimal is not JSON serializable
Successfully uploaded to s3://avosoft-retail-bronze-jds-42/bronze/orders/ingestion_date=2025-10-08/ingestion_time=12:00:02/orders.jsonl
2025-10-09 12:21:54,285 INFO ✅ S3 write ok: orders/ingestion_date=2025-10-08/ingestion_time=12:00:02/orders.jsonl
Successfully uploaded to s3://avosoft-retail-bronze-jds-42/bronze/order_items/ingestion_date=2025-10-08/ingestion_time=12:00:02/order_items.jsonl
2025-10-09 12:21:54,891 INFO ✅ S3 write ok: order_items/ingestion_date=2025-10-08/ingestion_time=12:00:02/order_items.jsonl
Successfully uploaded to s3://avosoft-retail-bronze-jds-42/bronze/payments/ingestion_date=2025-10-08/ingestion_time=12:00:02/payments.jsonl
2025-10-09 12:21:55,245 INFO ✅ S3 write ok: payments/ingestion_date=2025-10-08/ingestion_time=12:00:02/payments.jsonl
Successfully uploaded to s3://avosoft-retail-bronze-jds-42/bronze/events/ingestion_date=2025-10-08/ingestion_time=12:00:02/events.jsonl
2025-10-09 12:21:56,242 INFO ✅ S3 write ok: events/ingestion_date=2025-10-08/ingestion_time=12:00:02/events.jsonl
SUCCESS: Data generation completed
=== [2025-10-09 12:21:56] Completion status: 0 ===

Environment loaded from /home/ubuntu/avosoft_retail/.env
Running data generator for 2025-10-09...
2025-10-09 16:00:10,921 INFO DEBUG SETTINGS -> users=50, orders=750, events=5000
2025-10-09 16:00:12,054 INFO [2025-10-08] Inserted 50 new users ✅
2025-10-09 16:00:28,833 INFO [2025-10-08] Inserted 750 orders ✅
2025-10-09 16:21:11,741 INFO [2025-10-08] Inserted 880 order_items ✅
2025-10-09 16:21:12,677 INFO [2025-10-08] Inserted 750 payments ✅
2025-10-09 16:21:18,805 INFO Generated | users=50 products=5 orders=750 items=880 paid=504 events=5536
Successfully uploaded to s3://avosoft-retail-bronze-jds-42/bronze/users/ingestion_date=2025-10-08/ingestion_time=16:00:02/users.jsonl
2025-10-09 16:21:20,335 INFO ✅ S3 write ok: users/ingestion_date=2025-10-08/ingestion_time=16:00:02/users.jsonl
Successfully uploaded to s3://avosoft-retail-bronze-jds-42/bronze/products/ingestion_date=2025-10-08/ingestion_time=16:00:02/products.jsonl
2025-10-09 16:21:20,630 INFO ✅ S3 write ok: products/ingestion_date=2025-10-08/ingestion_time=16:00:02/products.jsonl
Successfully uploaded to s3://avosoft-retail-bronze-jds-42/bronze/distribution_centers/ingestion_date=2025-10-08/ingestion_time=16:00:02/dcs.jsonl
2025-10-09 16:21:20,932 INFO ✅ S3 write ok: distribution_centers/ingestion_date=2025-10-08/ingestion_time=16:00:02/dcs.jsonl
2025-10-09 16:21:20,932 WARNING Failed to write s3 bronze inventory/ingestion_date=2025-10-08/ingestion_time=16:00:02/inventory.jsonl: Object of type Decimal is not JSON serializable
Successfully uploaded to s3://avosoft-retail-bronze-jds-42/bronze/orders/ingestion_date=2025-10-08/ingestion_time=16:00:02/orders.jsonl
2025-10-09 16:21:21,800 INFO ✅ S3 write ok: orders/ingestion_date=2025-10-08/ingestion_time=16:00:02/orders.jsonl
Successfully uploaded to s3://avosoft-retail-bronze-jds-42/bronze/order_items/ingestion_date=2025-10-08/ingestion_time=16:00:02/order_items.jsonl
2025-10-09 16:21:22,416 INFO ✅ S3 write ok: order_items/ingestion_date=2025-10-08/ingestion_time=16:00:02/order_items.jsonl
Successfully uploaded to s3://avosoft-retail-bronze-jds-42/bronze/payments/ingestion_date=2025-10-08/ingestion_time=16:00:02/payments.jsonl
2025-10-09 16:21:22,767 INFO ✅ S3 write ok: payments/ingestion_date=2025-10-08/ingestion_time=16:00:02/payments.jsonl
Successfully uploaded to s3://avosoft-retail-bronze-jds-42/bronze/events/ingestion_date=2025-10-08/ingestion_time=16:00:02/events.jsonl
2025-10-09 16:21:23,830 INFO ✅ S3 write ok: events/ingestion_date=2025-10-08/ingestion_time=16:00:02/events.jsonl
SUCCESS: Data generation completed
=== [2025-10-09 16:21:24] Completion status: 0 ===

Environment loaded from /home/ubuntu/avosoft_retail/.env
Running data generator for 2025-10-09...
2025-10-09 20:00:10,004 INFO DEBUG SETTINGS -> users=50, orders=750, events=5000
2025-10-09 20:00:11,141 INFO [2025-10-08] Inserted 50 new users ✅
2025-10-09 20:00:24,032 INFO [2025-10-08] Inserted 750 orders ✅
2025-10-09 20:21:14,260 INFO [2025-10-08] Inserted 875 order_items ✅
2025-10-09 20:21:15,210 INFO [2025-10-08] Inserted 750 payments ✅
2025-10-09 20:21:21,307 INFO Generated | users=50 products=5 orders=750 items=875 paid=506 events=5538
Successfully uploaded to s3://avosoft-retail-bronze-jds-42/bronze/users/ingestion_date=2025-10-08/ingestion_time=20:00:01/users.jsonl
2025-10-09 20:21:22,805 INFO ✅ S3 write ok: users/ingestion_date=2025-10-08/ingestion_time=20:00:01/users.jsonl
Successfully uploaded to s3://avosoft-retail-bronze-jds-42/bronze/products/ingestion_date=2025-10-08/ingestion_time=20:00:01/products.jsonl
2025-10-09 20:21:23,109 INFO ✅ S3 write ok: products/ingestion_date=2025-10-08/ingestion_time=20:00:01/products.jsonl
Successfully uploaded to s3://avosoft-retail-bronze-jds-42/bronze/distribution_centers/ingestion_date=2025-10-08/ingestion_time=20:00:01/dcs.jsonl
2025-10-09 20:21:23,413 INFO ✅ S3 write ok: distribution_centers/ingestion_date=2025-10-08/ingestion_time=20:00:01/dcs.jsonl
2025-10-09 20:21:23,413 WARNING Failed to write s3 bronze inventory/ingestion_date=2025-10-08/ingestion_time=20:00:01/inventory.jsonl: Object of type Decimal is not JSON serializable
Successfully uploaded to s3://avosoft-retail-bronze-jds-42/bronze/orders/ingestion_date=2025-10-08/ingestion_time=20:00:01/orders.jsonl
2025-10-09 20:21:24,314 INFO ✅ S3 write ok: orders/ingestion_date=2025-10-08/ingestion_time=20:00:01/orders.jsonl
Successfully uploaded to s3://avosoft-retail-bronze-jds-42/bronze/order_items/ingestion_date=2025-10-08/ingestion_time=20:00:01/order_items.jsonl
2025-10-09 20:21:24,961 INFO ✅ S3 write ok: order_items/ingestion_date=2025-10-08/ingestion_time=20:00:01/order_items.jsonl
Successfully uploaded to s3://avosoft-retail-bronze-jds-42/bronze/payments/ingestion_date=2025-10-08/ingestion_time=20:00:01/payments.jsonl
2025-10-09 20:21:25,326 INFO ✅ S3 write ok: payments/ingestion_date=2025-10-08/ingestion_time=20:00:01/payments.jsonl
Successfully uploaded to s3://avosoft-retail-bronze-jds-42/bronze/events/ingestion_date=2025-10-08/ingestion_time=20:00:01/events.jsonl
2025-10-09 20:21:26,350 INFO ✅ S3 write ok: events/ingestion_date=2025-10-08/ingestion_time=20:00:01/events.jsonl
SUCCESS: Data generation completed
=== [2025-10-09 20:21:26] Completion status: 0 ===

Environment loaded from /home/ubuntu/avosoft_retail/.env
Running data generator for 2025-10-10...
2025-10-10 00:00:11,502 INFO DEBUG SETTINGS -> users=50, orders=750, events=5000
2025-10-10 00:00:12,656 INFO [2025-10-09] Inserted 50 new users ✅
2025-10-10 00:00:24,096 INFO [2025-10-09] Inserted 750 orders ✅
2025-10-10 00:21:28,597 INFO [2025-10-09] Inserted 873 order_items ✅
2025-10-10 00:21:29,572 INFO [2025-10-09] Inserted 750 payments ✅
2025-10-10 00:21:35,732 INFO Generated | users=50 products=5 orders=750 items=873 paid=512 events=5544
Successfully uploaded to s3://avosoft-retail-bronze-jds-42/bronze/users/ingestion_date=2025-10-09/ingestion_time=00:00:02/users.jsonl
2025-10-10 00:21:37,263 INFO ✅ S3 write ok: users/ingestion_date=2025-10-09/ingestion_time=00:00:02/users.jsonl
Successfully uploaded to s3://avosoft-retail-bronze-jds-42/bronze/products/ingestion_date=2025-10-09/ingestion_time=00:00:02/products.jsonl
2025-10-10 00:21:37,564 INFO ✅ S3 write ok: products/ingestion_date=2025-10-09/ingestion_time=00:00:02/products.jsonl
Successfully uploaded to s3://avosoft-retail-bronze-jds-42/bronze/distribution_centers/ingestion_date=2025-10-09/ingestion_time=00:00:02/dcs.jsonl
2025-10-10 00:21:37,866 INFO ✅ S3 write ok: distribution_centers/ingestion_date=2025-10-09/ingestion_time=00:00:02/dcs.jsonl
2025-10-10 00:21:37,867 WARNING Failed to write s3 bronze inventory/ingestion_date=2025-10-09/ingestion_time=00:00:02/inventory.jsonl: Object of type Decimal is not JSON serializable
Successfully uploaded to s3://avosoft-retail-bronze-jds-42/bronze/orders/ingestion_date=2025-10-09/ingestion_time=00:00:02/orders.jsonl
2025-10-10 00:21:38,771 INFO ✅ S3 write ok: orders/ingestion_date=2025-10-09/ingestion_time=00:00:02/orders.jsonl
Successfully uploaded to s3://avosoft-retail-bronze-jds-42/bronze/order_items/ingestion_date=2025-10-09/ingestion_time=00:00:02/order_items.jsonl
2025-10-10 00:21:39,387 INFO ✅ S3 write ok: order_items/ingestion_date=2025-10-09/ingestion_time=00:00:02/order_items.jsonl
Successfully uploaded to s3://avosoft-retail-bronze-jds-42/bronze/payments/ingestion_date=2025-10-09/ingestion_time=00:00:02/payments.jsonl
2025-10-10 00:21:39,726 INFO ✅ S3 write ok: payments/ingestion_date=2025-10-09/ingestion_time=00:00:02/payments.jsonl
Successfully uploaded to s3://avosoft-retail-bronze-jds-42/bronze/events/ingestion_date=2025-10-09/ingestion_time=00:00:02/events.jsonl
2025-10-10 00:21:40,749 INFO ✅ S3 write ok: events/ingestion_date=2025-10-09/ingestion_time=00:00:02/events.jsonl
SUCCESS: Data generation completed
=== [2025-10-10 00:21:40] Completion status: 0 ===

Environment loaded from /home/ubuntu/avosoft_retail/.env
Running data generator for 2025-10-10...
2025-10-10 04:00:11,712 INFO DEBUG SETTINGS -> users=50, orders=750, events=5000
2025-10-10 04:00:12,857 INFO [2025-10-09] Inserted 50 new users ✅
2025-10-10 04:00:20,800 INFO [2025-10-09] Inserted 750 orders ✅
2025-10-10 04:20:53,245 INFO [2025-10-09] Inserted 865 order_items ✅
2025-10-10 04:20:54,180 INFO [2025-10-09] Inserted 750 payments ✅
2025-10-10 04:21:00,298 INFO Generated | users=50 products=5 orders=750 items=865 paid=500 events=5532
Successfully uploaded to s3://avosoft-retail-bronze-jds-42/bronze/users/ingestion_date=2025-10-09/ingestion_time=04:00:02/users.jsonl
2025-10-10 04:21:01,858 INFO ✅ S3 write ok: users/ingestion_date=2025-10-09/ingestion_time=04:00:02/users.jsonl
Successfully uploaded to s3://avosoft-retail-bronze-jds-42/bronze/products/ingestion_date=2025-10-09/ingestion_time=04:00:02/products.jsonl
2025-10-10 04:21:02,162 INFO ✅ S3 write ok: products/ingestion_date=2025-10-09/ingestion_time=04:00:02/products.jsonl
Successfully uploaded to s3://avosoft-retail-bronze-jds-42/bronze/distribution_centers/ingestion_date=2025-10-09/ingestion_time=04:00:02/dcs.jsonl
2025-10-10 04:21:02,466 INFO ✅ S3 write ok: distribution_centers/ingestion_date=2025-10-09/ingestion_time=04:00:02/dcs.jsonl
2025-10-10 04:21:02,466 WARNING Failed to write s3 bronze inventory/ingestion_date=2025-10-09/ingestion_time=04:00:02/inventory.jsonl: Object of type Decimal is not JSON serializable
Successfully uploaded to s3://avosoft-retail-bronze-jds-42/bronze/orders/ingestion_date=2025-10-09/ingestion_time=04:00:02/orders.jsonl
2025-10-10 04:21:03,379 INFO ✅ S3 write ok: orders/ingestion_date=2025-10-09/ingestion_time=04:00:02/orders.jsonl
Successfully uploaded to s3://avosoft-retail-bronze-jds-42/bronze/order_items/ingestion_date=2025-10-09/ingestion_time=04:00:02/order_items.jsonl
2025-10-10 04:21:04,003 INFO ✅ S3 write ok: order_items/ingestion_date=2025-10-09/ingestion_time=04:00:02/order_items.jsonl
Successfully uploaded to s3://avosoft-retail-bronze-jds-42/bronze/payments/ingestion_date=2025-10-09/ingestion_time=04:00:02/payments.jsonl
2025-10-10 04:21:04,374 INFO ✅ S3 write ok: payments/ingestion_date=2025-10-09/ingestion_time=04:00:02/payments.jsonl
Successfully uploaded to s3://avosoft-retail-bronze-jds-42/bronze/events/ingestion_date=2025-10-09/ingestion_time=04:00:02/events.jsonl
2025-10-10 04:21:05,410 INFO ✅ S3 write ok: events/ingestion_date=2025-10-09/ingestion_time=04:00:02/events.jsonl
SUCCESS: Data generation completed
=== [2025-10-10 04:21:05] Completion status: 0 ===

Environment loaded from /home/ubuntu/avosoft_retail/.env
Running data generator for 2025-10-10...
2025-10-10 08:00:10,722 INFO DEBUG SETTINGS -> users=50, orders=750, events=5000
2025-10-10 08:00:11,879 INFO [2025-10-09] Inserted 50 new users ✅
2025-10-10 08:00:25,868 INFO [2025-10-09] Inserted 750 orders ✅
2025-10-10 08:21:18,434 INFO [2025-10-09] Inserted 858 order_items ✅
2025-10-10 08:21:19,390 INFO [2025-10-09] Inserted 750 payments ✅
2025-10-10 08:21:25,528 INFO Generated | users=50 products=5 orders=750 items=858 paid=487 events=5519
Successfully uploaded to s3://avosoft-retail-bronze-jds-42/bronze/users/ingestion_date=2025-10-09/ingestion_time=08:00:02/users.jsonl
2025-10-10 08:21:27,310 INFO ✅ S3 write ok: users/ingestion_date=2025-10-09/ingestion_time=08:00:02/users.jsonl
Successfully uploaded to s3://avosoft-retail-bronze-jds-42/bronze/products/ingestion_date=2025-10-09/ingestion_time=08:00:02/products.jsonl
2025-10-10 08:21:27,615 INFO ✅ S3 write ok: products/ingestion_date=2025-10-09/ingestion_time=08:00:02/products.jsonl
Successfully uploaded to s3://avosoft-retail-bronze-jds-42/bronze/distribution_centers/ingestion_date=2025-10-09/ingestion_time=08:00:02/dcs.jsonl
2025-10-10 08:21:27,920 INFO ✅ S3 write ok: distribution_centers/ingestion_date=2025-10-09/ingestion_time=08:00:02/dcs.jsonl
2025-10-10 08:21:27,920 WARNING Failed to write s3 bronze inventory/ingestion_date=2025-10-09/ingestion_time=08:00:02/inventory.jsonl: Object of type Decimal is not JSON serializable
Successfully uploaded to s3://avosoft-retail-bronze-jds-42/bronze/orders/ingestion_date=2025-10-09/ingestion_time=08:00:02/orders.jsonl
2025-10-10 08:21:29,076 INFO ✅ S3 write ok: orders/ingestion_date=2025-10-09/ingestion_time=08:00:02/orders.jsonl
Successfully uploaded to s3://avosoft-retail-bronze-jds-42/bronze/order_items/ingestion_date=2025-10-09/ingestion_time=08:00:02/order_items.jsonl
2025-10-10 08:21:30,247 INFO ✅ S3 write ok: order_items/ingestion_date=2025-10-09/ingestion_time=08:00:02/order_items.jsonl
Successfully uploaded to s3://avosoft-retail-bronze-jds-42/bronze/payments/ingestion_date=2025-10-09/ingestion_time=08:00:02/payments.jsonl
2025-10-10 08:21:30,606 INFO ✅ S3 write ok: payments/ingestion_date=2025-10-09/ingestion_time=08:00:02/payments.jsonl
Successfully uploaded to s3://avosoft-retail-bronze-jds-42/bronze/events/ingestion_date=2025-10-09/ingestion_time=08:00:02/events.jsonl
2025-10-10 08:21:31,640 INFO ✅ S3 write ok: events/ingestion_date=2025-10-09/ingestion_time=08:00:02/events.jsonl
SUCCESS: Data generation completed
=== [2025-10-10 08:21:31] Completion status: 0 ===

Environment loaded from /home/ubuntu/avosoft_retail/.env
Running data generator for 2025-10-10...
2025-10-10 12:00:11,743 INFO DEBUG SETTINGS -> users=50, orders=750, events=5000
2025-10-10 12:00:12,907 INFO [2025-10-09] Inserted 50 new users ✅
2025-10-10 12:00:22,102 INFO [2025-10-09] Inserted 750 orders ✅
2025-10-10 12:21:19,550 INFO [2025-10-09] Inserted 858 order_items ✅
2025-10-10 12:21:20,513 INFO [2025-10-09] Inserted 750 payments ✅
2025-10-10 12:21:26,630 INFO Generated | users=50 products=5 orders=750 items=858 paid=503 events=5535
Successfully uploaded to s3://avosoft-retail-bronze-jds-42/bronze/users/ingestion_date=2025-10-09/ingestion_time=12:00:02/users.jsonl
2025-10-10 12:21:28,168 INFO ✅ S3 write ok: users/ingestion_date=2025-10-09/ingestion_time=12:00:02/users.jsonl
Successfully uploaded to s3://avosoft-retail-bronze-jds-42/bronze/products/ingestion_date=2025-10-09/ingestion_time=12:00:02/products.jsonl
2025-10-10 12:21:28,475 INFO ✅ S3 write ok: products/ingestion_date=2025-10-09/ingestion_time=12:00:02/products.jsonl
Successfully uploaded to s3://avosoft-retail-bronze-jds-42/bronze/distribution_centers/ingestion_date=2025-10-09/ingestion_time=12:00:02/dcs.jsonl
2025-10-10 12:21:28,783 INFO ✅ S3 write ok: distribution_centers/ingestion_date=2025-10-09/ingestion_time=12:00:02/dcs.jsonl
2025-10-10 12:21:28,783 WARNING Failed to write s3 bronze inventory/ingestion_date=2025-10-09/ingestion_time=12:00:02/inventory.jsonl: Object of type Decimal is not JSON serializable
Successfully uploaded to s3://avosoft-retail-bronze-jds-42/bronze/orders/ingestion_date=2025-10-09/ingestion_time=12:00:02/orders.jsonl
2025-10-10 12:21:29,674 INFO ✅ S3 write ok: orders/ingestion_date=2025-10-09/ingestion_time=12:00:02/orders.jsonl
Successfully uploaded to s3://avosoft-retail-bronze-jds-42/bronze/order_items/ingestion_date=2025-10-09/ingestion_time=12:00:02/order_items.jsonl
2025-10-10 12:21:30,284 INFO ✅ S3 write ok: order_items/ingestion_date=2025-10-09/ingestion_time=12:00:02/order_items.jsonl
Successfully uploaded to s3://avosoft-retail-bronze-jds-42/bronze/payments/ingestion_date=2025-10-09/ingestion_time=12:00:02/payments.jsonl
2025-10-10 12:21:30,638 INFO ✅ S3 write ok: payments/ingestion_date=2025-10-09/ingestion_time=12:00:02/payments.jsonl
Successfully uploaded to s3://avosoft-retail-bronze-jds-42/bronze/events/ingestion_date=2025-10-09/ingestion_time=12:00:02/events.jsonl
2025-10-10 12:21:31,623 INFO ✅ S3 write ok: events/ingestion_date=2025-10-09/ingestion_time=12:00:02/events.jsonl
SUCCESS: Data generation completed
=== [2025-10-10 12:21:31] Completion status: 0 ===

Environment loaded from /home/ubuntu/avosoft_retail/.env
Running data generator for 2025-10-10...
2025-10-10 16:00:11,218 INFO DEBUG SETTINGS -> users=50, orders=750, events=5000
2025-10-10 16:00:12,358 INFO [2025-10-09] Inserted 50 new users ✅
2025-10-10 16:00:28,671 INFO [2025-10-09] Inserted 750 orders ✅
2025-10-10 16:20:47,965 INFO [2025-10-09] Inserted 849 order_items ✅
2025-10-10 16:20:48,920 INFO [2025-10-09] Inserted 750 payments ✅
2025-10-10 16:20:55,554 INFO Generated | users=50 products=5 orders=750 items=849 paid=511 events=5542
Successfully uploaded to s3://avosoft-retail-bronze-jds-42/bronze/users/ingestion_date=2025-10-09/ingestion_time=16:00:02/users.jsonl
2025-10-10 16:20:56,863 INFO ✅ S3 write ok: users/ingestion_date=2025-10-09/ingestion_time=16:00:02/users.jsonl
Successfully uploaded to s3://avosoft-retail-bronze-jds-42/bronze/products/ingestion_date=2025-10-09/ingestion_time=16:00:02/products.jsonl
2025-10-10 16:20:57,166 INFO ✅ S3 write ok: products/ingestion_date=2025-10-09/ingestion_time=16:00:02/products.jsonl
Successfully uploaded to s3://avosoft-retail-bronze-jds-42/bronze/distribution_centers/ingestion_date=2025-10-09/ingestion_time=16:00:02/dcs.jsonl
2025-10-10 16:20:57,469 INFO ✅ S3 write ok: distribution_centers/ingestion_date=2025-10-09/ingestion_time=16:00:02/dcs.jsonl
2025-10-10 16:20:57,469 WARNING Failed to write s3 bronze inventory/ingestion_date=2025-10-09/ingestion_time=16:00:02/inventory.jsonl: Object of type Decimal is not JSON serializable
Successfully uploaded to s3://avosoft-retail-bronze-jds-42/bronze/orders/ingestion_date=2025-10-09/ingestion_time=16:00:02/orders.jsonl
2025-10-10 16:20:58,655 INFO ✅ S3 write ok: orders/ingestion_date=2025-10-09/ingestion_time=16:00:02/orders.jsonl
Successfully uploaded to s3://avosoft-retail-bronze-jds-42/bronze/order_items/ingestion_date=2025-10-09/ingestion_time=16:00:02/order_items.jsonl
2025-10-10 16:20:59,811 INFO ✅ S3 write ok: order_items/ingestion_date=2025-10-09/ingestion_time=16:00:02/order_items.jsonl
Successfully uploaded to s3://avosoft-retail-bronze-jds-42/bronze/payments/ingestion_date=2025-10-09/ingestion_time=16:00:02/payments.jsonl
2025-10-10 16:21:00,197 INFO ✅ S3 write ok: payments/ingestion_date=2025-10-09/ingestion_time=16:00:02/payments.jsonl
Successfully uploaded to s3://avosoft-retail-bronze-jds-42/bronze/events/ingestion_date=2025-10-09/ingestion_time=16:00:02/events.jsonl
2025-10-10 16:21:01,534 INFO ✅ S3 write ok: events/ingestion_date=2025-10-09/ingestion_time=16:00:02/events.jsonl
SUCCESS: Data generation completed
=== [2025-10-10 16:21:01] Completion status: 0 ===

Environment loaded from /home/ubuntu/avosoft_retail/.env
Running data generator for 2025-10-10...
2025-10-10 20:00:11,309 INFO DEBUG SETTINGS -> users=50, orders=750, events=5000
2025-10-10 20:00:12,453 INFO [2025-10-09] Inserted 50 new users ✅
2025-10-10 20:00:22,983 INFO [2025-10-09] Inserted 750 orders ✅
2025-10-10 20:21:01,012 INFO [2025-10-09] Inserted 845 order_items ✅
2025-10-10 20:21:02,201 INFO [2025-10-09] Inserted 750 payments ✅
2025-10-10 20:21:08,204 INFO Generated | users=50 products=5 orders=750 items=845 paid=491 events=5522
Successfully uploaded to s3://avosoft-retail-bronze-jds-42/bronze/users/ingestion_date=2025-10-09/ingestion_time=20:00:02/users.jsonl
2025-10-10 20:21:09,948 INFO ✅ S3 write ok: users/ingestion_date=2025-10-09/ingestion_time=20:00:02/users.jsonl
Successfully uploaded to s3://avosoft-retail-bronze-jds-42/bronze/products/ingestion_date=2025-10-09/ingestion_time=20:00:02/products.jsonl
2025-10-10 20:21:10,246 INFO ✅ S3 write ok: products/ingestion_date=2025-10-09/ingestion_time=20:00:02/products.jsonl
Successfully uploaded to s3://avosoft-retail-bronze-jds-42/bronze/distribution_centers/ingestion_date=2025-10-09/ingestion_time=20:00:02/dcs.jsonl
2025-10-10 20:21:10,546 INFO ✅ S3 write ok: distribution_centers/ingestion_date=2025-10-09/ingestion_time=20:00:02/dcs.jsonl
2025-10-10 20:21:10,546 WARNING Failed to write s3 bronze inventory/ingestion_date=2025-10-09/ingestion_time=20:00:02/inventory.jsonl: Object of type Decimal is not JSON serializable
Successfully uploaded to s3://avosoft-retail-bronze-jds-42/bronze/orders/ingestion_date=2025-10-09/ingestion_time=20:00:02/orders.jsonl
2025-10-10 20:21:11,428 INFO ✅ S3 write ok: orders/ingestion_date=2025-10-09/ingestion_time=20:00:02/orders.jsonl
Successfully uploaded to s3://avosoft-retail-bronze-jds-42/bronze/order_items/ingestion_date=2025-10-09/ingestion_time=20:00:02/order_items.jsonl
2025-10-10 20:21:12,076 INFO ✅ S3 write ok: order_items/ingestion_date=2025-10-09/ingestion_time=20:00:02/order_items.jsonl
Successfully uploaded to s3://avosoft-retail-bronze-jds-42/bronze/payments/ingestion_date=2025-10-09/ingestion_time=20:00:02/payments.jsonl
2025-10-10 20:21:12,423 INFO ✅ S3 write ok: payments/ingestion_date=2025-10-09/ingestion_time=20:00:02/payments.jsonl
Successfully uploaded to s3://avosoft-retail-bronze-jds-42/bronze/events/ingestion_date=2025-10-09/ingestion_time=20:00:02/events.jsonl
2025-10-10 20:21:13,433 INFO ✅ S3 write ok: events/ingestion_date=2025-10-09/ingestion_time=20:00:02/events.jsonl
SUCCESS: Data generation completed
=== [2025-10-10 20:21:13] Completion status: 0 ===

Environment loaded from /home/ubuntu/avosoft_retail/.env
Running data generator for 2025-10-11...
2025-10-11 00:00:11,207 INFO DEBUG SETTINGS -> users=50, orders=750, events=5000
2025-10-11 00:00:12,368 INFO [2025-10-10] Inserted 50 new users ✅
2025-10-11 00:00:26,318 INFO [2025-10-10] Inserted 750 orders ✅
2025-10-11 00:20:58,936 INFO [2025-10-10] Inserted 836 order_items ✅
2025-10-11 00:21:00,623 INFO [2025-10-10] Inserted 750 payments ✅
2025-10-11 00:21:06,737 INFO Generated | users=50 products=5 orders=750 items=836 paid=510 events=5542
Successfully uploaded to s3://avosoft-retail-bronze-jds-42/bronze/users/ingestion_date=2025-10-10/ingestion_time=00:00:02/users.jsonl
2025-10-11 00:21:08,261 INFO ✅ S3 write ok: users/ingestion_date=2025-10-10/ingestion_time=00:00:02/users.jsonl
Successfully uploaded to s3://avosoft-retail-bronze-jds-42/bronze/products/ingestion_date=2025-10-10/ingestion_time=00:00:02/products.jsonl
2025-10-11 00:21:08,565 INFO ✅ S3 write ok: products/ingestion_date=2025-10-10/ingestion_time=00:00:02/products.jsonl
Successfully uploaded to s3://avosoft-retail-bronze-jds-42/bronze/distribution_centers/ingestion_date=2025-10-10/ingestion_time=00:00:02/dcs.jsonl
2025-10-11 00:21:08,867 INFO ✅ S3 write ok: distribution_centers/ingestion_date=2025-10-10/ingestion_time=00:00:02/dcs.jsonl
2025-10-11 00:21:08,868 WARNING Failed to write s3 bronze inventory/ingestion_date=2025-10-10/ingestion_time=00:00:02/inventory.jsonl: Object of type Decimal is not JSON serializable
Successfully uploaded to s3://avosoft-retail-bronze-jds-42/bronze/orders/ingestion_date=2025-10-10/ingestion_time=00:00:02/orders.jsonl
2025-10-11 00:21:09,755 INFO ✅ S3 write ok: orders/ingestion_date=2025-10-10/ingestion_time=00:00:02/orders.jsonl
Successfully uploaded to s3://avosoft-retail-bronze-jds-42/bronze/order_items/ingestion_date=2025-10-10/ingestion_time=00:00:02/order_items.jsonl
2025-10-11 00:21:10,373 INFO ✅ S3 write ok: order_items/ingestion_date=2025-10-10/ingestion_time=00:00:02/order_items.jsonl
Successfully uploaded to s3://avosoft-retail-bronze-jds-42/bronze/payments/ingestion_date=2025-10-10/ingestion_time=00:00:02/payments.jsonl
2025-10-11 00:21:10,702 INFO ✅ S3 write ok: payments/ingestion_date=2025-10-10/ingestion_time=00:00:02/payments.jsonl
Successfully uploaded to s3://avosoft-retail-bronze-jds-42/bronze/events/ingestion_date=2025-10-10/ingestion_time=00:00:02/events.jsonl
2025-10-11 00:21:11,777 INFO ✅ S3 write ok: events/ingestion_date=2025-10-10/ingestion_time=00:00:02/events.jsonl
SUCCESS: Data generation completed
=== [2025-10-11 00:21:11] Completion status: 0 ===

Environment loaded from /home/ubuntu/avosoft_retail/.env
Running data generator for 2025-10-11...
2025-10-11 04:00:11,328 INFO DEBUG SETTINGS -> users=50, orders=750, events=5000
2025-10-11 04:00:12,489 INFO [2025-10-10] Inserted 50 new users ✅
2025-10-11 04:00:25,661 INFO [2025-10-10] Inserted 750 orders ✅
2025-10-11 04:20:59,786 INFO [2025-10-10] Inserted 834 order_items ✅
2025-10-11 04:21:00,826 INFO [2025-10-10] Inserted 750 payments ✅
2025-10-11 04:21:06,912 INFO Generated | users=50 products=5 orders=750 items=834 paid=497 events=5528
Successfully uploaded to s3://avosoft-retail-bronze-jds-42/bronze/users/ingestion_date=2025-10-10/ingestion_time=04:00:01/users.jsonl
2025-10-11 04:21:08,689 INFO ✅ S3 write ok: users/ingestion_date=2025-10-10/ingestion_time=04:00:01/users.jsonl
Successfully uploaded to s3://avosoft-retail-bronze-jds-42/bronze/products/ingestion_date=2025-10-10/ingestion_time=04:00:01/products.jsonl
2025-10-11 04:21:08,994 INFO ✅ S3 write ok: products/ingestion_date=2025-10-10/ingestion_time=04:00:01/products.jsonl
Successfully uploaded to s3://avosoft-retail-bronze-jds-42/bronze/distribution_centers/ingestion_date=2025-10-10/ingestion_time=04:00:01/dcs.jsonl
2025-10-11 04:21:09,296 INFO ✅ S3 write ok: distribution_centers/ingestion_date=2025-10-10/ingestion_time=04:00:01/dcs.jsonl
2025-10-11 04:21:09,297 WARNING Failed to write s3 bronze inventory/ingestion_date=2025-10-10/ingestion_time=04:00:01/inventory.jsonl: Object of type Decimal is not JSON serializable
Successfully uploaded to s3://avosoft-retail-bronze-jds-42/bronze/orders/ingestion_date=2025-10-10/ingestion_time=04:00:01/orders.jsonl
2025-10-11 04:21:10,218 INFO ✅ S3 write ok: orders/ingestion_date=2025-10-10/ingestion_time=04:00:01/orders.jsonl
Successfully uploaded to s3://avosoft-retail-bronze-jds-42/bronze/order_items/ingestion_date=2025-10-10/ingestion_time=04:00:01/order_items.jsonl
2025-10-11 04:21:10,872 INFO ✅ S3 write ok: order_items/ingestion_date=2025-10-10/ingestion_time=04:00:01/order_items.jsonl
Successfully uploaded to s3://avosoft-retail-bronze-jds-42/bronze/payments/ingestion_date=2025-10-10/ingestion_time=04:00:01/payments.jsonl
2025-10-11 04:21:11,225 INFO ✅ S3 write ok: payments/ingestion_date=2025-10-10/ingestion_time=04:00:01/payments.jsonl
Successfully uploaded to s3://avosoft-retail-bronze-jds-42/bronze/events/ingestion_date=2025-10-10/ingestion_time=04:00:01/events.jsonl
2025-10-11 04:21:12,254 INFO ✅ S3 write ok: events/ingestion_date=2025-10-10/ingestion_time=04:00:01/events.jsonl
SUCCESS: Data generation completed
=== [2025-10-11 04:21:12] Completion status: 0 ===

Environment loaded from /home/ubuntu/avosoft_retail/.env
Running data generator for 2025-10-11...
2025-10-11 08:00:11,342 INFO DEBUG SETTINGS -> users=50, orders=750, events=5000
2025-10-11 08:00:12,502 INFO [2025-10-10] Inserted 50 new users ✅
2025-10-11 08:00:23,933 INFO [2025-10-10] Inserted 750 orders ✅
2025-10-11 08:20:49,001 INFO [2025-10-10] Inserted 830 order_items ✅
2025-10-11 08:20:49,966 INFO [2025-10-10] Inserted 750 payments ✅
2025-10-11 08:20:56,106 INFO Generated | users=50 products=5 orders=750 items=830 paid=495 events=5525
Successfully uploaded to s3://avosoft-retail-bronze-jds-42/bronze/users/ingestion_date=2025-10-10/ingestion_time=08:00:02/users.jsonl
2025-10-11 08:20:57,364 INFO ✅ S3 write ok: users/ingestion_date=2025-10-10/ingestion_time=08:00:02/users.jsonl
Successfully uploaded to s3://avosoft-retail-bronze-jds-42/bronze/products/ingestion_date=2025-10-10/ingestion_time=08:00:02/products.jsonl
2025-10-11 08:20:57,667 INFO ✅ S3 write ok: products/ingestion_date=2025-10-10/ingestion_time=08:00:02/products.jsonl
Successfully uploaded to s3://avosoft-retail-bronze-jds-42/bronze/distribution_centers/ingestion_date=2025-10-10/ingestion_time=08:00:02/dcs.jsonl
2025-10-11 08:20:57,970 INFO ✅ S3 write ok: distribution_centers/ingestion_date=2025-10-10/ingestion_time=08:00:02/dcs.jsonl
2025-10-11 08:20:57,970 WARNING Failed to write s3 bronze inventory/ingestion_date=2025-10-10/ingestion_time=08:00:02/inventory.jsonl: Object of type Decimal is not JSON serializable
Successfully uploaded to s3://avosoft-retail-bronze-jds-42/bronze/orders/ingestion_date=2025-10-10/ingestion_time=08:00:02/orders.jsonl
2025-10-11 08:20:58,859 INFO ✅ S3 write ok: orders/ingestion_date=2025-10-10/ingestion_time=08:00:02/orders.jsonl
Successfully uploaded to s3://avosoft-retail-bronze-jds-42/bronze/order_items/ingestion_date=2025-10-10/ingestion_time=08:00:02/order_items.jsonl
2025-10-11 08:20:59,461 INFO ✅ S3 write ok: order_items/ingestion_date=2025-10-10/ingestion_time=08:00:02/order_items.jsonl
Successfully uploaded to s3://avosoft-retail-bronze-jds-42/bronze/payments/ingestion_date=2025-10-10/ingestion_time=08:00:02/payments.jsonl
2025-10-11 08:20:59,829 INFO ✅ S3 write ok: payments/ingestion_date=2025-10-10/ingestion_time=08:00:02/payments.jsonl
Successfully uploaded to s3://avosoft-retail-bronze-jds-42/bronze/events/ingestion_date=2025-10-10/ingestion_time=08:00:02/events.jsonl
2025-10-11 08:21:00,828 INFO ✅ S3 write ok: events/ingestion_date=2025-10-10/ingestion_time=08:00:02/events.jsonl
SUCCESS: Data generation completed
=== [2025-10-11 08:21:01] Completion status: 0 ===

Environment loaded from /home/ubuntu/avosoft_retail/.env
Running data generator for 2025-10-11...
2025-10-11 12:00:10,498 INFO DEBUG SETTINGS -> users=50, orders=750, events=5000
2025-10-11 12:00:11,689 INFO [2025-10-10] Inserted 50 new users ✅
2025-10-11 12:00:28,236 INFO [2025-10-10] Inserted 750 orders ✅
2025-10-11 12:20:56,134 INFO [2025-10-10] Inserted 825 order_items ✅
2025-10-11 12:20:57,090 INFO [2025-10-10] Inserted 750 payments ✅
2025-10-11 12:21:03,218 INFO Generated | users=50 products=5 orders=750 items=825 paid=481 events=5511
Successfully uploaded to s3://avosoft-retail-bronze-jds-42/bronze/users/ingestion_date=2025-10-10/ingestion_time=12:00:01/users.jsonl
2025-10-11 12:21:05,263 INFO ✅ S3 write ok: users/ingestion_date=2025-10-10/ingestion_time=12:00:01/users.jsonl
Successfully uploaded to s3://avosoft-retail-bronze-jds-42/bronze/products/ingestion_date=2025-10-10/ingestion_time=12:00:01/products.jsonl
2025-10-11 12:21:05,566 INFO ✅ S3 write ok: products/ingestion_date=2025-10-10/ingestion_time=12:00:01/products.jsonl
Successfully uploaded to s3://avosoft-retail-bronze-jds-42/bronze/distribution_centers/ingestion_date=2025-10-10/ingestion_time=12:00:01/dcs.jsonl
2025-10-11 12:21:05,873 INFO ✅ S3 write ok: distribution_centers/ingestion_date=2025-10-10/ingestion_time=12:00:01/dcs.jsonl
2025-10-11 12:21:05,873 WARNING Failed to write s3 bronze inventory/ingestion_date=2025-10-10/ingestion_time=12:00:01/inventory.jsonl: Object of type Decimal is not JSON serializable
Successfully uploaded to s3://avosoft-retail-bronze-jds-42/bronze/orders/ingestion_date=2025-10-10/ingestion_time=12:00:01/orders.jsonl
2025-10-11 12:21:06,756 INFO ✅ S3 write ok: orders/ingestion_date=2025-10-10/ingestion_time=12:00:01/orders.jsonl
Successfully uploaded to s3://avosoft-retail-bronze-jds-42/bronze/order_items/ingestion_date=2025-10-10/ingestion_time=12:00:01/order_items.jsonl
2025-10-11 12:21:07,397 INFO ✅ S3 write ok: order_items/ingestion_date=2025-10-10/ingestion_time=12:00:01/order_items.jsonl
Successfully uploaded to s3://avosoft-retail-bronze-jds-42/bronze/payments/ingestion_date=2025-10-10/ingestion_time=12:00:01/payments.jsonl
2025-10-11 12:21:07,755 INFO ✅ S3 write ok: payments/ingestion_date=2025-10-10/ingestion_time=12:00:01/payments.jsonl
Successfully uploaded to s3://avosoft-retail-bronze-jds-42/bronze/events/ingestion_date=2025-10-10/ingestion_time=12:00:01/events.jsonl
2025-10-11 12:21:08,738 INFO ✅ S3 write ok: events/ingestion_date=2025-10-10/ingestion_time=12:00:01/events.jsonl
SUCCESS: Data generation completed
=== [2025-10-11 12:21:08] Completion status: 0 ===

Environment loaded from /home/ubuntu/avosoft_retail/.env
Running data generator for 2025-10-11...
2025-10-11 16:00:12,004 INFO DEBUG SETTINGS -> users=50, orders=750, events=5000
2025-10-11 16:00:13,155 INFO [2025-10-10] Inserted 50 new users ✅
2025-10-11 16:00:23,689 INFO [2025-10-10] Inserted 750 orders ✅
2025-10-11 16:20:38,881 INFO [2025-10-10] Inserted 823 order_items ✅
2025-10-11 16:20:39,827 INFO [2025-10-10] Inserted 750 payments ✅
2025-10-11 16:20:45,916 INFO Generated | users=50 products=5 orders=750 items=823 paid=496 events=5526
Successfully uploaded to s3://avosoft-retail-bronze-jds-42/bronze/users/ingestion_date=2025-10-10/ingestion_time=16:00:02/users.jsonl
2025-10-11 16:20:47,161 INFO ✅ S3 write ok: users/ingestion_date=2025-10-10/ingestion_time=16:00:02/users.jsonl
Successfully uploaded to s3://avosoft-retail-bronze-jds-42/bronze/products/ingestion_date=2025-10-10/ingestion_time=16:00:02/products.jsonl
2025-10-11 16:20:47,464 INFO ✅ S3 write ok: products/ingestion_date=2025-10-10/ingestion_time=16:00:02/products.jsonl
Successfully uploaded to s3://avosoft-retail-bronze-jds-42/bronze/distribution_centers/ingestion_date=2025-10-10/ingestion_time=16:00:02/dcs.jsonl
2025-10-11 16:20:47,783 INFO ✅ S3 write ok: distribution_centers/ingestion_date=2025-10-10/ingestion_time=16:00:02/dcs.jsonl
2025-10-11 16:20:47,783 WARNING Failed to write s3 bronze inventory/ingestion_date=2025-10-10/ingestion_time=16:00:02/inventory.jsonl: Object of type Decimal is not JSON serializable
Successfully uploaded to s3://avosoft-retail-bronze-jds-42/bronze/orders/ingestion_date=2025-10-10/ingestion_time=16:00:02/orders.jsonl
2025-10-11 16:20:48,667 INFO ✅ S3 write ok: orders/ingestion_date=2025-10-10/ingestion_time=16:00:02/orders.jsonl
Successfully uploaded to s3://avosoft-retail-bronze-jds-42/bronze/order_items/ingestion_date=2025-10-10/ingestion_time=16:00:02/order_items.jsonl
2025-10-11 16:20:49,287 INFO ✅ S3 write ok: order_items/ingestion_date=2025-10-10/ingestion_time=16:00:02/order_items.jsonl
Successfully uploaded to s3://avosoft-retail-bronze-jds-42/bronze/payments/ingestion_date=2025-10-10/ingestion_time=16:00:02/payments.jsonl
2025-10-11 16:20:49,618 INFO ✅ S3 write ok: payments/ingestion_date=2025-10-10/ingestion_time=16:00:02/payments.jsonl
Successfully uploaded to s3://avosoft-retail-bronze-jds-42/bronze/events/ingestion_date=2025-10-10/ingestion_time=16:00:02/events.jsonl
2025-10-11 16:20:50,656 INFO ✅ S3 write ok: events/ingestion_date=2025-10-10/ingestion_time=16:00:02/events.jsonl
SUCCESS: Data generation completed
=== [2025-10-11 16:20:50] Completion status: 0 ===

Environment loaded from /home/ubuntu/avosoft_retail/.env
Running data generator for 2025-10-11...
2025-10-11 20:00:11,560 INFO DEBUG SETTINGS -> users=50, orders=750, events=5000
2025-10-11 20:00:12,718 INFO [2025-10-10] Inserted 50 new users ✅
2025-10-11 20:00:24,145 INFO [2025-10-10] Inserted 750 orders ✅
2025-10-11 20:20:42,203 INFO [2025-10-10] Inserted 816 order_items ✅
2025-10-11 20:20:43,159 INFO [2025-10-10] Inserted 750 payments ✅
2025-10-11 20:20:49,240 INFO Generated | users=50 products=5 orders=750 items=816 paid=492 events=5523
Successfully uploaded to s3://avosoft-retail-bronze-jds-42/bronze/users/ingestion_date=2025-10-10/ingestion_time=20:00:02/users.jsonl
2025-10-11 20:20:51,092 INFO ✅ S3 write ok: users/ingestion_date=2025-10-10/ingestion_time=20:00:02/users.jsonl
Successfully uploaded to s3://avosoft-retail-bronze-jds-42/bronze/products/ingestion_date=2025-10-10/ingestion_time=20:00:02/products.jsonl
2025-10-11 20:20:51,397 INFO ✅ S3 write ok: products/ingestion_date=2025-10-10/ingestion_time=20:00:02/products.jsonl
Successfully uploaded to s3://avosoft-retail-bronze-jds-42/bronze/distribution_centers/ingestion_date=2025-10-10/ingestion_time=20:00:02/dcs.jsonl
2025-10-11 20:20:51,703 INFO ✅ S3 write ok: distribution_centers/ingestion_date=2025-10-10/ingestion_time=20:00:02/dcs.jsonl
2025-10-11 20:20:51,704 WARNING Failed to write s3 bronze inventory/ingestion_date=2025-10-10/ingestion_time=20:00:02/inventory.jsonl: Object of type Decimal is not JSON serializable
Successfully uploaded to s3://avosoft-retail-bronze-jds-42/bronze/orders/ingestion_date=2025-10-10/ingestion_time=20:00:02/orders.jsonl
2025-10-11 20:20:52,889 INFO ✅ S3 write ok: orders/ingestion_date=2025-10-10/ingestion_time=20:00:02/orders.jsonl
Successfully uploaded to s3://avosoft-retail-bronze-jds-42/bronze/order_items/ingestion_date=2025-10-10/ingestion_time=20:00:02/order_items.jsonl
2025-10-11 20:20:54,071 INFO ✅ S3 write ok: order_items/ingestion_date=2025-10-10/ingestion_time=20:00:02/order_items.jsonl
Successfully uploaded to s3://avosoft-retail-bronze-jds-42/bronze/payments/ingestion_date=2025-10-10/ingestion_time=20:00:02/payments.jsonl
2025-10-11 20:20:54,451 INFO ✅ S3 write ok: payments/ingestion_date=2025-10-10/ingestion_time=20:00:02/payments.jsonl
Successfully uploaded to s3://avosoft-retail-bronze-jds-42/bronze/events/ingestion_date=2025-10-10/ingestion_time=20:00:02/events.jsonl
2025-10-11 20:20:55,720 INFO ✅ S3 write ok: events/ingestion_date=2025-10-10/ingestion_time=20:00:02/events.jsonl
SUCCESS: Data generation completed
=== [2025-10-11 20:20:55] Completion status: 0 ===

Environment loaded from /home/ubuntu/avosoft_retail/.env
Running data generator for 2025-10-12...
2025-10-12 00:00:12,208 INFO DEBUG SETTINGS -> users=50, orders=750, events=5000
2025-10-12 00:00:13,348 INFO [2025-10-11] Inserted 50 new users ✅
2025-10-12 00:00:29,635 INFO [2025-10-11] Inserted 750 orders ✅
2025-10-12 00:20:19,125 INFO [2025-10-11] Inserted 813 order_items ✅
2025-10-12 00:20:20,067 INFO [2025-10-11] Inserted 750 payments ✅
2025-10-12 00:20:26,305 INFO Generated | users=50 products=5 orders=750 items=813 paid=492 events=5522
Successfully uploaded to s3://avosoft-retail-bronze-jds-42/bronze/users/ingestion_date=2025-10-11/ingestion_time=00:00:03/users.jsonl
2025-10-12 00:20:27,551 INFO ✅ S3 write ok: users/ingestion_date=2025-10-11/ingestion_time=00:00:03/users.jsonl
Successfully uploaded to s3://avosoft-retail-bronze-jds-42/bronze/products/ingestion_date=2025-10-11/ingestion_time=00:00:03/products.jsonl
2025-10-12 00:20:27,846 INFO ✅ S3 write ok: products/ingestion_date=2025-10-11/ingestion_time=00:00:03/products.jsonl
Successfully uploaded to s3://avosoft-retail-bronze-jds-42/bronze/distribution_centers/ingestion_date=2025-10-11/ingestion_time=00:00:03/dcs.jsonl
2025-10-12 00:20:28,142 INFO ✅ S3 write ok: distribution_centers/ingestion_date=2025-10-11/ingestion_time=00:00:03/dcs.jsonl
2025-10-12 00:20:28,142 WARNING Failed to write s3 bronze inventory/ingestion_date=2025-10-11/ingestion_time=00:00:03/inventory.jsonl: Object of type Decimal is not JSON serializable
Successfully uploaded to s3://avosoft-retail-bronze-jds-42/bronze/orders/ingestion_date=2025-10-11/ingestion_time=00:00:03/orders.jsonl
2025-10-12 00:20:29,303 INFO ✅ S3 write ok: orders/ingestion_date=2025-10-11/ingestion_time=00:00:03/orders.jsonl
Successfully uploaded to s3://avosoft-retail-bronze-jds-42/bronze/order_items/ingestion_date=2025-10-11/ingestion_time=00:00:03/order_items.jsonl
2025-10-12 00:20:30,506 INFO ✅ S3 write ok: order_items/ingestion_date=2025-10-11/ingestion_time=00:00:03/order_items.jsonl
Successfully uploaded to s3://avosoft-retail-bronze-jds-42/bronze/payments/ingestion_date=2025-10-11/ingestion_time=00:00:03/payments.jsonl
2025-10-12 00:20:30,867 INFO ✅ S3 write ok: payments/ingestion_date=2025-10-11/ingestion_time=00:00:03/payments.jsonl
Successfully uploaded to s3://avosoft-retail-bronze-jds-42/bronze/events/ingestion_date=2025-10-11/ingestion_time=00:00:03/events.jsonl
2025-10-12 00:20:32,154 INFO ✅ S3 write ok: events/ingestion_date=2025-10-11/ingestion_time=00:00:03/events.jsonl
SUCCESS: Data generation completed
=== [2025-10-12 00:20:32] Completion status: 0 ===

Environment loaded from /home/ubuntu/avosoft_retail/.env
Running data generator for 2025-10-12...
2025-10-12 04:00:11,003 INFO DEBUG SETTINGS -> users=50, orders=750, events=5000
2025-10-12 04:00:12,140 INFO [2025-10-11] Inserted 50 new users ✅
2025-10-12 04:00:26,695 INFO [2025-10-11] Inserted 750 orders ✅
2025-10-12 04:20:12,487 INFO [2025-10-11] Inserted 812 order_items ✅
2025-10-12 04:20:13,439 INFO [2025-10-11] Inserted 750 payments ✅
2025-10-12 04:20:19,515 INFO Generated | users=50 products=5 orders=750 items=812 paid=478 events=5508
Successfully uploaded to s3://avosoft-retail-bronze-jds-42/bronze/users/ingestion_date=2025-10-11/ingestion_time=04:00:02/users.jsonl
2025-10-12 04:20:21,251 INFO ✅ S3 write ok: users/ingestion_date=2025-10-11/ingestion_time=04:00:02/users.jsonl
Successfully uploaded to s3://avosoft-retail-bronze-jds-42/bronze/products/ingestion_date=2025-10-11/ingestion_time=04:00:02/products.jsonl
2025-10-12 04:20:21,549 INFO ✅ S3 write ok: products/ingestion_date=2025-10-11/ingestion_time=04:00:02/products.jsonl
Successfully uploaded to s3://avosoft-retail-bronze-jds-42/bronze/distribution_centers/ingestion_date=2025-10-11/ingestion_time=04:00:02/dcs.jsonl
2025-10-12 04:20:21,844 INFO ✅ S3 write ok: distribution_centers/ingestion_date=2025-10-11/ingestion_time=04:00:02/dcs.jsonl
2025-10-12 04:20:21,844 WARNING Failed to write s3 bronze inventory/ingestion_date=2025-10-11/ingestion_time=04:00:02/inventory.jsonl: Object of type Decimal is not JSON serializable
Successfully uploaded to s3://avosoft-retail-bronze-jds-42/bronze/orders/ingestion_date=2025-10-11/ingestion_time=04:00:02/orders.jsonl
2025-10-12 04:20:22,711 INFO ✅ S3 write ok: orders/ingestion_date=2025-10-11/ingestion_time=04:00:02/orders.jsonl
Successfully uploaded to s3://avosoft-retail-bronze-jds-42/bronze/order_items/ingestion_date=2025-10-11/ingestion_time=04:00:02/order_items.jsonl
2025-10-12 04:20:23,306 INFO ✅ S3 write ok: order_items/ingestion_date=2025-10-11/ingestion_time=04:00:02/order_items.jsonl
Successfully uploaded to s3://avosoft-retail-bronze-jds-42/bronze/payments/ingestion_date=2025-10-11/ingestion_time=04:00:02/payments.jsonl
2025-10-12 04:20:23,658 INFO ✅ S3 write ok: payments/ingestion_date=2025-10-11/ingestion_time=04:00:02/payments.jsonl
Successfully uploaded to s3://avosoft-retail-bronze-jds-42/bronze/events/ingestion_date=2025-10-11/ingestion_time=04:00:02/events.jsonl
2025-10-12 04:20:24,675 INFO ✅ S3 write ok: events/ingestion_date=2025-10-11/ingestion_time=04:00:02/events.jsonl
SUCCESS: Data generation completed
=== [2025-10-12 04:20:24] Completion status: 0 ===

Environment loaded from /home/ubuntu/avosoft_retail/.env
Running data generator for 2025-10-12...
2025-10-12 08:00:11,211 INFO DEBUG SETTINGS -> users=50, orders=750, events=5000
2025-10-12 08:00:12,360 INFO [2025-10-11] Inserted 50 new users ✅
2025-10-12 08:00:22,897 INFO [2025-10-11] Inserted 750 orders ✅
2025-10-12 08:20:28,907 INFO [2025-10-11] Inserted 814 order_items ✅
2025-10-12 08:20:29,853 INFO [2025-10-11] Inserted 750 payments ✅
2025-10-12 08:20:35,932 INFO Generated | users=50 products=5 orders=750 items=814 paid=474 events=5504
Successfully uploaded to s3://avosoft-retail-bronze-jds-42/bronze/users/ingestion_date=2025-10-11/ingestion_time=08:00:02/users.jsonl
2025-10-12 08:20:37,451 INFO ✅ S3 write ok: users/ingestion_date=2025-10-11/ingestion_time=08:00:02/users.jsonl
Successfully uploaded to s3://avosoft-retail-bronze-jds-42/bronze/products/ingestion_date=2025-10-11/ingestion_time=08:00:02/products.jsonl
2025-10-12 08:20:37,746 INFO ✅ S3 write ok: products/ingestion_date=2025-10-11/ingestion_time=08:00:02/products.jsonl
Successfully uploaded to s3://avosoft-retail-bronze-jds-42/bronze/distribution_centers/ingestion_date=2025-10-11/ingestion_time=08:00:02/dcs.jsonl
2025-10-12 08:20:38,044 INFO ✅ S3 write ok: distribution_centers/ingestion_date=2025-10-11/ingestion_time=08:00:02/dcs.jsonl
2025-10-12 08:20:38,044 WARNING Failed to write s3 bronze inventory/ingestion_date=2025-10-11/ingestion_time=08:00:02/inventory.jsonl: Object of type Decimal is not JSON serializable
Successfully uploaded to s3://avosoft-retail-bronze-jds-42/bronze/orders/ingestion_date=2025-10-11/ingestion_time=08:00:02/orders.jsonl
2025-10-12 08:20:38,943 INFO ✅ S3 write ok: orders/ingestion_date=2025-10-11/ingestion_time=08:00:02/orders.jsonl
Successfully uploaded to s3://avosoft-retail-bronze-jds-42/bronze/order_items/ingestion_date=2025-10-11/ingestion_time=08:00:02/order_items.jsonl
2025-10-12 08:20:39,548 INFO ✅ S3 write ok: order_items/ingestion_date=2025-10-11/ingestion_time=08:00:02/order_items.jsonl
Successfully uploaded to s3://avosoft-retail-bronze-jds-42/bronze/payments/ingestion_date=2025-10-11/ingestion_time=08:00:02/payments.jsonl
2025-10-12 08:20:39,887 INFO ✅ S3 write ok: payments/ingestion_date=2025-10-11/ingestion_time=08:00:02/payments.jsonl
Successfully uploaded to s3://avosoft-retail-bronze-jds-42/bronze/events/ingestion_date=2025-10-11/ingestion_time=08:00:02/events.jsonl
2025-10-12 08:20:40,900 INFO ✅ S3 write ok: events/ingestion_date=2025-10-11/ingestion_time=08:00:02/events.jsonl
SUCCESS: Data generation completed
=== [2025-10-12 08:20:41] Completion status: 0 ===

Environment loaded from /home/ubuntu/avosoft_retail/.env
Running data generator for 2025-10-12...
2025-10-12 12:00:11,714 INFO DEBUG SETTINGS -> users=50, orders=750, events=5000
2025-10-12 12:00:12,860 INFO [2025-10-11] Inserted 50 new users ✅
2025-10-12 12:00:22,460 INFO [2025-10-11] Inserted 750 orders ✅
2025-10-12 12:20:07,058 INFO [2025-10-11] Inserted 807 order_items ✅
2025-10-12 12:20:08,006 INFO [2025-10-11] Inserted 750 payments ✅
2025-10-12 12:20:14,137 INFO Generated | users=50 products=5 orders=750 items=807 paid=493 events=5522
Successfully uploaded to s3://avosoft-retail-bronze-jds-42/bronze/users/ingestion_date=2025-10-11/ingestion_time=12:00:02/users.jsonl
2025-10-12 12:20:15,388 INFO ✅ S3 write ok: users/ingestion_date=2025-10-11/ingestion_time=12:00:02/users.jsonl
Successfully uploaded to s3://avosoft-retail-bronze-jds-42/bronze/products/ingestion_date=2025-10-11/ingestion_time=12:00:02/products.jsonl
2025-10-12 12:20:15,689 INFO ✅ S3 write ok: products/ingestion_date=2025-10-11/ingestion_time=12:00:02/products.jsonl
Successfully uploaded to s3://avosoft-retail-bronze-jds-42/bronze/distribution_centers/ingestion_date=2025-10-11/ingestion_time=12:00:02/dcs.jsonl
2025-10-12 12:20:15,990 INFO ✅ S3 write ok: distribution_centers/ingestion_date=2025-10-11/ingestion_time=12:00:02/dcs.jsonl
2025-10-12 12:20:15,990 WARNING Failed to write s3 bronze inventory/ingestion_date=2025-10-11/ingestion_time=12:00:02/inventory.jsonl: Object of type Decimal is not JSON serializable
Successfully uploaded to s3://avosoft-retail-bronze-jds-42/bronze/orders/ingestion_date=2025-10-11/ingestion_time=12:00:02/orders.jsonl
2025-10-12 12:20:16,867 INFO ✅ S3 write ok: orders/ingestion_date=2025-10-11/ingestion_time=12:00:02/orders.jsonl
Successfully uploaded to s3://avosoft-retail-bronze-jds-42/bronze/order_items/ingestion_date=2025-10-11/ingestion_time=12:00:02/order_items.jsonl
2025-10-12 12:20:17,459 INFO ✅ S3 write ok: order_items/ingestion_date=2025-10-11/ingestion_time=12:00:02/order_items.jsonl
Successfully uploaded to s3://avosoft-retail-bronze-jds-42/bronze/payments/ingestion_date=2025-10-11/ingestion_time=12:00:02/payments.jsonl
2025-10-12 12:20:17,791 INFO ✅ S3 write ok: payments/ingestion_date=2025-10-11/ingestion_time=12:00:02/payments.jsonl
Successfully uploaded to s3://avosoft-retail-bronze-jds-42/bronze/events/ingestion_date=2025-10-11/ingestion_time=12:00:02/events.jsonl
2025-10-12 12:20:18,803 INFO ✅ S3 write ok: events/ingestion_date=2025-10-11/ingestion_time=12:00:02/events.jsonl
SUCCESS: Data generation completed
=== [2025-10-12 12:20:19] Completion status: 0 ===

Environment loaded from /home/ubuntu/avosoft_retail/.env
Running data generator for 2025-10-12...
2025-10-12 16:00:10,513 INFO DEBUG SETTINGS -> users=50, orders=750, events=5000
2025-10-12 16:00:11,682 INFO [2025-10-11] Inserted 50 new users ✅
2025-10-12 16:00:24,832 INFO [2025-10-11] Inserted 750 orders ✅
2025-10-12 16:20:17,099 INFO [2025-10-11] Inserted 796 order_items ✅
2025-10-12 16:20:18,055 INFO [2025-10-11] Inserted 750 payments ✅
2025-10-12 16:20:24,340 INFO Generated | users=50 products=5 orders=750 items=796 paid=479 events=5508
Successfully uploaded to s3://avosoft-retail-bronze-jds-42/bronze/users/ingestion_date=2025-10-11/ingestion_time=16:00:01/users.jsonl
2025-10-12 16:20:25,876 INFO ✅ S3 write ok: users/ingestion_date=2025-10-11/ingestion_time=16:00:01/users.jsonl
Successfully uploaded to s3://avosoft-retail-bronze-jds-42/bronze/products/ingestion_date=2025-10-11/ingestion_time=16:00:01/products.jsonl
2025-10-12 16:20:26,175 INFO ✅ S3 write ok: products/ingestion_date=2025-10-11/ingestion_time=16:00:01/products.jsonl
Successfully uploaded to s3://avosoft-retail-bronze-jds-42/bronze/distribution_centers/ingestion_date=2025-10-11/ingestion_time=16:00:01/dcs.jsonl
2025-10-12 16:20:26,476 INFO ✅ S3 write ok: distribution_centers/ingestion_date=2025-10-11/ingestion_time=16:00:01/dcs.jsonl
2025-10-12 16:20:26,476 WARNING Failed to write s3 bronze inventory/ingestion_date=2025-10-11/ingestion_time=16:00:01/inventory.jsonl: Object of type Decimal is not JSON serializable
Successfully uploaded to s3://avosoft-retail-bronze-jds-42/bronze/orders/ingestion_date=2025-10-11/ingestion_time=16:00:01/orders.jsonl
2025-10-12 16:20:27,359 INFO ✅ S3 write ok: orders/ingestion_date=2025-10-11/ingestion_time=16:00:01/orders.jsonl
Successfully uploaded to s3://avosoft-retail-bronze-jds-42/bronze/order_items/ingestion_date=2025-10-11/ingestion_time=16:00:01/order_items.jsonl
2025-10-12 16:20:27,970 INFO ✅ S3 write ok: order_items/ingestion_date=2025-10-11/ingestion_time=16:00:01/order_items.jsonl
Successfully uploaded to s3://avosoft-retail-bronze-jds-42/bronze/payments/ingestion_date=2025-10-11/ingestion_time=16:00:01/payments.jsonl
2025-10-12 16:20:28,325 INFO ✅ S3 write ok: payments/ingestion_date=2025-10-11/ingestion_time=16:00:01/payments.jsonl
Successfully uploaded to s3://avosoft-retail-bronze-jds-42/bronze/events/ingestion_date=2025-10-11/ingestion_time=16:00:01/events.jsonl
2025-10-12 16:20:29,320 INFO ✅ S3 write ok: events/ingestion_date=2025-10-11/ingestion_time=16:00:01/events.jsonl
SUCCESS: Data generation completed
=== [2025-10-12 16:20:29] Completion status: 0 ===

Environment loaded from /home/ubuntu/avosoft_retail/.env
Running data generator for 2025-10-12...
2025-10-12 20:00:11,103 INFO DEBUG SETTINGS -> users=50, orders=750, events=5000
2025-10-12 20:00:12,262 INFO [2025-10-11] Inserted 50 new users ✅
2025-10-12 20:00:27,026 INFO [2025-10-11] Inserted 750 orders ✅
2025-10-12 20:20:12,806 INFO [2025-10-11] Inserted 792 order_items ✅
2025-10-12 20:20:13,767 INFO [2025-10-11] Inserted 750 payments ✅
2025-10-12 20:20:20,003 INFO Generated | users=50 products=5 orders=750 items=792 paid=475 events=5504
Successfully uploaded to s3://avosoft-retail-bronze-jds-42/bronze/users/ingestion_date=2025-10-11/ingestion_time=20:00:02/users.jsonl
2025-10-12 20:20:21,305 INFO ✅ S3 write ok: users/ingestion_date=2025-10-11/ingestion_time=20:00:02/users.jsonl
Successfully uploaded to s3://avosoft-retail-bronze-jds-42/bronze/products/ingestion_date=2025-10-11/ingestion_time=20:00:02/products.jsonl
2025-10-12 20:20:21,607 INFO ✅ S3 write ok: products/ingestion_date=2025-10-11/ingestion_time=20:00:02/products.jsonl
Successfully uploaded to s3://avosoft-retail-bronze-jds-42/bronze/distribution_centers/ingestion_date=2025-10-11/ingestion_time=20:00:02/dcs.jsonl
2025-10-12 20:20:21,912 INFO ✅ S3 write ok: distribution_centers/ingestion_date=2025-10-11/ingestion_time=20:00:02/dcs.jsonl
2025-10-12 20:20:21,912 WARNING Failed to write s3 bronze inventory/ingestion_date=2025-10-11/ingestion_time=20:00:02/inventory.jsonl: Object of type Decimal is not JSON serializable
Successfully uploaded to s3://avosoft-retail-bronze-jds-42/bronze/orders/ingestion_date=2025-10-11/ingestion_time=20:00:02/orders.jsonl
2025-10-12 20:20:22,823 INFO ✅ S3 write ok: orders/ingestion_date=2025-10-11/ingestion_time=20:00:02/orders.jsonl
Successfully uploaded to s3://avosoft-retail-bronze-jds-42/bronze/order_items/ingestion_date=2025-10-11/ingestion_time=20:00:02/order_items.jsonl
2025-10-12 20:20:23,469 INFO ✅ S3 write ok: order_items/ingestion_date=2025-10-11/ingestion_time=20:00:02/order_items.jsonl
Successfully uploaded to s3://avosoft-retail-bronze-jds-42/bronze/payments/ingestion_date=2025-10-11/ingestion_time=20:00:02/payments.jsonl
2025-10-12 20:20:23,790 INFO ✅ S3 write ok: payments/ingestion_date=2025-10-11/ingestion_time=20:00:02/payments.jsonl
Successfully uploaded to s3://avosoft-retail-bronze-jds-42/bronze/events/ingestion_date=2025-10-11/ingestion_time=20:00:02/events.jsonl
2025-10-12 20:20:24,857 INFO ✅ S3 write ok: events/ingestion_date=2025-10-11/ingestion_time=20:00:02/events.jsonl
SUCCESS: Data generation completed
=== [2025-10-12 20:20:25] Completion status: 0 ===

Environment loaded from /home/ubuntu/avosoft_retail/.env
Running data generator for 2025-10-13...
2025-10-13 00:00:11,608 INFO DEBUG SETTINGS -> users=50, orders=750, events=5000
2025-10-13 00:00:12,765 INFO [2025-10-12] Inserted 50 new users ✅
2025-10-13 00:00:30,081 INFO [2025-10-12] Inserted 750 orders ✅
2025-10-13 00:20:09,788 INFO [2025-10-12] Inserted 784 order_items ✅
2025-10-13 00:20:10,749 INFO [2025-10-12] Inserted 750 payments ✅
2025-10-13 00:20:16,934 INFO Generated | users=50 products=5 orders=750 items=784 paid=479 events=5509
Successfully uploaded to s3://avosoft-retail-bronze-jds-42/bronze/users/ingestion_date=2025-10-12/ingestion_time=00:00:02/users.jsonl
2025-10-13 00:20:18,464 INFO ✅ S3 write ok: users/ingestion_date=2025-10-12/ingestion_time=00:00:02/users.jsonl
Successfully uploaded to s3://avosoft-retail-bronze-jds-42/bronze/products/ingestion_date=2025-10-12/ingestion_time=00:00:02/products.jsonl
2025-10-13 00:20:18,769 INFO ✅ S3 write ok: products/ingestion_date=2025-10-12/ingestion_time=00:00:02/products.jsonl
Successfully uploaded to s3://avosoft-retail-bronze-jds-42/bronze/distribution_centers/ingestion_date=2025-10-12/ingestion_time=00:00:02/dcs.jsonl
2025-10-13 00:20:19,075 INFO ✅ S3 write ok: distribution_centers/ingestion_date=2025-10-12/ingestion_time=00:00:02/dcs.jsonl
2025-10-13 00:20:19,075 WARNING Failed to write s3 bronze inventory/ingestion_date=2025-10-12/ingestion_time=00:00:02/inventory.jsonl: Object of type Decimal is not JSON serializable
Successfully uploaded to s3://avosoft-retail-bronze-jds-42/bronze/orders/ingestion_date=2025-10-12/ingestion_time=00:00:02/orders.jsonl
2025-10-13 00:20:19,972 INFO ✅ S3 write ok: orders/ingestion_date=2025-10-12/ingestion_time=00:00:02/orders.jsonl
Successfully uploaded to s3://avosoft-retail-bronze-jds-42/bronze/order_items/ingestion_date=2025-10-12/ingestion_time=00:00:02/order_items.jsonl
2025-10-13 00:20:20,615 INFO ✅ S3 write ok: order_items/ingestion_date=2025-10-12/ingestion_time=00:00:02/order_items.jsonl
Successfully uploaded to s3://avosoft-retail-bronze-jds-42/bronze/payments/ingestion_date=2025-10-12/ingestion_time=00:00:02/payments.jsonl
2025-10-13 00:20:20,971 INFO ✅ S3 write ok: payments/ingestion_date=2025-10-12/ingestion_time=00:00:02/payments.jsonl
Successfully uploaded to s3://avosoft-retail-bronze-jds-42/bronze/events/ingestion_date=2025-10-12/ingestion_time=00:00:02/events.jsonl
2025-10-13 00:20:22,008 INFO ✅ S3 write ok: events/ingestion_date=2025-10-12/ingestion_time=00:00:02/events.jsonl
SUCCESS: Data generation completed
=== [2025-10-13 00:20:22] Completion status: 0 ===

Environment loaded from /home/ubuntu/avosoft_retail/.env
Running data generator for 2025-10-13...
2025-10-13 04:00:11,045 INFO DEBUG SETTINGS -> users=50, orders=750, events=5000
2025-10-13 04:00:12,184 INFO [2025-10-12] Inserted 50 new users ✅
2025-10-13 04:00:25,132 INFO [2025-10-12] Inserted 750 orders ✅
2025-10-13 04:19:44,613 INFO [2025-10-12] Inserted 781 order_items ✅
2025-10-13 04:19:45,741 INFO [2025-10-12] Inserted 750 payments ✅
2025-10-13 04:19:51,925 INFO Generated | users=50 products=5 orders=750 items=781 paid=466 events=5496
Successfully uploaded to s3://avosoft-retail-bronze-jds-42/bronze/users/ingestion_date=2025-10-12/ingestion_time=04:00:02/users.jsonl
2025-10-13 04:19:53,467 INFO ✅ S3 write ok: users/ingestion_date=2025-10-12/ingestion_time=04:00:02/users.jsonl
Successfully uploaded to s3://avosoft-retail-bronze-jds-42/bronze/products/ingestion_date=2025-10-12/ingestion_time=04:00:02/products.jsonl
2025-10-13 04:19:53,769 INFO ✅ S3 write ok: products/ingestion_date=2025-10-12/ingestion_time=04:00:02/products.jsonl
Successfully uploaded to s3://avosoft-retail-bronze-jds-42/bronze/distribution_centers/ingestion_date=2025-10-12/ingestion_time=04:00:02/dcs.jsonl
2025-10-13 04:19:54,072 INFO ✅ S3 write ok: distribution_centers/ingestion_date=2025-10-12/ingestion_time=04:00:02/dcs.jsonl
2025-10-13 04:19:54,072 WARNING Failed to write s3 bronze inventory/ingestion_date=2025-10-12/ingestion_time=04:00:02/inventory.jsonl: Object of type Decimal is not JSON serializable
Successfully uploaded to s3://avosoft-retail-bronze-jds-42/bronze/orders/ingestion_date=2025-10-12/ingestion_time=04:00:02/orders.jsonl
2025-10-13 04:19:54,989 INFO ✅ S3 write ok: orders/ingestion_date=2025-10-12/ingestion_time=04:00:02/orders.jsonl
Successfully uploaded to s3://avosoft-retail-bronze-jds-42/bronze/order_items/ingestion_date=2025-10-12/ingestion_time=04:00:02/order_items.jsonl
2025-10-13 04:19:55,630 INFO ✅ S3 write ok: order_items/ingestion_date=2025-10-12/ingestion_time=04:00:02/order_items.jsonl
Successfully uploaded to s3://avosoft-retail-bronze-jds-42/bronze/payments/ingestion_date=2025-10-12/ingestion_time=04:00:02/payments.jsonl
2025-10-13 04:19:55,984 INFO ✅ S3 write ok: payments/ingestion_date=2025-10-12/ingestion_time=04:00:02/payments.jsonl
Successfully uploaded to s3://avosoft-retail-bronze-jds-42/bronze/events/ingestion_date=2025-10-12/ingestion_time=04:00:02/events.jsonl
2025-10-13 04:19:57,020 INFO ✅ S3 write ok: events/ingestion_date=2025-10-12/ingestion_time=04:00:02/events.jsonl
SUCCESS: Data generation completed
=== [2025-10-13 04:19:57] Completion status: 0 ===

Environment loaded from /home/ubuntu/avosoft_retail/.env
Running data generator for 2025-10-13...
2025-10-13 08:00:11,208 INFO DEBUG SETTINGS -> users=50, orders=750, events=5000
2025-10-13 08:00:12,356 INFO [2025-10-12] Inserted 50 new users ✅
2025-10-13 08:00:28,622 INFO [2025-10-12] Inserted 750 orders ✅
2025-10-13 08:19:43,994 INFO [2025-10-12] Inserted 778 order_items ✅
2025-10-13 08:19:44,954 INFO [2025-10-12] Inserted 750 payments ✅
2025-10-13 08:19:50,946 INFO Generated | users=50 products=5 orders=750 items=778 paid=476 events=5506
Successfully uploaded to s3://avosoft-retail-bronze-jds-42/bronze/users/ingestion_date=2025-10-12/ingestion_time=08:00:02/users.jsonl
2025-10-13 08:19:52,493 INFO ✅ S3 write ok: users/ingestion_date=2025-10-12/ingestion_time=08:00:02/users.jsonl
Successfully uploaded to s3://avosoft-retail-bronze-jds-42/bronze/products/ingestion_date=2025-10-12/ingestion_time=08:00:02/products.jsonl
2025-10-13 08:19:52,795 INFO ✅ S3 write ok: products/ingestion_date=2025-10-12/ingestion_time=08:00:02/products.jsonl
Successfully uploaded to s3://avosoft-retail-bronze-jds-42/bronze/distribution_centers/ingestion_date=2025-10-12/ingestion_time=08:00:02/dcs.jsonl
2025-10-13 08:19:53,094 INFO ✅ S3 write ok: distribution_centers/ingestion_date=2025-10-12/ingestion_time=08:00:02/dcs.jsonl
2025-10-13 08:19:53,094 WARNING Failed to write s3 bronze inventory/ingestion_date=2025-10-12/ingestion_time=08:00:02/inventory.jsonl: Object of type Decimal is not JSON serializable
Successfully uploaded to s3://avosoft-retail-bronze-jds-42/bronze/orders/ingestion_date=2025-10-12/ingestion_time=08:00:02/orders.jsonl
2025-10-13 08:19:54,251 INFO ✅ S3 write ok: orders/ingestion_date=2025-10-12/ingestion_time=08:00:02/orders.jsonl
Successfully uploaded to s3://avosoft-retail-bronze-jds-42/bronze/order_items/ingestion_date=2025-10-12/ingestion_time=08:00:02/order_items.jsonl
2025-10-13 08:19:55,412 INFO ✅ S3 write ok: order_items/ingestion_date=2025-10-12/ingestion_time=08:00:02/order_items.jsonl
Successfully uploaded to s3://avosoft-retail-bronze-jds-42/bronze/payments/ingestion_date=2025-10-12/ingestion_time=08:00:02/payments.jsonl
2025-10-13 08:19:55,746 INFO ✅ S3 write ok: payments/ingestion_date=2025-10-12/ingestion_time=08:00:02/payments.jsonl
Successfully uploaded to s3://avosoft-retail-bronze-jds-42/bronze/events/ingestion_date=2025-10-12/ingestion_time=08:00:02/events.jsonl
2025-10-13 08:19:56,977 INFO ✅ S3 write ok: events/ingestion_date=2025-10-12/ingestion_time=08:00:02/events.jsonl
SUCCESS: Data generation completed
=== [2025-10-13 08:19:57] Completion status: 0 ===

Environment loaded from /home/ubuntu/avosoft_retail/.env
Running data generator for 2025-10-13...
2025-10-13 12:00:10,605 INFO DEBUG SETTINGS -> users=50, orders=750, events=5000
2025-10-13 12:00:11,752 INFO [2025-10-12] Inserted 50 new users ✅
2025-10-13 12:00:24,660 INFO [2025-10-12] Inserted 750 orders ✅
2025-10-13 12:19:41,192 INFO [2025-10-12] Inserted 781 order_items ✅
2025-10-13 12:19:42,144 INFO [2025-10-12] Inserted 750 payments ✅
2025-10-13 12:19:48,239 INFO Generated | users=50 products=5 orders=750 items=781 paid=475 events=5505
Successfully uploaded to s3://avosoft-retail-bronze-jds-42/bronze/users/ingestion_date=2025-10-12/ingestion_time=12:00:01/users.jsonl
2025-10-13 12:19:49,782 INFO ✅ S3 write ok: users/ingestion_date=2025-10-12/ingestion_time=12:00:01/users.jsonl
Successfully uploaded to s3://avosoft-retail-bronze-jds-42/bronze/products/ingestion_date=2025-10-12/ingestion_time=12:00:01/products.jsonl
2025-10-13 12:19:50,088 INFO ✅ S3 write ok: products/ingestion_date=2025-10-12/ingestion_time=12:00:01/products.jsonl
Successfully uploaded to s3://avosoft-retail-bronze-jds-42/bronze/distribution_centers/ingestion_date=2025-10-12/ingestion_time=12:00:01/dcs.jsonl
2025-10-13 12:19:50,388 INFO ✅ S3 write ok: distribution_centers/ingestion_date=2025-10-12/ingestion_time=12:00:01/dcs.jsonl
2025-10-13 12:19:50,388 WARNING Failed to write s3 bronze inventory/ingestion_date=2025-10-12/ingestion_time=12:00:01/inventory.jsonl: Object of type Decimal is not JSON serializable
Successfully uploaded to s3://avosoft-retail-bronze-jds-42/bronze/orders/ingestion_date=2025-10-12/ingestion_time=12:00:01/orders.jsonl
2025-10-13 12:19:51,567 INFO ✅ S3 write ok: orders/ingestion_date=2025-10-12/ingestion_time=12:00:01/orders.jsonl
Successfully uploaded to s3://avosoft-retail-bronze-jds-42/bronze/order_items/ingestion_date=2025-10-12/ingestion_time=12:00:01/order_items.jsonl
2025-10-13 12:19:52,448 INFO ✅ S3 write ok: order_items/ingestion_date=2025-10-12/ingestion_time=12:00:01/order_items.jsonl
Successfully uploaded to s3://avosoft-retail-bronze-jds-42/bronze/payments/ingestion_date=2025-10-12/ingestion_time=12:00:01/payments.jsonl
2025-10-13 12:19:52,784 INFO ✅ S3 write ok: payments/ingestion_date=2025-10-12/ingestion_time=12:00:01/payments.jsonl
Successfully uploaded to s3://avosoft-retail-bronze-jds-42/bronze/events/ingestion_date=2025-10-12/ingestion_time=12:00:01/events.jsonl
2025-10-13 12:19:54,082 INFO ✅ S3 write ok: events/ingestion_date=2025-10-12/ingestion_time=12:00:01/events.jsonl
SUCCESS: Data generation completed
=== [2025-10-13 12:19:54] Completion status: 0 ===

Environment loaded from /home/ubuntu/avosoft_retail/.env
Running data generator for 2025-10-13...
2025-10-13 16:00:11,108 INFO DEBUG SETTINGS -> users=50, orders=750, events=5000
2025-10-13 16:00:12,272 INFO [2025-10-12] Inserted 50 new users ✅
2025-10-13 16:00:23,844 INFO [2025-10-12] Inserted 750 orders ✅
2025-10-13 16:20:01,086 INFO [2025-10-12] Inserted 772 order_items ✅
2025-10-13 16:20:03,269 INFO [2025-10-12] Inserted 750 payments ✅
2025-10-13 16:20:09,509 INFO Generated | users=50 products=5 orders=750 items=772 paid=479 events=5509
Successfully uploaded to s3://avosoft-retail-bronze-jds-42/bronze/users/ingestion_date=2025-10-12/ingestion_time=16:00:02/users.jsonl
2025-10-13 16:20:11,281 INFO ✅ S3 write ok: users/ingestion_date=2025-10-12/ingestion_time=16:00:02/users.jsonl
Successfully uploaded to s3://avosoft-retail-bronze-jds-42/bronze/products/ingestion_date=2025-10-12/ingestion_time=16:00:02/products.jsonl
2025-10-13 16:20:11,583 INFO ✅ S3 write ok: products/ingestion_date=2025-10-12/ingestion_time=16:00:02/products.jsonl
Successfully uploaded to s3://avosoft-retail-bronze-jds-42/bronze/distribution_centers/ingestion_date=2025-10-12/ingestion_time=16:00:02/dcs.jsonl
2025-10-13 16:20:11,887 INFO ✅ S3 write ok: distribution_centers/ingestion_date=2025-10-12/ingestion_time=16:00:02/dcs.jsonl
2025-10-13 16:20:11,887 WARNING Failed to write s3 bronze inventory/ingestion_date=2025-10-12/ingestion_time=16:00:02/inventory.jsonl: Object of type Decimal is not JSON serializable
Successfully uploaded to s3://avosoft-retail-bronze-jds-42/bronze/orders/ingestion_date=2025-10-12/ingestion_time=16:00:02/orders.jsonl
2025-10-13 16:20:12,779 INFO ✅ S3 write ok: orders/ingestion_date=2025-10-12/ingestion_time=16:00:02/orders.jsonl
Successfully uploaded to s3://avosoft-retail-bronze-jds-42/bronze/order_items/ingestion_date=2025-10-12/ingestion_time=16:00:02/order_items.jsonl
2025-10-13 16:20:13,391 INFO ✅ S3 write ok: order_items/ingestion_date=2025-10-12/ingestion_time=16:00:02/order_items.jsonl
Successfully uploaded to s3://avosoft-retail-bronze-jds-42/bronze/payments/ingestion_date=2025-10-12/ingestion_time=16:00:02/payments.jsonl
2025-10-13 16:20:13,762 INFO ✅ S3 write ok: payments/ingestion_date=2025-10-12/ingestion_time=16:00:02/payments.jsonl
Successfully uploaded to s3://avosoft-retail-bronze-jds-42/bronze/events/ingestion_date=2025-10-12/ingestion_time=16:00:02/events.jsonl
2025-10-13 16:20:14,827 INFO ✅ S3 write ok: events/ingestion_date=2025-10-12/ingestion_time=16:00:02/events.jsonl
SUCCESS: Data generation completed
=== [2025-10-13 16:20:15] Completion status: 0 ===

Environment loaded from /home/ubuntu/avosoft_retail/.env
Running data generator for 2025-10-13...
2025-10-13 20:00:10,427 INFO DEBUG SETTINGS -> users=50, orders=750, events=5000
2025-10-13 20:00:11,645 INFO [2025-10-12] Inserted 50 new users ✅
2025-10-13 20:00:22,910 INFO [2025-10-12] Inserted 750 orders ✅
2025-10-13 20:19:29,100 INFO [2025-10-12] Inserted 768 order_items ✅
2025-10-13 20:19:30,041 INFO [2025-10-12] Inserted 750 payments ✅
2025-10-13 20:19:36,113 INFO Generated | users=50 products=5 orders=750 items=768 paid=488 events=5518
Successfully uploaded to s3://avosoft-retail-bronze-jds-42/bronze/users/ingestion_date=2025-10-12/ingestion_time=20:00:01/users.jsonl
2025-10-13 20:19:37,875 INFO ✅ S3 write ok: users/ingestion_date=2025-10-12/ingestion_time=20:00:01/users.jsonl
Successfully uploaded to s3://avosoft-retail-bronze-jds-42/bronze/products/ingestion_date=2025-10-12/ingestion_time=20:00:01/products.jsonl
2025-10-13 20:19:38,180 INFO ✅ S3 write ok: products/ingestion_date=2025-10-12/ingestion_time=20:00:01/products.jsonl
Successfully uploaded to s3://avosoft-retail-bronze-jds-42/bronze/distribution_centers/ingestion_date=2025-10-12/ingestion_time=20:00:01/dcs.jsonl
2025-10-13 20:19:38,486 INFO ✅ S3 write ok: distribution_centers/ingestion_date=2025-10-12/ingestion_time=20:00:01/dcs.jsonl
2025-10-13 20:19:38,486 WARNING Failed to write s3 bronze inventory/ingestion_date=2025-10-12/ingestion_time=20:00:01/inventory.jsonl: Object of type Decimal is not JSON serializable
Successfully uploaded to s3://avosoft-retail-bronze-jds-42/bronze/orders/ingestion_date=2025-10-12/ingestion_time=20:00:01/orders.jsonl
2025-10-13 20:19:39,382 INFO ✅ S3 write ok: orders/ingestion_date=2025-10-12/ingestion_time=20:00:01/orders.jsonl
Successfully uploaded to s3://avosoft-retail-bronze-jds-42/bronze/order_items/ingestion_date=2025-10-12/ingestion_time=20:00:01/order_items.jsonl
2025-10-13 20:19:40,008 INFO ✅ S3 write ok: order_items/ingestion_date=2025-10-12/ingestion_time=20:00:01/order_items.jsonl
Successfully uploaded to s3://avosoft-retail-bronze-jds-42/bronze/payments/ingestion_date=2025-10-12/ingestion_time=20:00:01/payments.jsonl
2025-10-13 20:19:40,346 INFO ✅ S3 write ok: payments/ingestion_date=2025-10-12/ingestion_time=20:00:01/payments.jsonl
Successfully uploaded to s3://avosoft-retail-bronze-jds-42/bronze/events/ingestion_date=2025-10-12/ingestion_time=20:00:01/events.jsonl
2025-10-13 20:19:41,363 INFO ✅ S3 write ok: events/ingestion_date=2025-10-12/ingestion_time=20:00:01/events.jsonl
SUCCESS: Data generation completed
=== [2025-10-13 20:19:41] Completion status: 0 ===

Environment loaded from /home/ubuntu/avosoft_retail/.env
Running data generator for 2025-10-14...
2025-10-14 00:00:11,409 INFO DEBUG SETTINGS -> users=50, orders=750, events=5000
2025-10-14 00:00:12,553 INFO [2025-10-13] Inserted 50 new users ✅
2025-10-14 00:00:20,574 INFO [2025-10-13] Inserted 750 orders ✅
2025-10-14 00:19:47,920 INFO [2025-10-13] Inserted 769 order_items ✅
2025-10-14 00:19:48,876 INFO [2025-10-13] Inserted 750 payments ✅
2025-10-14 00:19:55,049 INFO Generated | users=50 products=5 orders=750 items=769 paid=467 events=5496
Successfully uploaded to s3://avosoft-retail-bronze-jds-42/bronze/users/ingestion_date=2025-10-13/ingestion_time=00:00:03/users.jsonl
2025-10-14 00:19:56,573 INFO ✅ S3 write ok: users/ingestion_date=2025-10-13/ingestion_time=00:00:03/users.jsonl
Successfully uploaded to s3://avosoft-retail-bronze-jds-42/bronze/products/ingestion_date=2025-10-13/ingestion_time=00:00:03/products.jsonl
2025-10-14 00:19:56,876 INFO ✅ S3 write ok: products/ingestion_date=2025-10-13/ingestion_time=00:00:03/products.jsonl
Successfully uploaded to s3://avosoft-retail-bronze-jds-42/bronze/distribution_centers/ingestion_date=2025-10-13/ingestion_time=00:00:03/dcs.jsonl
2025-10-14 00:19:57,173 INFO ✅ S3 write ok: distribution_centers/ingestion_date=2025-10-13/ingestion_time=00:00:03/dcs.jsonl
2025-10-14 00:19:57,173 WARNING Failed to write s3 bronze inventory/ingestion_date=2025-10-13/ingestion_time=00:00:03/inventory.jsonl: Object of type Decimal is not JSON serializable
Successfully uploaded to s3://avosoft-retail-bronze-jds-42/bronze/orders/ingestion_date=2025-10-13/ingestion_time=00:00:03/orders.jsonl
2025-10-14 00:19:58,044 INFO ✅ S3 write ok: orders/ingestion_date=2025-10-13/ingestion_time=00:00:03/orders.jsonl
Successfully uploaded to s3://avosoft-retail-bronze-jds-42/bronze/order_items/ingestion_date=2025-10-13/ingestion_time=00:00:03/order_items.jsonl
2025-10-14 00:19:58,657 INFO ✅ S3 write ok: order_items/ingestion_date=2025-10-13/ingestion_time=00:00:03/order_items.jsonl
Successfully uploaded to s3://avosoft-retail-bronze-jds-42/bronze/payments/ingestion_date=2025-10-13/ingestion_time=00:00:03/payments.jsonl
2025-10-14 00:19:58,983 INFO ✅ S3 write ok: payments/ingestion_date=2025-10-13/ingestion_time=00:00:03/payments.jsonl
Successfully uploaded to s3://avosoft-retail-bronze-jds-42/bronze/events/ingestion_date=2025-10-13/ingestion_time=00:00:03/events.jsonl
2025-10-14 00:20:00,033 INFO ✅ S3 write ok: events/ingestion_date=2025-10-13/ingestion_time=00:00:03/events.jsonl
SUCCESS: Data generation completed
=== [2025-10-14 00:20:00] Completion status: 0 ===

Environment loaded from /home/ubuntu/avosoft_retail/.env
Running data generator for 2025-10-14...
2025-10-14 04:00:11,217 INFO DEBUG SETTINGS -> users=50, orders=750, events=5000
2025-10-14 04:00:12,387 INFO [2025-10-13] Inserted 50 new users ✅
2025-10-14 04:00:23,036 INFO [2025-10-13] Inserted 750 orders ✅
2025-10-14 04:19:50,249 INFO [2025-10-13] Inserted 764 order_items ✅
2025-10-14 04:19:51,232 INFO [2025-10-13] Inserted 750 payments ✅
2025-10-14 04:19:57,311 INFO Generated | users=50 products=5 orders=750 items=764 paid=476 events=5504
Successfully uploaded to s3://avosoft-retail-bronze-jds-42/bronze/users/ingestion_date=2025-10-13/ingestion_time=04:00:02/users.jsonl
2025-10-14 04:19:58,825 INFO ✅ S3 write ok: users/ingestion_date=2025-10-13/ingestion_time=04:00:02/users.jsonl
Successfully uploaded to s3://avosoft-retail-bronze-jds-42/bronze/products/ingestion_date=2025-10-13/ingestion_time=04:00:02/products.jsonl
2025-10-14 04:19:59,130 INFO ✅ S3 write ok: products/ingestion_date=2025-10-13/ingestion_time=04:00:02/products.jsonl
Successfully uploaded to s3://avosoft-retail-bronze-jds-42/bronze/distribution_centers/ingestion_date=2025-10-13/ingestion_time=04:00:02/dcs.jsonl
2025-10-14 04:19:59,438 INFO ✅ S3 write ok: distribution_centers/ingestion_date=2025-10-13/ingestion_time=04:00:02/dcs.jsonl
2025-10-14 04:19:59,438 WARNING Failed to write s3 bronze inventory/ingestion_date=2025-10-13/ingestion_time=04:00:02/inventory.jsonl: Object of type Decimal is not JSON serializable
Successfully uploaded to s3://avosoft-retail-bronze-jds-42/bronze/orders/ingestion_date=2025-10-13/ingestion_time=04:00:02/orders.jsonl
2025-10-14 04:20:00,630 INFO ✅ S3 write ok: orders/ingestion_date=2025-10-13/ingestion_time=04:00:02/orders.jsonl
Successfully uploaded to s3://avosoft-retail-bronze-jds-42/bronze/order_items/ingestion_date=2025-10-13/ingestion_time=04:00:02/order_items.jsonl
2025-10-14 04:20:01,510 INFO ✅ S3 write ok: order_items/ingestion_date=2025-10-13/ingestion_time=04:00:02/order_items.jsonl
Successfully uploaded to s3://avosoft-retail-bronze-jds-42/bronze/payments/ingestion_date=2025-10-13/ingestion_time=04:00:02/payments.jsonl
2025-10-14 04:20:01,899 INFO ✅ S3 write ok: payments/ingestion_date=2025-10-13/ingestion_time=04:00:02/payments.jsonl
Successfully uploaded to s3://avosoft-retail-bronze-jds-42/bronze/events/ingestion_date=2025-10-13/ingestion_time=04:00:02/events.jsonl
2025-10-14 04:20:03,235 INFO ✅ S3 write ok: events/ingestion_date=2025-10-13/ingestion_time=04:00:02/events.jsonl
SUCCESS: Data generation completed
=== [2025-10-14 04:20:03] Completion status: 0 ===

Environment loaded from /home/ubuntu/avosoft_retail/.env
Running data generator for 2025-10-14...
2025-10-14 08:00:11,208 INFO DEBUG SETTINGS -> users=50, orders=750, events=5000
2025-10-14 08:00:12,366 INFO [2025-10-13] Inserted 50 new users ✅
2025-10-14 08:00:22,975 INFO [2025-10-13] Inserted 750 orders ✅
2025-10-14 08:19:46,271 INFO [2025-10-13] Inserted 760 order_items ✅
2025-10-14 08:19:47,241 INFO [2025-10-13] Inserted 750 payments ✅
2025-10-14 08:19:53,338 INFO Generated | users=50 products=5 orders=750 items=760 paid=474 events=5502
Successfully uploaded to s3://avosoft-retail-bronze-jds-42/bronze/users/ingestion_date=2025-10-13/ingestion_time=08:00:02/users.jsonl
2025-10-14 08:19:54,908 INFO ✅ S3 write ok: users/ingestion_date=2025-10-13/ingestion_time=08:00:02/users.jsonl
Successfully uploaded to s3://avosoft-retail-bronze-jds-42/bronze/products/ingestion_date=2025-10-13/ingestion_time=08:00:02/products.jsonl
2025-10-14 08:19:55,213 INFO ✅ S3 write ok: products/ingestion_date=2025-10-13/ingestion_time=08:00:02/products.jsonl
Successfully uploaded to s3://avosoft-retail-bronze-jds-42/bronze/distribution_centers/ingestion_date=2025-10-13/ingestion_time=08:00:02/dcs.jsonl
2025-10-14 08:19:55,517 INFO ✅ S3 write ok: distribution_centers/ingestion_date=2025-10-13/ingestion_time=08:00:02/dcs.jsonl
2025-10-14 08:19:55,517 WARNING Failed to write s3 bronze inventory/ingestion_date=2025-10-13/ingestion_time=08:00:02/inventory.jsonl: Object of type Decimal is not JSON serializable
Successfully uploaded to s3://avosoft-retail-bronze-jds-42/bronze/orders/ingestion_date=2025-10-13/ingestion_time=08:00:02/orders.jsonl
2025-10-14 08:19:56,674 INFO ✅ S3 write ok: orders/ingestion_date=2025-10-13/ingestion_time=08:00:02/orders.jsonl
Successfully uploaded to s3://avosoft-retail-bronze-jds-42/bronze/order_items/ingestion_date=2025-10-13/ingestion_time=08:00:02/order_items.jsonl
2025-10-14 08:19:57,560 INFO ✅ S3 write ok: order_items/ingestion_date=2025-10-13/ingestion_time=08:00:02/order_items.jsonl
Successfully uploaded to s3://avosoft-retail-bronze-jds-42/bronze/payments/ingestion_date=2025-10-13/ingestion_time=08:00:02/payments.jsonl
2025-10-14 08:19:57,931 INFO ✅ S3 write ok: payments/ingestion_date=2025-10-13/ingestion_time=08:00:02/payments.jsonl
Successfully uploaded to s3://avosoft-retail-bronze-jds-42/bronze/events/ingestion_date=2025-10-13/ingestion_time=08:00:02/events.jsonl
2025-10-14 08:19:59,211 INFO ✅ S3 write ok: events/ingestion_date=2025-10-13/ingestion_time=08:00:02/events.jsonl
SUCCESS: Data generation completed
=== [2025-10-14 08:19:59] Completion status: 0 ===

Environment loaded from /home/ubuntu/avosoft_retail/.env
Running data generator for 2025-10-14...
2025-10-14 12:00:11,607 INFO DEBUG SETTINGS -> users=50, orders=750, events=5000
2025-10-14 12:00:12,758 INFO [2025-10-13] Inserted 50 new users ✅
2025-10-14 12:00:25,737 INFO [2025-10-13] Inserted 750 orders ✅
2025-10-14 12:19:18,774 INFO [2025-10-13] Inserted 753 order_items ✅
2025-10-14 12:19:19,728 INFO [2025-10-13] Inserted 750 payments ✅
2025-10-14 12:19:25,918 INFO Generated | users=50 products=5 orders=750 items=753 paid=473 events=5501
Successfully uploaded to s3://avosoft-retail-bronze-jds-42/bronze/users/ingestion_date=2025-10-13/ingestion_time=12:00:02/users.jsonl
2025-10-14 12:19:27,460 INFO ✅ S3 write ok: users/ingestion_date=2025-10-13/ingestion_time=12:00:02/users.jsonl
Successfully uploaded to s3://avosoft-retail-bronze-jds-42/bronze/products/ingestion_date=2025-10-13/ingestion_time=12:00:02/products.jsonl
2025-10-14 12:19:27,765 INFO ✅ S3 write ok: products/ingestion_date=2025-10-13/ingestion_time=12:00:02/products.jsonl
Successfully uploaded to s3://avosoft-retail-bronze-jds-42/bronze/distribution_centers/ingestion_date=2025-10-13/ingestion_time=12:00:02/dcs.jsonl
2025-10-14 12:19:28,070 INFO ✅ S3 write ok: distribution_centers/ingestion_date=2025-10-13/ingestion_time=12:00:02/dcs.jsonl
2025-10-14 12:19:28,071 WARNING Failed to write s3 bronze inventory/ingestion_date=2025-10-13/ingestion_time=12:00:02/inventory.jsonl: Object of type Decimal is not JSON serializable
Successfully uploaded to s3://avosoft-retail-bronze-jds-42/bronze/orders/ingestion_date=2025-10-13/ingestion_time=12:00:02/orders.jsonl
2025-10-14 12:19:28,958 INFO ✅ S3 write ok: orders/ingestion_date=2025-10-13/ingestion_time=12:00:02/orders.jsonl
Successfully uploaded to s3://avosoft-retail-bronze-jds-42/bronze/order_items/ingestion_date=2025-10-13/ingestion_time=12:00:02/order_items.jsonl
2025-10-14 12:19:29,573 INFO ✅ S3 write ok: order_items/ingestion_date=2025-10-13/ingestion_time=12:00:02/order_items.jsonl
Successfully uploaded to s3://avosoft-retail-bronze-jds-42/bronze/payments/ingestion_date=2025-10-13/ingestion_time=12:00:02/payments.jsonl
2025-10-14 12:19:29,914 INFO ✅ S3 write ok: payments/ingestion_date=2025-10-13/ingestion_time=12:00:02/payments.jsonl
Successfully uploaded to s3://avosoft-retail-bronze-jds-42/bronze/events/ingestion_date=2025-10-13/ingestion_time=12:00:02/events.jsonl
2025-10-14 12:19:30,948 INFO ✅ S3 write ok: events/ingestion_date=2025-10-13/ingestion_time=12:00:02/events.jsonl
SUCCESS: Data generation completed
=== [2025-10-14 12:19:31] Completion status: 0 ===

Environment loaded from /home/ubuntu/avosoft_retail/.env
Running data generator for 2025-10-14...
2025-10-14 16:00:11,708 INFO DEBUG SETTINGS -> users=50, orders=750, events=5000
2025-10-14 16:00:12,849 INFO [2025-10-13] Inserted 50 new users ✅
2025-10-14 16:00:23,401 INFO [2025-10-13] Inserted 750 orders ✅
2025-10-14 16:19:31,168 INFO [2025-10-13] Inserted 754 order_items ✅
2025-10-14 16:19:32,166 INFO [2025-10-13] Inserted 750 payments ✅
2025-10-14 16:19:38,353 INFO Generated | users=50 products=5 orders=750 items=754 paid=460 events=5488
Successfully uploaded to s3://avosoft-retail-bronze-jds-42/bronze/users/ingestion_date=2025-10-13/ingestion_time=16:00:01/users.jsonl
2025-10-14 16:19:39,896 INFO ✅ S3 write ok: users/ingestion_date=2025-10-13/ingestion_time=16:00:01/users.jsonl
Successfully uploaded to s3://avosoft-retail-bronze-jds-42/bronze/products/ingestion_date=2025-10-13/ingestion_time=16:00:01/products.jsonl
2025-10-14 16:19:40,203 INFO ✅ S3 write ok: products/ingestion_date=2025-10-13/ingestion_time=16:00:01/products.jsonl
Successfully uploaded to s3://avosoft-retail-bronze-jds-42/bronze/distribution_centers/ingestion_date=2025-10-13/ingestion_time=16:00:01/dcs.jsonl
2025-10-14 16:19:40,509 INFO ✅ S3 write ok: distribution_centers/ingestion_date=2025-10-13/ingestion_time=16:00:01/dcs.jsonl
2025-10-14 16:19:40,509 WARNING Failed to write s3 bronze inventory/ingestion_date=2025-10-13/ingestion_time=16:00:01/inventory.jsonl: Object of type Decimal is not JSON serializable
Successfully uploaded to s3://avosoft-retail-bronze-jds-42/bronze/orders/ingestion_date=2025-10-13/ingestion_time=16:00:01/orders.jsonl
2025-10-14 16:19:41,696 INFO ✅ S3 write ok: orders/ingestion_date=2025-10-13/ingestion_time=16:00:01/orders.jsonl
Successfully uploaded to s3://avosoft-retail-bronze-jds-42/bronze/order_items/ingestion_date=2025-10-13/ingestion_time=16:00:01/order_items.jsonl
2025-10-14 16:19:42,930 INFO ✅ S3 write ok: order_items/ingestion_date=2025-10-13/ingestion_time=16:00:01/order_items.jsonl
Successfully uploaded to s3://avosoft-retail-bronze-jds-42/bronze/payments/ingestion_date=2025-10-13/ingestion_time=16:00:01/payments.jsonl
2025-10-14 16:19:43,295 INFO ✅ S3 write ok: payments/ingestion_date=2025-10-13/ingestion_time=16:00:01/payments.jsonl
Successfully uploaded to s3://avosoft-retail-bronze-jds-42/bronze/events/ingestion_date=2025-10-13/ingestion_time=16:00:01/events.jsonl
2025-10-14 16:19:44,589 INFO ✅ S3 write ok: events/ingestion_date=2025-10-13/ingestion_time=16:00:01/events.jsonl
SUCCESS: Data generation completed
=== [2025-10-14 16:19:44] Completion status: 0 ===

Environment loaded from /home/ubuntu/avosoft_retail/.env
Running data generator for 2025-10-14...
2025-10-14 20:00:11,597 INFO DEBUG SETTINGS -> users=50, orders=750, events=5000
2025-10-14 20:00:12,754 INFO [2025-10-13] Inserted 50 new users ✅
2025-10-14 20:00:26,695 INFO [2025-10-13] Inserted 750 orders ✅
2025-10-14 20:20:09,863 INFO [2025-10-13] Inserted 783 order_items ✅
2025-10-14 20:20:10,816 INFO [2025-10-13] Inserted 750 payments ✅
2025-10-14 20:20:16,837 INFO Generated | users=50 products=5 orders=750 items=783 paid=486 events=5514
Successfully uploaded to s3://avosoft-retail-bronze-jds-42/bronze/users/ingestion_date=2025-10-13/ingestion_time=20:00:02/users.jsonl
2025-10-14 20:20:18,367 INFO ✅ S3 write ok: users/ingestion_date=2025-10-13/ingestion_time=20:00:02/users.jsonl
Successfully uploaded to s3://avosoft-retail-bronze-jds-42/bronze/products/ingestion_date=2025-10-13/ingestion_time=20:00:02/products.jsonl
2025-10-14 20:20:18,668 INFO ✅ S3 write ok: products/ingestion_date=2025-10-13/ingestion_time=20:00:02/products.jsonl
Successfully uploaded to s3://avosoft-retail-bronze-jds-42/bronze/distribution_centers/ingestion_date=2025-10-13/ingestion_time=20:00:02/dcs.jsonl
2025-10-14 20:20:18,971 INFO ✅ S3 write ok: distribution_centers/ingestion_date=2025-10-13/ingestion_time=20:00:02/dcs.jsonl
2025-10-14 20:20:18,971 WARNING Failed to write s3 bronze inventory/ingestion_date=2025-10-13/ingestion_time=20:00:02/inventory.jsonl: Object of type Decimal is not JSON serializable
Successfully uploaded to s3://avosoft-retail-bronze-jds-42/bronze/orders/ingestion_date=2025-10-13/ingestion_time=20:00:02/orders.jsonl
2025-10-14 20:20:19,873 INFO ✅ S3 write ok: orders/ingestion_date=2025-10-13/ingestion_time=20:00:02/orders.jsonl
Successfully uploaded to s3://avosoft-retail-bronze-jds-42/bronze/order_items/ingestion_date=2025-10-13/ingestion_time=20:00:02/order_items.jsonl
2025-10-14 20:20:20,496 INFO ✅ S3 write ok: order_items/ingestion_date=2025-10-13/ingestion_time=20:00:02/order_items.jsonl
Successfully uploaded to s3://avosoft-retail-bronze-jds-42/bronze/payments/ingestion_date=2025-10-13/ingestion_time=20:00:02/payments.jsonl
2025-10-14 20:20:20,865 INFO ✅ S3 write ok: payments/ingestion_date=2025-10-13/ingestion_time=20:00:02/payments.jsonl
Successfully uploaded to s3://avosoft-retail-bronze-jds-42/bronze/events/ingestion_date=2025-10-13/ingestion_time=20:00:02/events.jsonl
2025-10-14 20:20:21,906 INFO ✅ S3 write ok: events/ingestion_date=2025-10-13/ingestion_time=20:00:02/events.jsonl
SUCCESS: Data generation completed
=== [2025-10-14 20:20:22] Completion status: 0 ===

Environment loaded from /home/ubuntu/avosoft_retail/.env
Running data generator for 2025-10-15...
2025-10-15 00:00:10,698 INFO DEBUG SETTINGS -> users=50, orders=750, events=5000
2025-10-15 00:00:11,850 INFO [2025-10-14] Inserted 50 new users ✅
2025-10-15 00:00:24,867 INFO [2025-10-14] Inserted 750 orders ✅
2025-10-15 00:19:47,438 INFO [2025-10-14] Inserted 780 order_items ✅
2025-10-15 00:19:48,389 INFO [2025-10-14] Inserted 750 payments ✅
2025-10-15 00:19:54,612 INFO Generated | users=50 products=5 orders=750 items=780 paid=473 events=5501
Successfully uploaded to s3://avosoft-retail-bronze-jds-42/bronze/users/ingestion_date=2025-10-14/ingestion_time=00:00:02/users.jsonl
2025-10-15 00:19:56,483 INFO ✅ S3 write ok: users/ingestion_date=2025-10-14/ingestion_time=00:00:02/users.jsonl
Successfully uploaded to s3://avosoft-retail-bronze-jds-42/bronze/products/ingestion_date=2025-10-14/ingestion_time=00:00:02/products.jsonl
2025-10-15 00:19:56,785 INFO ✅ S3 write ok: products/ingestion_date=2025-10-14/ingestion_time=00:00:02/products.jsonl
Successfully uploaded to s3://avosoft-retail-bronze-jds-42/bronze/distribution_centers/ingestion_date=2025-10-14/ingestion_time=00:00:02/dcs.jsonl
2025-10-15 00:19:57,095 INFO ✅ S3 write ok: distribution_centers/ingestion_date=2025-10-14/ingestion_time=00:00:02/dcs.jsonl
2025-10-15 00:19:57,095 WARNING Failed to write s3 bronze inventory/ingestion_date=2025-10-14/ingestion_time=00:00:02/inventory.jsonl: Object of type Decimal is not JSON serializable
Successfully uploaded to s3://avosoft-retail-bronze-jds-42/bronze/orders/ingestion_date=2025-10-14/ingestion_time=00:00:02/orders.jsonl
2025-10-15 00:19:57,992 INFO ✅ S3 write ok: orders/ingestion_date=2025-10-14/ingestion_time=00:00:02/orders.jsonl
Successfully uploaded to s3://avosoft-retail-bronze-jds-42/bronze/order_items/ingestion_date=2025-10-14/ingestion_time=00:00:02/order_items.jsonl
2025-10-15 00:19:58,620 INFO ✅ S3 write ok: order_items/ingestion_date=2025-10-14/ingestion_time=00:00:02/order_items.jsonl
Successfully uploaded to s3://avosoft-retail-bronze-jds-42/bronze/payments/ingestion_date=2025-10-14/ingestion_time=00:00:02/payments.jsonl
2025-10-15 00:19:58,989 INFO ✅ S3 write ok: payments/ingestion_date=2025-10-14/ingestion_time=00:00:02/payments.jsonl
Successfully uploaded to s3://avosoft-retail-bronze-jds-42/bronze/events/ingestion_date=2025-10-14/ingestion_time=00:00:02/events.jsonl
2025-10-15 00:20:00,044 INFO ✅ S3 write ok: events/ingestion_date=2025-10-14/ingestion_time=00:00:02/events.jsonl
SUCCESS: Data generation completed
=== [2025-10-15 00:20:00] Completion status: 0 ===

Environment loaded from /home/ubuntu/avosoft_retail/.env
Running data generator for 2025-10-15...
2025-10-15 04:00:11,308 INFO DEBUG SETTINGS -> users=50, orders=750, events=5000
2025-10-15 04:00:12,471 INFO [2025-10-14] Inserted 50 new users ✅
2025-10-15 04:00:22,148 INFO [2025-10-14] Inserted 750 orders ✅
2025-10-15 04:19:44,373 INFO [2025-10-14] Inserted 774 order_items ✅
2025-10-15 04:19:45,350 INFO [2025-10-14] Inserted 750 payments ✅
2025-10-15 04:19:51,444 INFO Generated | users=50 products=5 orders=750 items=774 paid=475 events=5504
Successfully uploaded to s3://avosoft-retail-bronze-jds-42/bronze/users/ingestion_date=2025-10-14/ingestion_time=04:00:02/users.jsonl
2025-10-15 04:19:52,969 INFO ✅ S3 write ok: users/ingestion_date=2025-10-14/ingestion_time=04:00:02/users.jsonl
Successfully uploaded to s3://avosoft-retail-bronze-jds-42/bronze/products/ingestion_date=2025-10-14/ingestion_time=04:00:02/products.jsonl
2025-10-15 04:19:53,268 INFO ✅ S3 write ok: products/ingestion_date=2025-10-14/ingestion_time=04:00:02/products.jsonl
Successfully uploaded to s3://avosoft-retail-bronze-jds-42/bronze/distribution_centers/ingestion_date=2025-10-14/ingestion_time=04:00:02/dcs.jsonl
2025-10-15 04:19:53,561 INFO ✅ S3 write ok: distribution_centers/ingestion_date=2025-10-14/ingestion_time=04:00:02/dcs.jsonl
2025-10-15 04:19:53,561 WARNING Failed to write s3 bronze inventory/ingestion_date=2025-10-14/ingestion_time=04:00:02/inventory.jsonl: Object of type Decimal is not JSON serializable
Successfully uploaded to s3://avosoft-retail-bronze-jds-42/bronze/orders/ingestion_date=2025-10-14/ingestion_time=04:00:02/orders.jsonl
2025-10-15 04:19:54,667 INFO ✅ S3 write ok: orders/ingestion_date=2025-10-14/ingestion_time=04:00:02/orders.jsonl
Successfully uploaded to s3://avosoft-retail-bronze-jds-42/bronze/order_items/ingestion_date=2025-10-14/ingestion_time=04:00:02/order_items.jsonl
2025-10-15 04:19:55,839 INFO ✅ S3 write ok: order_items/ingestion_date=2025-10-14/ingestion_time=04:00:02/order_items.jsonl
Successfully uploaded to s3://avosoft-retail-bronze-jds-42/bronze/payments/ingestion_date=2025-10-14/ingestion_time=04:00:02/payments.jsonl
2025-10-15 04:19:56,221 INFO ✅ S3 write ok: payments/ingestion_date=2025-10-14/ingestion_time=04:00:02/payments.jsonl
Successfully uploaded to s3://avosoft-retail-bronze-jds-42/bronze/events/ingestion_date=2025-10-14/ingestion_time=04:00:02/events.jsonl
2025-10-15 04:19:57,461 INFO ✅ S3 write ok: events/ingestion_date=2025-10-14/ingestion_time=04:00:02/events.jsonl
SUCCESS: Data generation completed
=== [2025-10-15 04:19:57] Completion status: 0 ===

Environment loaded from /home/ubuntu/avosoft_retail/.env
Running data generator for 2025-10-15...
2025-10-15 08:00:10,700 INFO DEBUG SETTINGS -> users=50, orders=750, events=5000
2025-10-15 08:00:11,917 INFO [2025-10-14] Inserted 50 new users ✅
2025-10-15 08:00:24,228 INFO [2025-10-14] Inserted 750 orders ✅
2025-10-15 08:19:58,372 INFO [2025-10-14] Inserted 772 order_items ✅
2025-10-15 08:19:59,336 INFO [2025-10-14] Inserted 750 payments ✅
2025-10-15 08:20:05,529 INFO Generated | users=50 products=5 orders=750 items=772 paid=473 events=5501
Successfully uploaded to s3://avosoft-retail-bronze-jds-42/bronze/users/ingestion_date=2025-10-14/ingestion_time=08:00:02/users.jsonl
2025-10-15 08:20:07,035 INFO ✅ S3 write ok: users/ingestion_date=2025-10-14/ingestion_time=08:00:02/users.jsonl
Successfully uploaded to s3://avosoft-retail-bronze-jds-42/bronze/products/ingestion_date=2025-10-14/ingestion_time=08:00:02/products.jsonl
2025-10-15 08:20:07,333 INFO ✅ S3 write ok: products/ingestion_date=2025-10-14/ingestion_time=08:00:02/products.jsonl
Successfully uploaded to s3://avosoft-retail-bronze-jds-42/bronze/distribution_centers/ingestion_date=2025-10-14/ingestion_time=08:00:02/dcs.jsonl
2025-10-15 08:20:07,636 INFO ✅ S3 write ok: distribution_centers/ingestion_date=2025-10-14/ingestion_time=08:00:02/dcs.jsonl
2025-10-15 08:20:07,636 WARNING Failed to write s3 bronze inventory/ingestion_date=2025-10-14/ingestion_time=08:00:02/inventory.jsonl: Object of type Decimal is not JSON serializable
Successfully uploaded to s3://avosoft-retail-bronze-jds-42/bronze/orders/ingestion_date=2025-10-14/ingestion_time=08:00:02/orders.jsonl
2025-10-15 08:20:08,802 INFO ✅ S3 write ok: orders/ingestion_date=2025-10-14/ingestion_time=08:00:02/orders.jsonl
Successfully uploaded to s3://avosoft-retail-bronze-jds-42/bronze/order_items/ingestion_date=2025-10-14/ingestion_time=08:00:02/order_items.jsonl
2025-10-15 08:20:09,702 INFO ✅ S3 write ok: order_items/ingestion_date=2025-10-14/ingestion_time=08:00:02/order_items.jsonl
Successfully uploaded to s3://avosoft-retail-bronze-jds-42/bronze/payments/ingestion_date=2025-10-14/ingestion_time=08:00:02/payments.jsonl
2025-10-15 08:20:10,052 INFO ✅ S3 write ok: payments/ingestion_date=2025-10-14/ingestion_time=08:00:02/payments.jsonl
Successfully uploaded to s3://avosoft-retail-bronze-jds-42/bronze/events/ingestion_date=2025-10-14/ingestion_time=08:00:02/events.jsonl
2025-10-15 08:20:11,054 INFO ✅ S3 write ok: events/ingestion_date=2025-10-14/ingestion_time=08:00:02/events.jsonl
SUCCESS: Data generation completed
=== [2025-10-15 08:20:11] Completion status: 0 ===

Environment loaded from /home/ubuntu/avosoft_retail/.env
Running data generator for 2025-10-15...
2025-10-15 12:00:10,624 INFO DEBUG SETTINGS -> users=50, orders=750, events=5000
2025-10-15 12:00:11,775 INFO [2025-10-14] Inserted 50 new users ✅
2025-10-15 12:00:25,712 INFO [2025-10-14] Inserted 750 orders ✅
2025-10-15 12:20:03,427 INFO [2025-10-14] Inserted 769 order_items ✅
2025-10-15 12:20:04,794 INFO [2025-10-14] Inserted 750 payments ✅
2025-10-15 12:20:10,929 INFO Generated | users=50 products=5 orders=750 items=769 paid=455 events=5484
Successfully uploaded to s3://avosoft-retail-bronze-jds-42/bronze/users/ingestion_date=2025-10-14/ingestion_time=12:00:02/users.jsonl
2025-10-15 12:20:12,444 INFO ✅ S3 write ok: users/ingestion_date=2025-10-14/ingestion_time=12:00:02/users.jsonl
Successfully uploaded to s3://avosoft-retail-bronze-jds-42/bronze/products/ingestion_date=2025-10-14/ingestion_time=12:00:02/products.jsonl
2025-10-15 12:20:12,737 INFO ✅ S3 write ok: products/ingestion_date=2025-10-14/ingestion_time=12:00:02/products.jsonl
Successfully uploaded to s3://avosoft-retail-bronze-jds-42/bronze/distribution_centers/ingestion_date=2025-10-14/ingestion_time=12:00:02/dcs.jsonl
2025-10-15 12:20:13,034 INFO ✅ S3 write ok: distribution_centers/ingestion_date=2025-10-14/ingestion_time=12:00:02/dcs.jsonl
2025-10-15 12:20:13,034 WARNING Failed to write s3 bronze inventory/ingestion_date=2025-10-14/ingestion_time=12:00:02/inventory.jsonl: Object of type Decimal is not JSON serializable
Successfully uploaded to s3://avosoft-retail-bronze-jds-42/bronze/orders/ingestion_date=2025-10-14/ingestion_time=12:00:02/orders.jsonl
2025-10-15 12:20:14,159 INFO ✅ S3 write ok: orders/ingestion_date=2025-10-14/ingestion_time=12:00:02/orders.jsonl
Successfully uploaded to s3://avosoft-retail-bronze-jds-42/bronze/order_items/ingestion_date=2025-10-14/ingestion_time=12:00:02/order_items.jsonl
2025-10-15 12:20:15,332 INFO ✅ S3 write ok: order_items/ingestion_date=2025-10-14/ingestion_time=12:00:02/order_items.jsonl
Successfully uploaded to s3://avosoft-retail-bronze-jds-42/bronze/payments/ingestion_date=2025-10-14/ingestion_time=12:00:02/payments.jsonl
2025-10-15 12:20:15,639 INFO ✅ S3 write ok: payments/ingestion_date=2025-10-14/ingestion_time=12:00:02/payments.jsonl
Successfully uploaded to s3://avosoft-retail-bronze-jds-42/bronze/events/ingestion_date=2025-10-14/ingestion_time=12:00:02/events.jsonl
2025-10-15 12:20:16,882 INFO ✅ S3 write ok: events/ingestion_date=2025-10-14/ingestion_time=12:00:02/events.jsonl
SUCCESS: Data generation completed
=== [2025-10-15 12:20:17] Completion status: 0 ===

Environment loaded from /home/ubuntu/avosoft_retail/.env
Running data generator for 2025-10-15...
2025-10-15 16:00:11,346 INFO DEBUG SETTINGS -> users=50, orders=750, events=5000
2025-10-15 16:00:12,508 INFO [2025-10-14] Inserted 50 new users ✅
2025-10-15 16:00:24,905 INFO [2025-10-14] Inserted 750 orders ✅
2025-10-15 16:19:49,902 INFO [2025-10-14] Inserted 760 order_items ✅
2025-10-15 16:19:50,878 INFO [2025-10-14] Inserted 750 payments ✅
2025-10-15 16:19:57,045 INFO Generated | users=50 products=5 orders=750 items=760 paid=484 events=5512
Successfully uploaded to s3://avosoft-retail-bronze-jds-42/bronze/users/ingestion_date=2025-10-14/ingestion_time=16:00:01/users.jsonl
2025-10-15 16:19:58,572 INFO ✅ S3 write ok: users/ingestion_date=2025-10-14/ingestion_time=16:00:01/users.jsonl
Successfully uploaded to s3://avosoft-retail-bronze-jds-42/bronze/products/ingestion_date=2025-10-14/ingestion_time=16:00:01/products.jsonl
2025-10-15 16:19:58,914 INFO ✅ S3 write ok: products/ingestion_date=2025-10-14/ingestion_time=16:00:01/products.jsonl
Successfully uploaded to s3://avosoft-retail-bronze-jds-42/bronze/distribution_centers/ingestion_date=2025-10-14/ingestion_time=16:00:01/dcs.jsonl
2025-10-15 16:19:59,219 INFO ✅ S3 write ok: distribution_centers/ingestion_date=2025-10-14/ingestion_time=16:00:01/dcs.jsonl
2025-10-15 16:19:59,219 WARNING Failed to write s3 bronze inventory/ingestion_date=2025-10-14/ingestion_time=16:00:01/inventory.jsonl: Object of type Decimal is not JSON serializable
Successfully uploaded to s3://avosoft-retail-bronze-jds-42/bronze/orders/ingestion_date=2025-10-14/ingestion_time=16:00:01/orders.jsonl
2025-10-15 16:20:00,104 INFO ✅ S3 write ok: orders/ingestion_date=2025-10-14/ingestion_time=16:00:01/orders.jsonl
Successfully uploaded to s3://avosoft-retail-bronze-jds-42/bronze/order_items/ingestion_date=2025-10-14/ingestion_time=16:00:01/order_items.jsonl
2025-10-15 16:20:00,722 INFO ✅ S3 write ok: order_items/ingestion_date=2025-10-14/ingestion_time=16:00:01/order_items.jsonl
Successfully uploaded to s3://avosoft-retail-bronze-jds-42/bronze/payments/ingestion_date=2025-10-14/ingestion_time=16:00:01/payments.jsonl
2025-10-15 16:20:01,038 INFO ✅ S3 write ok: payments/ingestion_date=2025-10-14/ingestion_time=16:00:01/payments.jsonl
Successfully uploaded to s3://avosoft-retail-bronze-jds-42/bronze/events/ingestion_date=2025-10-14/ingestion_time=16:00:01/events.jsonl
2025-10-15 16:20:02,064 INFO ✅ S3 write ok: events/ingestion_date=2025-10-14/ingestion_time=16:00:01/events.jsonl
SUCCESS: Data generation completed
=== [2025-10-15 16:20:02] Completion status: 0 ===

Environment loaded from /home/ubuntu/avosoft_retail/.env
Running data generator for 2025-10-15...
2025-10-15 20:00:10,304 INFO DEBUG SETTINGS -> users=50, orders=750, events=5000
2025-10-15 20:00:11,469 INFO [2025-10-14] Inserted 50 new users ✅
2025-10-15 20:00:23,611 INFO [2025-10-14] Inserted 750 orders ✅
2025-10-15 20:19:35,350 INFO [2025-10-14] Inserted 762 order_items ✅
2025-10-15 20:19:36,323 INFO [2025-10-14] Inserted 750 payments ✅
2025-10-15 20:19:42,403 INFO Generated | users=50 products=5 orders=750 items=762 paid=471 events=5499
Successfully uploaded to s3://avosoft-retail-bronze-jds-42/bronze/users/ingestion_date=2025-10-14/ingestion_time=20:00:02/users.jsonl
2025-10-15 20:19:44,172 INFO ✅ S3 write ok: users/ingestion_date=2025-10-14/ingestion_time=20:00:02/users.jsonl
Successfully uploaded to s3://avosoft-retail-bronze-jds-42/bronze/products/ingestion_date=2025-10-14/ingestion_time=20:00:02/products.jsonl
2025-10-15 20:19:44,474 INFO ✅ S3 write ok: products/ingestion_date=2025-10-14/ingestion_time=20:00:02/products.jsonl
Successfully uploaded to s3://avosoft-retail-bronze-jds-42/bronze/distribution_centers/ingestion_date=2025-10-14/ingestion_time=20:00:02/dcs.jsonl
2025-10-15 20:19:44,779 INFO ✅ S3 write ok: distribution_centers/ingestion_date=2025-10-14/ingestion_time=20:00:02/dcs.jsonl
2025-10-15 20:19:44,780 WARNING Failed to write s3 bronze inventory/ingestion_date=2025-10-14/ingestion_time=20:00:02/inventory.jsonl: Object of type Decimal is not JSON serializable
Successfully uploaded to s3://avosoft-retail-bronze-jds-42/bronze/orders/ingestion_date=2025-10-14/ingestion_time=20:00:02/orders.jsonl
2025-10-15 20:19:45,978 INFO ✅ S3 write ok: orders/ingestion_date=2025-10-14/ingestion_time=20:00:02/orders.jsonl
Successfully uploaded to s3://avosoft-retail-bronze-jds-42/bronze/order_items/ingestion_date=2025-10-14/ingestion_time=20:00:02/order_items.jsonl
2025-10-15 20:19:46,894 INFO ✅ S3 write ok: order_items/ingestion_date=2025-10-14/ingestion_time=20:00:02/order_items.jsonl
Successfully uploaded to s3://avosoft-retail-bronze-jds-42/bronze/payments/ingestion_date=2025-10-14/ingestion_time=20:00:02/payments.jsonl
2025-10-15 20:19:47,249 INFO ✅ S3 write ok: payments/ingestion_date=2025-10-14/ingestion_time=20:00:02/payments.jsonl
Successfully uploaded to s3://avosoft-retail-bronze-jds-42/bronze/events/ingestion_date=2025-10-14/ingestion_time=20:00:02/events.jsonl
2025-10-15 20:19:48,321 INFO ✅ S3 write ok: events/ingestion_date=2025-10-14/ingestion_time=20:00:02/events.jsonl
SUCCESS: Data generation completed
=== [2025-10-15 20:19:48] Completion status: 0 ===

Environment loaded from /home/ubuntu/avosoft_retail/.env
Running data generator for 2025-10-16...
2025-10-16 00:00:11,742 INFO DEBUG SETTINGS -> users=50, orders=750, events=5000
2025-10-16 00:00:12,898 INFO [2025-10-15] Inserted 50 new users ✅
2025-10-16 00:00:22,688 INFO [2025-10-15] Inserted 750 orders ✅
2025-10-16 00:19:48,924 INFO [2025-10-15] Inserted 762 order_items ✅
2025-10-16 00:19:49,896 INFO [2025-10-15] Inserted 750 payments ✅
2025-10-16 00:19:56,121 INFO Generated | users=50 products=5 orders=750 items=762 paid=462 events=5490
Successfully uploaded to s3://avosoft-retail-bronze-jds-42/bronze/users/ingestion_date=2025-10-15/ingestion_time=00:00:02/users.jsonl
2025-10-16 00:19:57,665 INFO ✅ S3 write ok: users/ingestion_date=2025-10-15/ingestion_time=00:00:02/users.jsonl
Successfully uploaded to s3://avosoft-retail-bronze-jds-42/bronze/products/ingestion_date=2025-10-15/ingestion_time=00:00:02/products.jsonl
2025-10-16 00:19:57,971 INFO ✅ S3 write ok: products/ingestion_date=2025-10-15/ingestion_time=00:00:02/products.jsonl
Successfully uploaded to s3://avosoft-retail-bronze-jds-42/bronze/distribution_centers/ingestion_date=2025-10-15/ingestion_time=00:00:02/dcs.jsonl
2025-10-16 00:19:58,273 INFO ✅ S3 write ok: distribution_centers/ingestion_date=2025-10-15/ingestion_time=00:00:02/dcs.jsonl
2025-10-16 00:19:58,274 WARNING Failed to write s3 bronze inventory/ingestion_date=2025-10-15/ingestion_time=00:00:02/inventory.jsonl: Object of type Decimal is not JSON serializable
Successfully uploaded to s3://avosoft-retail-bronze-jds-42/bronze/orders/ingestion_date=2025-10-15/ingestion_time=00:00:02/orders.jsonl
2025-10-16 00:19:59,224 INFO ✅ S3 write ok: orders/ingestion_date=2025-10-15/ingestion_time=00:00:02/orders.jsonl
Successfully uploaded to s3://avosoft-retail-bronze-jds-42/bronze/order_items/ingestion_date=2025-10-15/ingestion_time=00:00:02/order_items.jsonl
2025-10-16 00:19:59,846 INFO ✅ S3 write ok: order_items/ingestion_date=2025-10-15/ingestion_time=00:00:02/order_items.jsonl
Successfully uploaded to s3://avosoft-retail-bronze-jds-42/bronze/payments/ingestion_date=2025-10-15/ingestion_time=00:00:02/payments.jsonl
2025-10-16 00:20:00,217 INFO ✅ S3 write ok: payments/ingestion_date=2025-10-15/ingestion_time=00:00:02/payments.jsonl
Successfully uploaded to s3://avosoft-retail-bronze-jds-42/bronze/events/ingestion_date=2025-10-15/ingestion_time=00:00:02/events.jsonl
2025-10-16 00:20:01,267 INFO ✅ S3 write ok: events/ingestion_date=2025-10-15/ingestion_time=00:00:02/events.jsonl
SUCCESS: Data generation completed
=== [2025-10-16 00:20:01] Completion status: 0 ===

Environment loaded from /home/ubuntu/avosoft_retail/.env
Running data generator for 2025-10-16...
2025-10-16 04:00:11,311 INFO DEBUG SETTINGS -> users=50, orders=750, events=5000
2025-10-16 04:00:12,467 INFO [2025-10-15] Inserted 50 new users ✅
2025-10-16 04:00:20,836 INFO [2025-10-15] Inserted 750 orders ✅
2025-10-16 04:19:50,582 INFO [2025-10-15] Inserted 760 order_items ✅
2025-10-16 04:19:51,565 INFO [2025-10-15] Inserted 750 payments ✅
2025-10-16 04:19:57,803 INFO Generated | users=50 products=5 orders=750 items=760 paid=476 events=5503
Successfully uploaded to s3://avosoft-retail-bronze-jds-42/bronze/users/ingestion_date=2025-10-15/ingestion_time=04:00:02/users.jsonl
2025-10-16 04:19:59,304 INFO ✅ S3 write ok: users/ingestion_date=2025-10-15/ingestion_time=04:00:02/users.jsonl
Successfully uploaded to s3://avosoft-retail-bronze-jds-42/bronze/products/ingestion_date=2025-10-15/ingestion_time=04:00:02/products.jsonl
2025-10-16 04:19:59,612 INFO ✅ S3 write ok: products/ingestion_date=2025-10-15/ingestion_time=04:00:02/products.jsonl
Successfully uploaded to s3://avosoft-retail-bronze-jds-42/bronze/distribution_centers/ingestion_date=2025-10-15/ingestion_time=04:00:02/dcs.jsonl
2025-10-16 04:19:59,912 INFO ✅ S3 write ok: distribution_centers/ingestion_date=2025-10-15/ingestion_time=04:00:02/dcs.jsonl
2025-10-16 04:19:59,912 WARNING Failed to write s3 bronze inventory/ingestion_date=2025-10-15/ingestion_time=04:00:02/inventory.jsonl: Object of type Decimal is not JSON serializable
Successfully uploaded to s3://avosoft-retail-bronze-jds-42/bronze/orders/ingestion_date=2025-10-15/ingestion_time=04:00:02/orders.jsonl
2025-10-16 04:20:01,086 INFO ✅ S3 write ok: orders/ingestion_date=2025-10-15/ingestion_time=04:00:02/orders.jsonl
Successfully uploaded to s3://avosoft-retail-bronze-jds-42/bronze/order_items/ingestion_date=2025-10-15/ingestion_time=04:00:02/order_items.jsonl
2025-10-16 04:20:02,285 INFO ✅ S3 write ok: order_items/ingestion_date=2025-10-15/ingestion_time=04:00:02/order_items.jsonl
Successfully uploaded to s3://avosoft-retail-bronze-jds-42/bronze/payments/ingestion_date=2025-10-15/ingestion_time=04:00:02/payments.jsonl
2025-10-16 04:20:02,639 INFO ✅ S3 write ok: payments/ingestion_date=2025-10-15/ingestion_time=04:00:02/payments.jsonl
Successfully uploaded to s3://avosoft-retail-bronze-jds-42/bronze/events/ingestion_date=2025-10-15/ingestion_time=04:00:02/events.jsonl
2025-10-16 04:20:03,929 INFO ✅ S3 write ok: events/ingestion_date=2025-10-15/ingestion_time=04:00:02/events.jsonl
SUCCESS: Data generation completed
=== [2025-10-16 04:20:04] Completion status: 0 ===

Environment loaded from /home/ubuntu/avosoft_retail/.env
Running data generator for 2025-10-16...
2025-10-16 08:00:11,049 INFO DEBUG SETTINGS -> users=50, orders=750, events=5000
2025-10-16 08:00:12,210 INFO [2025-10-15] Inserted 50 new users ✅
2025-10-16 08:00:25,687 INFO [2025-10-15] Inserted 750 orders ✅
2025-10-16 08:19:55,573 INFO [2025-10-15] Inserted 755 order_items ✅
2025-10-16 08:19:56,532 INFO [2025-10-15] Inserted 750 payments ✅
2025-10-16 08:20:02,637 INFO Generated | users=50 products=5 orders=750 items=755 paid=469 events=5496
Successfully uploaded to s3://avosoft-retail-bronze-jds-42/bronze/users/ingestion_date=2025-10-15/ingestion_time=08:00:01/users.jsonl
2025-10-16 08:20:04,459 INFO ✅ S3 write ok: users/ingestion_date=2025-10-15/ingestion_time=08:00:01/users.jsonl
Successfully uploaded to s3://avosoft-retail-bronze-jds-42/bronze/products/ingestion_date=2025-10-15/ingestion_time=08:00:01/products.jsonl
2025-10-16 08:20:04,763 INFO ✅ S3 write ok: products/ingestion_date=2025-10-15/ingestion_time=08:00:01/products.jsonl
Successfully uploaded to s3://avosoft-retail-bronze-jds-42/bronze/distribution_centers/ingestion_date=2025-10-15/ingestion_time=08:00:01/dcs.jsonl
2025-10-16 08:20:05,066 INFO ✅ S3 write ok: distribution_centers/ingestion_date=2025-10-15/ingestion_time=08:00:01/dcs.jsonl
2025-10-16 08:20:05,067 WARNING Failed to write s3 bronze inventory/ingestion_date=2025-10-15/ingestion_time=08:00:01/inventory.jsonl: Object of type Decimal is not JSON serializable
Successfully uploaded to s3://avosoft-retail-bronze-jds-42/bronze/orders/ingestion_date=2025-10-15/ingestion_time=08:00:01/orders.jsonl
2025-10-16 08:20:06,279 INFO ✅ S3 write ok: orders/ingestion_date=2025-10-15/ingestion_time=08:00:01/orders.jsonl
Successfully uploaded to s3://avosoft-retail-bronze-jds-42/bronze/order_items/ingestion_date=2025-10-15/ingestion_time=08:00:01/order_items.jsonl
2025-10-16 08:20:07,492 INFO ✅ S3 write ok: order_items/ingestion_date=2025-10-15/ingestion_time=08:00:01/order_items.jsonl
Successfully uploaded to s3://avosoft-retail-bronze-jds-42/bronze/payments/ingestion_date=2025-10-15/ingestion_time=08:00:01/payments.jsonl
2025-10-16 08:20:07,840 INFO ✅ S3 write ok: payments/ingestion_date=2025-10-15/ingestion_time=08:00:01/payments.jsonl
Successfully uploaded to s3://avosoft-retail-bronze-jds-42/bronze/events/ingestion_date=2025-10-15/ingestion_time=08:00:01/events.jsonl
2025-10-16 08:20:09,136 INFO ✅ S3 write ok: events/ingestion_date=2025-10-15/ingestion_time=08:00:01/events.jsonl
SUCCESS: Data generation completed
=== [2025-10-16 08:20:09] Completion status: 0 ===

Environment loaded from /home/ubuntu/avosoft_retail/.env
Running data generator for 2025-10-16...
2025-10-16 12:00:11,225 INFO DEBUG SETTINGS -> users=50, orders=750, events=5000
2025-10-16 12:00:12,388 INFO [2025-10-15] Inserted 50 new users ✅
2025-10-16 12:00:23,293 INFO [2025-10-15] Inserted 750 orders ✅
2025-10-16 12:19:51,273 INFO [2025-10-15] Inserted 756 order_items ✅
2025-10-16 12:19:52,252 INFO [2025-10-15] Inserted 750 payments ✅
2025-10-16 12:19:58,230 INFO Generated | users=50 products=5 orders=750 items=756 paid=457 events=5484
Successfully uploaded to s3://avosoft-retail-bronze-jds-42/bronze/users/ingestion_date=2025-10-15/ingestion_time=12:00:02/users.jsonl
2025-10-16 12:19:59,767 INFO ✅ S3 write ok: users/ingestion_date=2025-10-15/ingestion_time=12:00:02/users.jsonl
Successfully uploaded to s3://avosoft-retail-bronze-jds-42/bronze/products/ingestion_date=2025-10-15/ingestion_time=12:00:02/products.jsonl
2025-10-16 12:20:00,071 INFO ✅ S3 write ok: products/ingestion_date=2025-10-15/ingestion_time=12:00:02/products.jsonl
Successfully uploaded to s3://avosoft-retail-bronze-jds-42/bronze/distribution_centers/ingestion_date=2025-10-15/ingestion_time=12:00:02/dcs.jsonl
2025-10-16 12:20:00,377 INFO ✅ S3 write ok: distribution_centers/ingestion_date=2025-10-15/ingestion_time=12:00:02/dcs.jsonl
2025-10-16 12:20:00,377 WARNING Failed to write s3 bronze inventory/ingestion_date=2025-10-15/ingestion_time=12:00:02/inventory.jsonl: Object of type Decimal is not JSON serializable
Successfully uploaded to s3://avosoft-retail-bronze-jds-42/bronze/orders/ingestion_date=2025-10-15/ingestion_time=12:00:02/orders.jsonl
2025-10-16 12:20:01,266 INFO ✅ S3 write ok: orders/ingestion_date=2025-10-15/ingestion_time=12:00:02/orders.jsonl
Successfully uploaded to s3://avosoft-retail-bronze-jds-42/bronze/order_items/ingestion_date=2025-10-15/ingestion_time=12:00:02/order_items.jsonl
2025-10-16 12:20:01,864 INFO ✅ S3 write ok: order_items/ingestion_date=2025-10-15/ingestion_time=12:00:02/order_items.jsonl
Successfully uploaded to s3://avosoft-retail-bronze-jds-42/bronze/payments/ingestion_date=2025-10-15/ingestion_time=12:00:02/payments.jsonl
2025-10-16 12:20:02,193 INFO ✅ S3 write ok: payments/ingestion_date=2025-10-15/ingestion_time=12:00:02/payments.jsonl
Successfully uploaded to s3://avosoft-retail-bronze-jds-42/bronze/events/ingestion_date=2025-10-15/ingestion_time=12:00:02/events.jsonl
2025-10-16 12:20:03,235 INFO ✅ S3 write ok: events/ingestion_date=2025-10-15/ingestion_time=12:00:02/events.jsonl
SUCCESS: Data generation completed
=== [2025-10-16 12:20:03] Completion status: 0 ===

Environment loaded from /home/ubuntu/avosoft_retail/.env
Running data generator for 2025-10-16...
2025-10-16 16:00:11,046 INFO DEBUG SETTINGS -> users=50, orders=750, events=5000
2025-10-16 16:00:12,204 INFO [2025-10-15] Inserted 50 new users ✅
2025-10-16 16:00:27,333 INFO [2025-10-15] Inserted 750 orders ✅
2025-10-16 16:19:33,812 INFO [2025-10-15] Inserted 750 order_items ✅
2025-10-16 16:19:34,783 INFO [2025-10-15] Inserted 750 payments ✅
2025-10-16 16:19:40,834 INFO Generated | users=50 products=5 orders=750 items=750 paid=466 events=5493
Successfully uploaded to s3://avosoft-retail-bronze-jds-42/bronze/users/ingestion_date=2025-10-15/ingestion_time=16:00:02/users.jsonl
2025-10-16 16:19:42,361 INFO ✅ S3 write ok: users/ingestion_date=2025-10-15/ingestion_time=16:00:02/users.jsonl
Successfully uploaded to s3://avosoft-retail-bronze-jds-42/bronze/products/ingestion_date=2025-10-15/ingestion_time=16:00:02/products.jsonl
2025-10-16 16:19:42,663 INFO ✅ S3 write ok: products/ingestion_date=2025-10-15/ingestion_time=16:00:02/products.jsonl
Successfully uploaded to s3://avosoft-retail-bronze-jds-42/bronze/distribution_centers/ingestion_date=2025-10-15/ingestion_time=16:00:02/dcs.jsonl
2025-10-16 16:19:42,964 INFO ✅ S3 write ok: distribution_centers/ingestion_date=2025-10-15/ingestion_time=16:00:02/dcs.jsonl
2025-10-16 16:19:42,964 WARNING Failed to write s3 bronze inventory/ingestion_date=2025-10-15/ingestion_time=16:00:02/inventory.jsonl: Object of type Decimal is not JSON serializable
Successfully uploaded to s3://avosoft-retail-bronze-jds-42/bronze/orders/ingestion_date=2025-10-15/ingestion_time=16:00:02/orders.jsonl
2025-10-16 16:19:44,147 INFO ✅ S3 write ok: orders/ingestion_date=2025-10-15/ingestion_time=16:00:02/orders.jsonl
Successfully uploaded to s3://avosoft-retail-bronze-jds-42/bronze/order_items/ingestion_date=2025-10-15/ingestion_time=16:00:02/order_items.jsonl
2025-10-16 16:19:45,045 INFO ✅ S3 write ok: order_items/ingestion_date=2025-10-15/ingestion_time=16:00:02/order_items.jsonl
Successfully uploaded to s3://avosoft-retail-bronze-jds-42/bronze/payments/ingestion_date=2025-10-15/ingestion_time=16:00:02/payments.jsonl
2025-10-16 16:19:45,393 INFO ✅ S3 write ok: payments/ingestion_date=2025-10-15/ingestion_time=16:00:02/payments.jsonl
Successfully uploaded to s3://avosoft-retail-bronze-jds-42/bronze/events/ingestion_date=2025-10-15/ingestion_time=16:00:02/events.jsonl
2025-10-16 16:19:46,695 INFO ✅ S3 write ok: events/ingestion_date=2025-10-15/ingestion_time=16:00:02/events.jsonl
SUCCESS: Data generation completed
=== [2025-10-16 16:19:46] Completion status: 0 ===

Environment loaded from /home/ubuntu/avosoft_retail/.env
Running data generator for 2025-10-16...
2025-10-16 20:00:11,264 INFO DEBUG SETTINGS -> users=50, orders=750, events=5000
2025-10-16 20:00:12,466 INFO [2025-10-15] Inserted 50 new users ✅
2025-10-16 20:00:26,782 INFO [2025-10-15] Inserted 750 orders ✅
2025-10-16 20:19:49,907 INFO [2025-10-15] Inserted 747 order_items ✅
2025-10-16 20:19:50,872 INFO [2025-10-15] Inserted 750 payments ✅
2025-10-16 20:19:57,100 INFO Generated | users=50 products=5 orders=750 items=747 paid=455 events=5482
Successfully uploaded to s3://avosoft-retail-bronze-jds-42/bronze/users/ingestion_date=2025-10-15/ingestion_time=20:00:02/users.jsonl
2025-10-16 20:19:58,655 INFO ✅ S3 write ok: users/ingestion_date=2025-10-15/ingestion_time=20:00:02/users.jsonl
Successfully uploaded to s3://avosoft-retail-bronze-jds-42/bronze/products/ingestion_date=2025-10-15/ingestion_time=20:00:02/products.jsonl
2025-10-16 20:19:58,961 INFO ✅ S3 write ok: products/ingestion_date=2025-10-15/ingestion_time=20:00:02/products.jsonl
Successfully uploaded to s3://avosoft-retail-bronze-jds-42/bronze/distribution_centers/ingestion_date=2025-10-15/ingestion_time=20:00:02/dcs.jsonl
2025-10-16 20:19:59,264 INFO ✅ S3 write ok: distribution_centers/ingestion_date=2025-10-15/ingestion_time=20:00:02/dcs.jsonl
2025-10-16 20:19:59,264 WARNING Failed to write s3 bronze inventory/ingestion_date=2025-10-15/ingestion_time=20:00:02/inventory.jsonl: Object of type Decimal is not JSON serializable
Successfully uploaded to s3://avosoft-retail-bronze-jds-42/bronze/orders/ingestion_date=2025-10-15/ingestion_time=20:00:02/orders.jsonl
2025-10-16 20:20:00,399 INFO ✅ S3 write ok: orders/ingestion_date=2025-10-15/ingestion_time=20:00:02/orders.jsonl
Successfully uploaded to s3://avosoft-retail-bronze-jds-42/bronze/order_items/ingestion_date=2025-10-15/ingestion_time=20:00:02/order_items.jsonl
2025-10-16 20:20:01,575 INFO ✅ S3 write ok: order_items/ingestion_date=2025-10-15/ingestion_time=20:00:02/order_items.jsonl
Successfully uploaded to s3://avosoft-retail-bronze-jds-42/bronze/payments/ingestion_date=2025-10-15/ingestion_time=20:00:02/payments.jsonl
2025-10-16 20:20:01,958 INFO ✅ S3 write ok: payments/ingestion_date=2025-10-15/ingestion_time=20:00:02/payments.jsonl
Successfully uploaded to s3://avosoft-retail-bronze-jds-42/bronze/events/ingestion_date=2025-10-15/ingestion_time=20:00:02/events.jsonl
2025-10-16 20:20:03,243 INFO ✅ S3 write ok: events/ingestion_date=2025-10-15/ingestion_time=20:00:02/events.jsonl
SUCCESS: Data generation completed
=== [2025-10-16 20:20:03] Completion status: 0 ===

Environment loaded from /home/ubuntu/avosoft_retail/.env
Running data generator for 2025-10-17...
2025-10-17 00:00:11,197 INFO DEBUG SETTINGS -> users=50, orders=750, events=5000
2025-10-17 00:00:12,373 INFO [2025-10-16] Inserted 50 new users ✅
2025-10-17 00:00:24,154 INFO [2025-10-16] Inserted 750 orders ✅
2025-10-17 00:19:46,379 INFO [2025-10-16] Inserted 745 order_items ✅
2025-10-17 00:19:47,350 INFO [2025-10-16] Inserted 750 payments ✅
2025-10-17 00:19:53,423 INFO Generated | users=50 products=5 orders=750 items=745 paid=465 events=5492
Successfully uploaded to s3://avosoft-retail-bronze-jds-42/bronze/users/ingestion_date=2025-10-16/ingestion_time=00:00:02/users.jsonl
2025-10-17 00:19:55,049 INFO ✅ S3 write ok: users/ingestion_date=2025-10-16/ingestion_time=00:00:02/users.jsonl
Successfully uploaded to s3://avosoft-retail-bronze-jds-42/bronze/products/ingestion_date=2025-10-16/ingestion_time=00:00:02/products.jsonl
2025-10-17 00:19:55,347 INFO ✅ S3 write ok: products/ingestion_date=2025-10-16/ingestion_time=00:00:02/products.jsonl
Successfully uploaded to s3://avosoft-retail-bronze-jds-42/bronze/distribution_centers/ingestion_date=2025-10-16/ingestion_time=00:00:02/dcs.jsonl
2025-10-17 00:19:55,646 INFO ✅ S3 write ok: distribution_centers/ingestion_date=2025-10-16/ingestion_time=00:00:02/dcs.jsonl
2025-10-17 00:19:55,646 WARNING Failed to write s3 bronze inventory/ingestion_date=2025-10-16/ingestion_time=00:00:02/inventory.jsonl: Object of type Decimal is not JSON serializable
Successfully uploaded to s3://avosoft-retail-bronze-jds-42/bronze/orders/ingestion_date=2025-10-16/ingestion_time=00:00:02/orders.jsonl
2025-10-17 00:19:56,526 INFO ✅ S3 write ok: orders/ingestion_date=2025-10-16/ingestion_time=00:00:02/orders.jsonl
Successfully uploaded to s3://avosoft-retail-bronze-jds-42/bronze/order_items/ingestion_date=2025-10-16/ingestion_time=00:00:02/order_items.jsonl
2025-10-17 00:19:57,105 INFO ✅ S3 write ok: order_items/ingestion_date=2025-10-16/ingestion_time=00:00:02/order_items.jsonl
Successfully uploaded to s3://avosoft-retail-bronze-jds-42/bronze/payments/ingestion_date=2025-10-16/ingestion_time=00:00:02/payments.jsonl
2025-10-17 00:19:57,439 INFO ✅ S3 write ok: payments/ingestion_date=2025-10-16/ingestion_time=00:00:02/payments.jsonl
Successfully uploaded to s3://avosoft-retail-bronze-jds-42/bronze/events/ingestion_date=2025-10-16/ingestion_time=00:00:02/events.jsonl
2025-10-17 00:19:58,409 INFO ✅ S3 write ok: events/ingestion_date=2025-10-16/ingestion_time=00:00:02/events.jsonl
SUCCESS: Data generation completed
=== [2025-10-17 00:19:58] Completion status: 0 ===

Environment loaded from /home/ubuntu/avosoft_retail/.env
Running data generator for 2025-10-17...
2025-10-17 04:00:11,412 INFO DEBUG SETTINGS -> users=50, orders=750, events=5000
2025-10-17 04:00:12,575 INFO [2025-10-16] Inserted 50 new users ✅
2025-10-17 04:00:25,166 INFO [2025-10-16] Inserted 750 orders ✅
2025-10-17 04:19:46,848 INFO [2025-10-16] Inserted 738 order_items ✅
2025-10-17 04:19:47,830 INFO [2025-10-16] Inserted 750 payments ✅
2025-10-17 04:19:54,007 INFO Generated | users=50 products=5 orders=750 items=738 paid=457 events=5484
Successfully uploaded to s3://avosoft-retail-bronze-jds-42/bronze/users/ingestion_date=2025-10-16/ingestion_time=04:00:02/users.jsonl
2025-10-17 04:19:55,783 INFO ✅ S3 write ok: users/ingestion_date=2025-10-16/ingestion_time=04:00:02/users.jsonl
Successfully uploaded to s3://avosoft-retail-bronze-jds-42/bronze/products/ingestion_date=2025-10-16/ingestion_time=04:00:02/products.jsonl
2025-10-17 04:19:56,085 INFO ✅ S3 write ok: products/ingestion_date=2025-10-16/ingestion_time=04:00:02/products.jsonl
Successfully uploaded to s3://avosoft-retail-bronze-jds-42/bronze/distribution_centers/ingestion_date=2025-10-16/ingestion_time=04:00:02/dcs.jsonl
2025-10-17 04:19:56,387 INFO ✅ S3 write ok: distribution_centers/ingestion_date=2025-10-16/ingestion_time=04:00:02/dcs.jsonl
2025-10-17 04:19:56,387 WARNING Failed to write s3 bronze inventory/ingestion_date=2025-10-16/ingestion_time=04:00:02/inventory.jsonl: Object of type Decimal is not JSON serializable
Successfully uploaded to s3://avosoft-retail-bronze-jds-42/bronze/orders/ingestion_date=2025-10-16/ingestion_time=04:00:02/orders.jsonl
2025-10-17 04:19:57,543 INFO ✅ S3 write ok: orders/ingestion_date=2025-10-16/ingestion_time=04:00:02/orders.jsonl
Successfully uploaded to s3://avosoft-retail-bronze-jds-42/bronze/order_items/ingestion_date=2025-10-16/ingestion_time=04:00:02/order_items.jsonl
2025-10-17 04:19:58,432 INFO ✅ S3 write ok: order_items/ingestion_date=2025-10-16/ingestion_time=04:00:02/order_items.jsonl
Successfully uploaded to s3://avosoft-retail-bronze-jds-42/bronze/payments/ingestion_date=2025-10-16/ingestion_time=04:00:02/payments.jsonl
2025-10-17 04:19:58,789 INFO ✅ S3 write ok: payments/ingestion_date=2025-10-16/ingestion_time=04:00:02/payments.jsonl
Successfully uploaded to s3://avosoft-retail-bronze-jds-42/bronze/events/ingestion_date=2025-10-16/ingestion_time=04:00:02/events.jsonl
2025-10-17 04:19:59,839 INFO ✅ S3 write ok: events/ingestion_date=2025-10-16/ingestion_time=04:00:02/events.jsonl
SUCCESS: Data generation completed
=== [2025-10-17 04:20:00] Completion status: 0 ===

Environment loaded from /home/ubuntu/avosoft_retail/.env
Running data generator for 2025-10-17...
2025-10-17 08:00:11,833 INFO DEBUG SETTINGS -> users=50, orders=750, events=5000
2025-10-17 08:00:13,009 INFO [2025-10-16] Inserted 50 new users ✅
2025-10-17 08:00:26,378 INFO [2025-10-16] Inserted 750 orders ✅
2025-10-17 08:19:35,504 INFO [2025-10-16] Inserted 733 order_items ✅
2025-10-17 08:19:36,486 INFO [2025-10-16] Inserted 750 payments ✅
2025-10-17 08:19:42,607 INFO Generated | users=50 products=5 orders=750 items=733 paid=467 events=5494
Successfully uploaded to s3://avosoft-retail-bronze-jds-42/bronze/users/ingestion_date=2025-10-16/ingestion_time=08:00:02/users.jsonl
2025-10-17 08:19:43,855 INFO ✅ S3 write ok: users/ingestion_date=2025-10-16/ingestion_time=08:00:02/users.jsonl
Successfully uploaded to s3://avosoft-retail-bronze-jds-42/bronze/products/ingestion_date=2025-10-16/ingestion_time=08:00:02/products.jsonl
2025-10-17 08:19:44,152 INFO ✅ S3 write ok: products/ingestion_date=2025-10-16/ingestion_time=08:00:02/products.jsonl
Successfully uploaded to s3://avosoft-retail-bronze-jds-42/bronze/distribution_centers/ingestion_date=2025-10-16/ingestion_time=08:00:02/dcs.jsonl
2025-10-17 08:19:44,452 INFO ✅ S3 write ok: distribution_centers/ingestion_date=2025-10-16/ingestion_time=08:00:02/dcs.jsonl
2025-10-17 08:19:44,452 WARNING Failed to write s3 bronze inventory/ingestion_date=2025-10-16/ingestion_time=08:00:02/inventory.jsonl: Object of type Decimal is not JSON serializable
Successfully uploaded to s3://avosoft-retail-bronze-jds-42/bronze/orders/ingestion_date=2025-10-16/ingestion_time=08:00:02/orders.jsonl
2025-10-17 08:19:45,583 INFO ✅ S3 write ok: orders/ingestion_date=2025-10-16/ingestion_time=08:00:02/orders.jsonl
Successfully uploaded to s3://avosoft-retail-bronze-jds-42/bronze/order_items/ingestion_date=2025-10-16/ingestion_time=08:00:02/order_items.jsonl
2025-10-17 08:19:46,728 INFO ✅ S3 write ok: order_items/ingestion_date=2025-10-16/ingestion_time=08:00:02/order_items.jsonl
Successfully uploaded to s3://avosoft-retail-bronze-jds-42/bronze/payments/ingestion_date=2025-10-16/ingestion_time=08:00:02/payments.jsonl
2025-10-17 08:19:47,083 INFO ✅ S3 write ok: payments/ingestion_date=2025-10-16/ingestion_time=08:00:02/payments.jsonl
Successfully uploaded to s3://avosoft-retail-bronze-jds-42/bronze/events/ingestion_date=2025-10-16/ingestion_time=08:00:02/events.jsonl
2025-10-17 08:19:48,361 INFO ✅ S3 write ok: events/ingestion_date=2025-10-16/ingestion_time=08:00:02/events.jsonl
SUCCESS: Data generation completed
=== [2025-10-17 08:19:48] Completion status: 0 ===

Environment loaded from /home/ubuntu/avosoft_retail/.env
Running data generator for 2025-10-17...
2025-10-17 12:00:10,942 INFO DEBUG SETTINGS -> users=50, orders=750, events=5000
2025-10-17 12:00:12,104 INFO [2025-10-16] Inserted 50 new users ✅
2025-10-17 12:00:23,887 INFO [2025-10-16] Inserted 750 orders ✅
2025-10-17 12:19:37,348 INFO [2025-10-16] Inserted 733 order_items ✅
2025-10-17 12:19:38,322 INFO [2025-10-16] Inserted 750 payments ✅
2025-10-17 12:19:44,532 INFO Generated | users=50 products=5 orders=750 items=733 paid=464 events=5491
Successfully uploaded to s3://avosoft-retail-bronze-jds-42/bronze/users/ingestion_date=2025-10-16/ingestion_time=12:00:02/users.jsonl
2025-10-17 12:19:46,067 INFO ✅ S3 write ok: users/ingestion_date=2025-10-16/ingestion_time=12:00:02/users.jsonl
Successfully uploaded to s3://avosoft-retail-bronze-jds-42/bronze/products/ingestion_date=2025-10-16/ingestion_time=12:00:02/products.jsonl
2025-10-17 12:19:46,368 INFO ✅ S3 write ok: products/ingestion_date=2025-10-16/ingestion_time=12:00:02/products.jsonl
Successfully uploaded to s3://avosoft-retail-bronze-jds-42/bronze/distribution_centers/ingestion_date=2025-10-16/ingestion_time=12:00:02/dcs.jsonl
2025-10-17 12:19:46,667 INFO ✅ S3 write ok: distribution_centers/ingestion_date=2025-10-16/ingestion_time=12:00:02/dcs.jsonl
2025-10-17 12:19:46,668 WARNING Failed to write s3 bronze inventory/ingestion_date=2025-10-16/ingestion_time=12:00:02/inventory.jsonl: Object of type Decimal is not JSON serializable
Successfully uploaded to s3://avosoft-retail-bronze-jds-42/bronze/orders/ingestion_date=2025-10-16/ingestion_time=12:00:02/orders.jsonl
2025-10-17 12:19:47,549 INFO ✅ S3 write ok: orders/ingestion_date=2025-10-16/ingestion_time=12:00:02/orders.jsonl
Successfully uploaded to s3://avosoft-retail-bronze-jds-42/bronze/order_items/ingestion_date=2025-10-16/ingestion_time=12:00:02/order_items.jsonl
2025-10-17 12:19:48,162 INFO ✅ S3 write ok: order_items/ingestion_date=2025-10-16/ingestion_time=12:00:02/order_items.jsonl
Successfully uploaded to s3://avosoft-retail-bronze-jds-42/bronze/payments/ingestion_date=2025-10-16/ingestion_time=12:00:02/payments.jsonl
2025-10-17 12:19:48,527 INFO ✅ S3 write ok: payments/ingestion_date=2025-10-16/ingestion_time=12:00:02/payments.jsonl
Successfully uploaded to s3://avosoft-retail-bronze-jds-42/bronze/events/ingestion_date=2025-10-16/ingestion_time=12:00:02/events.jsonl
2025-10-17 12:19:49,527 INFO ✅ S3 write ok: events/ingestion_date=2025-10-16/ingestion_time=12:00:02/events.jsonl
SUCCESS: Data generation completed
=== [2025-10-17 12:19:49] Completion status: 0 ===

Environment loaded from /home/ubuntu/avosoft_retail/.env
Running data generator for 2025-10-17...
2025-10-17 16:00:11,414 INFO DEBUG SETTINGS -> users=50, orders=750, events=5000
2025-10-17 16:00:12,570 INFO [2025-10-16] Inserted 50 new users ✅
2025-10-17 16:00:27,754 INFO [2025-10-16] Inserted 750 orders ✅
2025-10-17 16:19:26,912 INFO [2025-10-16] Inserted 722 order_items ✅
2025-10-17 16:19:27,883 INFO [2025-10-16] Inserted 750 payments ✅
2025-10-17 16:19:34,034 INFO Generated | users=50 products=5 orders=750 items=722 paid=448 events=5474
Successfully uploaded to s3://avosoft-retail-bronze-jds-42/bronze/users/ingestion_date=2025-10-16/ingestion_time=16:00:02/users.jsonl
2025-10-17 16:19:35,568 INFO ✅ S3 write ok: users/ingestion_date=2025-10-16/ingestion_time=16:00:02/users.jsonl
Successfully uploaded to s3://avosoft-retail-bronze-jds-42/bronze/products/ingestion_date=2025-10-16/ingestion_time=16:00:02/products.jsonl
2025-10-17 16:19:35,875 INFO ✅ S3 write ok: products/ingestion_date=2025-10-16/ingestion_time=16:00:02/products.jsonl
Successfully uploaded to s3://avosoft-retail-bronze-jds-42/bronze/distribution_centers/ingestion_date=2025-10-16/ingestion_time=16:00:02/dcs.jsonl
2025-10-17 16:19:36,183 INFO ✅ S3 write ok: distribution_centers/ingestion_date=2025-10-16/ingestion_time=16:00:02/dcs.jsonl
2025-10-17 16:19:36,183 WARNING Failed to write s3 bronze inventory/ingestion_date=2025-10-16/ingestion_time=16:00:02/inventory.jsonl: Object of type Decimal is not JSON serializable
Successfully uploaded to s3://avosoft-retail-bronze-jds-42/bronze/orders/ingestion_date=2025-10-16/ingestion_time=16:00:02/orders.jsonl
2025-10-17 16:19:37,322 INFO ✅ S3 write ok: orders/ingestion_date=2025-10-16/ingestion_time=16:00:02/orders.jsonl
Successfully uploaded to s3://avosoft-retail-bronze-jds-42/bronze/order_items/ingestion_date=2025-10-16/ingestion_time=16:00:02/order_items.jsonl
2025-10-17 16:19:38,495 INFO ✅ S3 write ok: order_items/ingestion_date=2025-10-16/ingestion_time=16:00:02/order_items.jsonl
Successfully uploaded to s3://avosoft-retail-bronze-jds-42/bronze/payments/ingestion_date=2025-10-16/ingestion_time=16:00:02/payments.jsonl
2025-10-17 16:19:38,863 INFO ✅ S3 write ok: payments/ingestion_date=2025-10-16/ingestion_time=16:00:02/payments.jsonl
Successfully uploaded to s3://avosoft-retail-bronze-jds-42/bronze/events/ingestion_date=2025-10-16/ingestion_time=16:00:02/events.jsonl
2025-10-17 16:19:40,209 INFO ✅ S3 write ok: events/ingestion_date=2025-10-16/ingestion_time=16:00:02/events.jsonl
SUCCESS: Data generation completed
=== [2025-10-17 16:19:40] Completion status: 0 ===

Environment loaded from /home/ubuntu/avosoft_retail/.env
Running data generator for 2025-10-17...
2025-10-17 20:00:10,809 INFO DEBUG SETTINGS -> users=50, orders=750, events=5000
2025-10-17 20:00:11,965 INFO [2025-10-16] Inserted 50 new users ✅
2025-10-17 20:00:30,482 INFO [2025-10-16] Inserted 750 orders ✅
2025-10-17 20:19:22,249 INFO [2025-10-16] Inserted 719 order_items ✅
2025-10-17 20:19:23,241 INFO [2025-10-16] Inserted 750 payments ✅
2025-10-17 20:19:29,442 INFO Generated | users=50 products=5 orders=750 items=719 paid=460 events=5486
Successfully uploaded to s3://avosoft-retail-bronze-jds-42/bronze/users/ingestion_date=2025-10-16/ingestion_time=20:00:02/users.jsonl
2025-10-17 20:19:30,974 INFO ✅ S3 write ok: users/ingestion_date=2025-10-16/ingestion_time=20:00:02/users.jsonl
Successfully uploaded to s3://avosoft-retail-bronze-jds-42/bronze/products/ingestion_date=2025-10-16/ingestion_time=20:00:02/products.jsonl
2025-10-17 20:19:31,271 INFO ✅ S3 write ok: products/ingestion_date=2025-10-16/ingestion_time=20:00:02/products.jsonl
Successfully uploaded to s3://avosoft-retail-bronze-jds-42/bronze/distribution_centers/ingestion_date=2025-10-16/ingestion_time=20:00:02/dcs.jsonl
2025-10-17 20:19:31,596 INFO ✅ S3 write ok: distribution_centers/ingestion_date=2025-10-16/ingestion_time=20:00:02/dcs.jsonl
2025-10-17 20:19:31,596 WARNING Failed to write s3 bronze inventory/ingestion_date=2025-10-16/ingestion_time=20:00:02/inventory.jsonl: Object of type Decimal is not JSON serializable
Successfully uploaded to s3://avosoft-retail-bronze-jds-42/bronze/orders/ingestion_date=2025-10-16/ingestion_time=20:00:02/orders.jsonl
2025-10-17 20:19:32,706 INFO ✅ S3 write ok: orders/ingestion_date=2025-10-16/ingestion_time=20:00:02/orders.jsonl
Successfully uploaded to s3://avosoft-retail-bronze-jds-42/bronze/order_items/ingestion_date=2025-10-16/ingestion_time=20:00:02/order_items.jsonl
2025-10-17 20:19:33,871 INFO ✅ S3 write ok: order_items/ingestion_date=2025-10-16/ingestion_time=20:00:02/order_items.jsonl
Successfully uploaded to s3://avosoft-retail-bronze-jds-42/bronze/payments/ingestion_date=2025-10-16/ingestion_time=20:00:02/payments.jsonl
2025-10-17 20:19:34,220 INFO ✅ S3 write ok: payments/ingestion_date=2025-10-16/ingestion_time=20:00:02/payments.jsonl
Successfully uploaded to s3://avosoft-retail-bronze-jds-42/bronze/events/ingestion_date=2025-10-16/ingestion_time=20:00:02/events.jsonl
2025-10-17 20:19:35,479 INFO ✅ S3 write ok: events/ingestion_date=2025-10-16/ingestion_time=20:00:02/events.jsonl
SUCCESS: Data generation completed
=== [2025-10-17 20:19:35] Completion status: 0 ===

Environment loaded from /home/ubuntu/avosoft_retail/.env
Running data generator for 2025-10-18...
2025-10-18 00:00:11,903 INFO DEBUG SETTINGS -> users=50, orders=750, events=5000
2025-10-18 00:00:13,043 INFO [2025-10-17] Inserted 50 new users ✅
2025-10-18 00:00:28,747 INFO [2025-10-17] Inserted 750 orders ✅
2025-10-18 00:19:05,449 INFO [2025-10-17] Inserted 722 order_items ✅
2025-10-18 00:19:06,429 INFO [2025-10-17] Inserted 750 payments ✅
2025-10-18 00:19:12,702 INFO Generated | users=50 products=5 orders=750 items=722 paid=447 events=5475
Successfully uploaded to s3://avosoft-retail-bronze-jds-42/bronze/users/ingestion_date=2025-10-17/ingestion_time=00:00:03/users.jsonl
2025-10-18 00:19:13,966 INFO ✅ S3 write ok: users/ingestion_date=2025-10-17/ingestion_time=00:00:03/users.jsonl
Successfully uploaded to s3://avosoft-retail-bronze-jds-42/bronze/products/ingestion_date=2025-10-17/ingestion_time=00:00:03/products.jsonl
2025-10-18 00:19:14,272 INFO ✅ S3 write ok: products/ingestion_date=2025-10-17/ingestion_time=00:00:03/products.jsonl
Successfully uploaded to s3://avosoft-retail-bronze-jds-42/bronze/distribution_centers/ingestion_date=2025-10-17/ingestion_time=00:00:03/dcs.jsonl
2025-10-18 00:19:14,574 INFO ✅ S3 write ok: distribution_centers/ingestion_date=2025-10-17/ingestion_time=00:00:03/dcs.jsonl
2025-10-18 00:19:14,574 WARNING Failed to write s3 bronze inventory/ingestion_date=2025-10-17/ingestion_time=00:00:03/inventory.jsonl: Object of type Decimal is not JSON serializable
Successfully uploaded to s3://avosoft-retail-bronze-jds-42/bronze/orders/ingestion_date=2025-10-17/ingestion_time=00:00:03/orders.jsonl
2025-10-18 00:19:15,748 INFO ✅ S3 write ok: orders/ingestion_date=2025-10-17/ingestion_time=00:00:03/orders.jsonl
Successfully uploaded to s3://avosoft-retail-bronze-jds-42/bronze/order_items/ingestion_date=2025-10-17/ingestion_time=00:00:03/order_items.jsonl
2025-10-18 00:19:16,938 INFO ✅ S3 write ok: order_items/ingestion_date=2025-10-17/ingestion_time=00:00:03/order_items.jsonl
Successfully uploaded to s3://avosoft-retail-bronze-jds-42/bronze/payments/ingestion_date=2025-10-17/ingestion_time=00:00:03/payments.jsonl
2025-10-18 00:19:17,286 INFO ✅ S3 write ok: payments/ingestion_date=2025-10-17/ingestion_time=00:00:03/payments.jsonl
Successfully uploaded to s3://avosoft-retail-bronze-jds-42/bronze/events/ingestion_date=2025-10-17/ingestion_time=00:00:03/events.jsonl
2025-10-18 00:19:18,587 INFO ✅ S3 write ok: events/ingestion_date=2025-10-17/ingestion_time=00:00:03/events.jsonl
SUCCESS: Data generation completed
=== [2025-10-18 00:19:18] Completion status: 0 ===

Environment loaded from /home/ubuntu/avosoft_retail/.env
Running data generator for 2025-10-18...
2025-10-18 04:00:11,506 INFO DEBUG SETTINGS -> users=50, orders=750, events=5000
2025-10-18 04:00:12,654 INFO [2025-10-17] Inserted 50 new users ✅
2025-10-18 04:00:31,061 INFO [2025-10-17] Inserted 750 orders ✅
2025-10-18 04:19:24,220 INFO [2025-10-17] Inserted 721 order_items ✅
2025-10-18 04:19:25,203 INFO [2025-10-17] Inserted 750 payments ✅
2025-10-18 04:19:31,599 INFO Generated | users=50 products=5 orders=750 items=721 paid=462 events=5490
Successfully uploaded to s3://avosoft-retail-bronze-jds-42/bronze/users/ingestion_date=2025-10-17/ingestion_time=04:00:02/users.jsonl
2025-10-18 04:19:33,096 INFO ✅ S3 write ok: users/ingestion_date=2025-10-17/ingestion_time=04:00:02/users.jsonl
Successfully uploaded to s3://avosoft-retail-bronze-jds-42/bronze/products/ingestion_date=2025-10-17/ingestion_time=04:00:02/products.jsonl
2025-10-18 04:19:33,404 INFO ✅ S3 write ok: products/ingestion_date=2025-10-17/ingestion_time=04:00:02/products.jsonl
Successfully uploaded to s3://avosoft-retail-bronze-jds-42/bronze/distribution_centers/ingestion_date=2025-10-17/ingestion_time=04:00:02/dcs.jsonl
2025-10-18 04:19:33,708 INFO ✅ S3 write ok: distribution_centers/ingestion_date=2025-10-17/ingestion_time=04:00:02/dcs.jsonl
2025-10-18 04:19:33,708 WARNING Failed to write s3 bronze inventory/ingestion_date=2025-10-17/ingestion_time=04:00:02/inventory.jsonl: Object of type Decimal is not JSON serializable
Successfully uploaded to s3://avosoft-retail-bronze-jds-42/bronze/orders/ingestion_date=2025-10-17/ingestion_time=04:00:02/orders.jsonl
2025-10-18 04:19:34,886 INFO ✅ S3 write ok: orders/ingestion_date=2025-10-17/ingestion_time=04:00:02/orders.jsonl
Successfully uploaded to s3://avosoft-retail-bronze-jds-42/bronze/order_items/ingestion_date=2025-10-17/ingestion_time=04:00:02/order_items.jsonl
2025-10-18 04:19:36,065 INFO ✅ S3 write ok: order_items/ingestion_date=2025-10-17/ingestion_time=04:00:02/order_items.jsonl
Successfully uploaded to s3://avosoft-retail-bronze-jds-42/bronze/payments/ingestion_date=2025-10-17/ingestion_time=04:00:02/payments.jsonl
2025-10-18 04:19:36,422 INFO ✅ S3 write ok: payments/ingestion_date=2025-10-17/ingestion_time=04:00:02/payments.jsonl
Successfully uploaded to s3://avosoft-retail-bronze-jds-42/bronze/events/ingestion_date=2025-10-17/ingestion_time=04:00:02/events.jsonl
2025-10-18 04:19:37,702 INFO ✅ S3 write ok: events/ingestion_date=2025-10-17/ingestion_time=04:00:02/events.jsonl
SUCCESS: Data generation completed
=== [2025-10-18 04:19:37] Completion status: 0 ===

Environment loaded from /home/ubuntu/avosoft_retail/.env
Running data generator for 2025-10-18...
2025-10-18 08:00:11,304 INFO DEBUG SETTINGS -> users=50, orders=750, events=5000
2025-10-18 08:00:12,477 INFO [2025-10-17] Inserted 50 new users ✅
2025-10-18 08:00:22,542 INFO [2025-10-17] Inserted 750 orders ✅
2025-10-18 08:19:20,100 INFO [2025-10-17] Inserted 713 order_items ✅
2025-10-18 08:19:21,093 INFO [2025-10-17] Inserted 750 payments ✅
2025-10-18 08:19:27,238 INFO Generated | users=50 products=5 orders=750 items=713 paid=462 events=5488
Successfully uploaded to s3://avosoft-retail-bronze-jds-42/bronze/users/ingestion_date=2025-10-17/ingestion_time=08:00:01/users.jsonl
2025-10-18 08:19:28,774 INFO ✅ S3 write ok: users/ingestion_date=2025-10-17/ingestion_time=08:00:01/users.jsonl
Successfully uploaded to s3://avosoft-retail-bronze-jds-42/bronze/products/ingestion_date=2025-10-17/ingestion_time=08:00:01/products.jsonl
2025-10-18 08:19:29,080 INFO ✅ S3 write ok: products/ingestion_date=2025-10-17/ingestion_time=08:00:01/products.jsonl
Successfully uploaded to s3://avosoft-retail-bronze-jds-42/bronze/distribution_centers/ingestion_date=2025-10-17/ingestion_time=08:00:01/dcs.jsonl
2025-10-18 08:19:29,381 INFO ✅ S3 write ok: distribution_centers/ingestion_date=2025-10-17/ingestion_time=08:00:01/dcs.jsonl
2025-10-18 08:19:29,381 WARNING Failed to write s3 bronze inventory/ingestion_date=2025-10-17/ingestion_time=08:00:01/inventory.jsonl: Object of type Decimal is not JSON serializable
Successfully uploaded to s3://avosoft-retail-bronze-jds-42/bronze/orders/ingestion_date=2025-10-17/ingestion_time=08:00:01/orders.jsonl
2025-10-18 08:19:30,526 INFO ✅ S3 write ok: orders/ingestion_date=2025-10-17/ingestion_time=08:00:01/orders.jsonl
Successfully uploaded to s3://avosoft-retail-bronze-jds-42/bronze/order_items/ingestion_date=2025-10-17/ingestion_time=08:00:01/order_items.jsonl
2025-10-18 08:19:31,707 INFO ✅ S3 write ok: order_items/ingestion_date=2025-10-17/ingestion_time=08:00:01/order_items.jsonl
Successfully uploaded to s3://avosoft-retail-bronze-jds-42/bronze/payments/ingestion_date=2025-10-17/ingestion_time=08:00:01/payments.jsonl
2025-10-18 08:19:32,046 INFO ✅ S3 write ok: payments/ingestion_date=2025-10-17/ingestion_time=08:00:01/payments.jsonl
Successfully uploaded to s3://avosoft-retail-bronze-jds-42/bronze/events/ingestion_date=2025-10-17/ingestion_time=08:00:01/events.jsonl
2025-10-18 08:19:33,295 INFO ✅ S3 write ok: events/ingestion_date=2025-10-17/ingestion_time=08:00:01/events.jsonl
SUCCESS: Data generation completed
=== [2025-10-18 08:19:33] Completion status: 0 ===

Environment loaded from /home/ubuntu/avosoft_retail/.env
Running data generator for 2025-10-18...
2025-10-18 12:00:11,199 INFO DEBUG SETTINGS -> users=50, orders=750, events=5000
2025-10-18 12:00:12,354 INFO [2025-10-17] Inserted 50 new users ✅
2025-10-18 12:00:23,247 INFO [2025-10-17] Inserted 750 orders ✅
2025-10-18 12:19:15,085 INFO [2025-10-17] Inserted 711 order_items ✅
2025-10-18 12:19:16,068 INFO [2025-10-17] Inserted 750 payments ✅
2025-10-18 12:19:22,215 INFO Generated | users=50 products=5 orders=750 items=711 paid=443 events=5469
Successfully uploaded to s3://avosoft-retail-bronze-jds-42/bronze/users/ingestion_date=2025-10-17/ingestion_time=12:00:02/users.jsonl
2025-10-18 12:19:23,985 INFO ✅ S3 write ok: users/ingestion_date=2025-10-17/ingestion_time=12:00:02/users.jsonl
Successfully uploaded to s3://avosoft-retail-bronze-jds-42/bronze/products/ingestion_date=2025-10-17/ingestion_time=12:00:02/products.jsonl
2025-10-18 12:19:24,288 INFO ✅ S3 write ok: products/ingestion_date=2025-10-17/ingestion_time=12:00:02/products.jsonl
Successfully uploaded to s3://avosoft-retail-bronze-jds-42/bronze/distribution_centers/ingestion_date=2025-10-17/ingestion_time=12:00:02/dcs.jsonl
2025-10-18 12:19:24,593 INFO ✅ S3 write ok: distribution_centers/ingestion_date=2025-10-17/ingestion_time=12:00:02/dcs.jsonl
2025-10-18 12:19:24,594 WARNING Failed to write s3 bronze inventory/ingestion_date=2025-10-17/ingestion_time=12:00:02/inventory.jsonl: Object of type Decimal is not JSON serializable
Successfully uploaded to s3://avosoft-retail-bronze-jds-42/bronze/orders/ingestion_date=2025-10-17/ingestion_time=12:00:02/orders.jsonl
2025-10-18 12:19:25,486 INFO ✅ S3 write ok: orders/ingestion_date=2025-10-17/ingestion_time=12:00:02/orders.jsonl
Successfully uploaded to s3://avosoft-retail-bronze-jds-42/bronze/order_items/ingestion_date=2025-10-17/ingestion_time=12:00:02/order_items.jsonl
2025-10-18 12:19:26,075 INFO ✅ S3 write ok: order_items/ingestion_date=2025-10-17/ingestion_time=12:00:02/order_items.jsonl
Successfully uploaded to s3://avosoft-retail-bronze-jds-42/bronze/payments/ingestion_date=2025-10-17/ingestion_time=12:00:02/payments.jsonl
2025-10-18 12:19:26,463 INFO ✅ S3 write ok: payments/ingestion_date=2025-10-17/ingestion_time=12:00:02/payments.jsonl
Successfully uploaded to s3://avosoft-retail-bronze-jds-42/bronze/events/ingestion_date=2025-10-17/ingestion_time=12:00:02/events.jsonl
2025-10-18 12:19:27,481 INFO ✅ S3 write ok: events/ingestion_date=2025-10-17/ingestion_time=12:00:02/events.jsonl
SUCCESS: Data generation completed
=== [2025-10-18 12:19:27] Completion status: 0 ===

Environment loaded from /home/ubuntu/avosoft_retail/.env
Running data generator for 2025-10-18...
2025-10-18 16:00:11,315 INFO DEBUG SETTINGS -> users=50, orders=750, events=5000
2025-10-18 16:00:12,460 INFO [2025-10-17] Inserted 50 new users ✅
2025-10-18 16:00:24,027 INFO [2025-10-17] Inserted 750 orders ✅
2025-10-18 16:18:48,837 INFO [2025-10-17] Inserted 708 order_items ✅
2025-10-18 16:18:49,778 INFO [2025-10-17] Inserted 750 payments ✅
2025-10-18 16:18:55,912 INFO Generated | users=50 products=5 orders=750 items=708 paid=456 events=5482
Successfully uploaded to s3://avosoft-retail-bronze-jds-42/bronze/users/ingestion_date=2025-10-17/ingestion_time=16:00:02/users.jsonl
2025-10-18 16:18:57,162 INFO ✅ S3 write ok: users/ingestion_date=2025-10-17/ingestion_time=16:00:02/users.jsonl
Successfully uploaded to s3://avosoft-retail-bronze-jds-42/bronze/products/ingestion_date=2025-10-17/ingestion_time=16:00:02/products.jsonl
2025-10-18 16:18:57,467 INFO ✅ S3 write ok: products/ingestion_date=2025-10-17/ingestion_time=16:00:02/products.jsonl
Successfully uploaded to s3://avosoft-retail-bronze-jds-42/bronze/distribution_centers/ingestion_date=2025-10-17/ingestion_time=16:00:02/dcs.jsonl
2025-10-18 16:18:57,767 INFO ✅ S3 write ok: distribution_centers/ingestion_date=2025-10-17/ingestion_time=16:00:02/dcs.jsonl
2025-10-18 16:18:57,767 WARNING Failed to write s3 bronze inventory/ingestion_date=2025-10-17/ingestion_time=16:00:02/inventory.jsonl: Object of type Decimal is not JSON serializable
Successfully uploaded to s3://avosoft-retail-bronze-jds-42/bronze/orders/ingestion_date=2025-10-17/ingestion_time=16:00:02/orders.jsonl
2025-10-18 16:18:58,947 INFO ✅ S3 write ok: orders/ingestion_date=2025-10-17/ingestion_time=16:00:02/orders.jsonl
Successfully uploaded to s3://avosoft-retail-bronze-jds-42/bronze/order_items/ingestion_date=2025-10-17/ingestion_time=16:00:02/order_items.jsonl
2025-10-18 16:19:00,079 INFO ✅ S3 write ok: order_items/ingestion_date=2025-10-17/ingestion_time=16:00:02/order_items.jsonl
Successfully uploaded to s3://avosoft-retail-bronze-jds-42/bronze/payments/ingestion_date=2025-10-17/ingestion_time=16:00:02/payments.jsonl
2025-10-18 16:19:00,418 INFO ✅ S3 write ok: payments/ingestion_date=2025-10-17/ingestion_time=16:00:02/payments.jsonl
Successfully uploaded to s3://avosoft-retail-bronze-jds-42/bronze/events/ingestion_date=2025-10-17/ingestion_time=16:00:02/events.jsonl
2025-10-18 16:19:01,717 INFO ✅ S3 write ok: events/ingestion_date=2025-10-17/ingestion_time=16:00:02/events.jsonl
SUCCESS: Data generation completed
=== [2025-10-18 16:19:01] Completion status: 0 ===

Environment loaded from /home/ubuntu/avosoft_retail/.env
Running data generator for 2025-10-18...
2025-10-18 20:00:11,505 INFO DEBUG SETTINGS -> users=50, orders=750, events=5000
2025-10-18 20:00:12,658 INFO [2025-10-17] Inserted 50 new users ✅
2025-10-18 20:00:25,220 INFO [2025-10-17] Inserted 750 orders ✅
2025-10-18 20:19:09,957 INFO [2025-10-17] Inserted 705 order_items ✅
2025-10-18 20:19:10,917 INFO [2025-10-17] Inserted 750 payments ✅
2025-10-18 20:19:17,112 INFO Generated | users=50 products=5 orders=750 items=705 paid=445 events=5472
Successfully uploaded to s3://avosoft-retail-bronze-jds-42/bronze/users/ingestion_date=2025-10-17/ingestion_time=20:00:02/users.jsonl
2025-10-18 20:19:18,663 INFO ✅ S3 write ok: users/ingestion_date=2025-10-17/ingestion_time=20:00:02/users.jsonl
Successfully uploaded to s3://avosoft-retail-bronze-jds-42/bronze/products/ingestion_date=2025-10-17/ingestion_time=20:00:02/products.jsonl
2025-10-18 20:19:18,965 INFO ✅ S3 write ok: products/ingestion_date=2025-10-17/ingestion_time=20:00:02/products.jsonl
Successfully uploaded to s3://avosoft-retail-bronze-jds-42/bronze/distribution_centers/ingestion_date=2025-10-17/ingestion_time=20:00:02/dcs.jsonl
2025-10-18 20:19:19,264 INFO ✅ S3 write ok: distribution_centers/ingestion_date=2025-10-17/ingestion_time=20:00:02/dcs.jsonl
2025-10-18 20:19:19,264 WARNING Failed to write s3 bronze inventory/ingestion_date=2025-10-17/ingestion_time=20:00:02/inventory.jsonl: Object of type Decimal is not JSON serializable
Successfully uploaded to s3://avosoft-retail-bronze-jds-42/bronze/orders/ingestion_date=2025-10-17/ingestion_time=20:00:02/orders.jsonl
2025-10-18 20:19:20,463 INFO ✅ S3 write ok: orders/ingestion_date=2025-10-17/ingestion_time=20:00:02/orders.jsonl
Successfully uploaded to s3://avosoft-retail-bronze-jds-42/bronze/order_items/ingestion_date=2025-10-17/ingestion_time=20:00:02/order_items.jsonl
2025-10-18 20:19:21,671 INFO ✅ S3 write ok: order_items/ingestion_date=2025-10-17/ingestion_time=20:00:02/order_items.jsonl
Successfully uploaded to s3://avosoft-retail-bronze-jds-42/bronze/payments/ingestion_date=2025-10-17/ingestion_time=20:00:02/payments.jsonl
2025-10-18 20:19:22,011 INFO ✅ S3 write ok: payments/ingestion_date=2025-10-17/ingestion_time=20:00:02/payments.jsonl
Successfully uploaded to s3://avosoft-retail-bronze-jds-42/bronze/events/ingestion_date=2025-10-17/ingestion_time=20:00:02/events.jsonl
2025-10-18 20:19:23,645 INFO ✅ S3 write ok: events/ingestion_date=2025-10-17/ingestion_time=20:00:02/events.jsonl
SUCCESS: Data generation completed
=== [2025-10-18 20:19:23] Completion status: 0 ===

Environment loaded from /home/ubuntu/avosoft_retail/.env
Running data generator for 2025-10-19...
2025-10-19 00:00:12,301 INFO DEBUG SETTINGS -> users=50, orders=750, events=5000
2025-10-19 00:00:13,463 INFO [2025-10-18] Inserted 50 new users ✅
2025-10-19 00:00:22,648 INFO [2025-10-18] Inserted 750 orders ✅
2025-10-19 00:19:04,712 INFO [2025-10-18] Inserted 703 order_items ✅
2025-10-19 00:19:05,724 INFO [2025-10-18] Inserted 750 payments ✅
2025-10-19 00:19:11,832 INFO Generated | users=50 products=5 orders=750 items=703 paid=448 events=5475
Successfully uploaded to s3://avosoft-retail-bronze-jds-42/bronze/users/ingestion_date=2025-10-18/ingestion_time=00:00:03/users.jsonl
2025-10-19 00:19:13,600 INFO ✅ S3 write ok: users/ingestion_date=2025-10-18/ingestion_time=00:00:03/users.jsonl
Successfully uploaded to s3://avosoft-retail-bronze-jds-42/bronze/products/ingestion_date=2025-10-18/ingestion_time=00:00:03/products.jsonl
2025-10-19 00:19:13,898 INFO ✅ S3 write ok: products/ingestion_date=2025-10-18/ingestion_time=00:00:03/products.jsonl
Successfully uploaded to s3://avosoft-retail-bronze-jds-42/bronze/distribution_centers/ingestion_date=2025-10-18/ingestion_time=00:00:03/dcs.jsonl
2025-10-19 00:19:14,196 INFO ✅ S3 write ok: distribution_centers/ingestion_date=2025-10-18/ingestion_time=00:00:03/dcs.jsonl
2025-10-19 00:19:14,196 WARNING Failed to write s3 bronze inventory/ingestion_date=2025-10-18/ingestion_time=00:00:03/inventory.jsonl: Object of type Decimal is not JSON serializable
Successfully uploaded to s3://avosoft-retail-bronze-jds-42/bronze/orders/ingestion_date=2025-10-18/ingestion_time=00:00:03/orders.jsonl
2025-10-19 00:19:15,361 INFO ✅ S3 write ok: orders/ingestion_date=2025-10-18/ingestion_time=00:00:03/orders.jsonl
Successfully uploaded to s3://avosoft-retail-bronze-jds-42/bronze/order_items/ingestion_date=2025-10-18/ingestion_time=00:00:03/order_items.jsonl
2025-10-19 00:19:16,529 INFO ✅ S3 write ok: order_items/ingestion_date=2025-10-18/ingestion_time=00:00:03/order_items.jsonl
Successfully uploaded to s3://avosoft-retail-bronze-jds-42/bronze/payments/ingestion_date=2025-10-18/ingestion_time=00:00:03/payments.jsonl
2025-10-19 00:19:16,872 INFO ✅ S3 write ok: payments/ingestion_date=2025-10-18/ingestion_time=00:00:03/payments.jsonl
Successfully uploaded to s3://avosoft-retail-bronze-jds-42/bronze/events/ingestion_date=2025-10-18/ingestion_time=00:00:03/events.jsonl
2025-10-19 00:19:18,164 INFO ✅ S3 write ok: events/ingestion_date=2025-10-18/ingestion_time=00:00:03/events.jsonl
SUCCESS: Data generation completed
=== [2025-10-19 00:19:18] Completion status: 0 ===

Environment loaded from /home/ubuntu/avosoft_retail/.env
Running data generator for 2025-10-19...
2025-10-19 04:00:11,107 INFO DEBUG SETTINGS -> users=50, orders=750, events=5000
2025-10-19 04:00:12,261 INFO [2025-10-18] Inserted 50 new users ✅
2025-10-19 04:00:23,023 INFO [2025-10-18] Inserted 750 orders ✅
2025-10-19 04:18:40,454 INFO [2025-10-18] Inserted 701 order_items ✅
2025-10-19 04:18:41,398 INFO [2025-10-18] Inserted 750 payments ✅
2025-10-19 04:18:47,436 INFO Generated | users=50 products=5 orders=750 items=701 paid=450 events=5476
Successfully uploaded to s3://avosoft-retail-bronze-jds-42/bronze/users/ingestion_date=2025-10-18/ingestion_time=04:00:02/users.jsonl
2025-10-19 04:18:49,196 INFO ✅ S3 write ok: users/ingestion_date=2025-10-18/ingestion_time=04:00:02/users.jsonl
Successfully uploaded to s3://avosoft-retail-bronze-jds-42/bronze/products/ingestion_date=2025-10-18/ingestion_time=04:00:02/products.jsonl
2025-10-19 04:18:49,503 INFO ✅ S3 write ok: products/ingestion_date=2025-10-18/ingestion_time=04:00:02/products.jsonl
Successfully uploaded to s3://avosoft-retail-bronze-jds-42/bronze/distribution_centers/ingestion_date=2025-10-18/ingestion_time=04:00:02/dcs.jsonl
2025-10-19 04:18:49,807 INFO ✅ S3 write ok: distribution_centers/ingestion_date=2025-10-18/ingestion_time=04:00:02/dcs.jsonl
2025-10-19 04:18:49,807 WARNING Failed to write s3 bronze inventory/ingestion_date=2025-10-18/ingestion_time=04:00:02/inventory.jsonl: Object of type Decimal is not JSON serializable
Successfully uploaded to s3://avosoft-retail-bronze-jds-42/bronze/orders/ingestion_date=2025-10-18/ingestion_time=04:00:02/orders.jsonl
2025-10-19 04:18:50,671 INFO ✅ S3 write ok: orders/ingestion_date=2025-10-18/ingestion_time=04:00:02/orders.jsonl
Successfully uploaded to s3://avosoft-retail-bronze-jds-42/bronze/order_items/ingestion_date=2025-10-18/ingestion_time=04:00:02/order_items.jsonl
2025-10-19 04:18:51,302 INFO ✅ S3 write ok: order_items/ingestion_date=2025-10-18/ingestion_time=04:00:02/order_items.jsonl
Successfully uploaded to s3://avosoft-retail-bronze-jds-42/bronze/payments/ingestion_date=2025-10-18/ingestion_time=04:00:02/payments.jsonl
2025-10-19 04:18:51,615 INFO ✅ S3 write ok: payments/ingestion_date=2025-10-18/ingestion_time=04:00:02/payments.jsonl
Successfully uploaded to s3://avosoft-retail-bronze-jds-42/bronze/events/ingestion_date=2025-10-18/ingestion_time=04:00:02/events.jsonl
2025-10-19 04:18:52,632 INFO ✅ S3 write ok: events/ingestion_date=2025-10-18/ingestion_time=04:00:02/events.jsonl
SUCCESS: Data generation completed
=== [2025-10-19 04:18:52] Completion status: 0 ===

Environment loaded from /home/ubuntu/avosoft_retail/.env
Running data generator for 2025-10-19...
2025-10-19 08:00:11,453 INFO DEBUG SETTINGS -> users=50, orders=750, events=5000
2025-10-19 08:00:12,591 INFO [2025-10-18] Inserted 50 new users ✅
2025-10-19 08:00:24,174 INFO [2025-10-18] Inserted 750 orders ✅
2025-10-19 08:18:43,983 INFO [2025-10-18] Inserted 700 order_items ✅
2025-10-19 08:18:44,933 INFO [2025-10-18] Inserted 750 payments ✅
2025-10-19 08:18:51,024 INFO Generated | users=50 products=5 orders=750 items=700 paid=449 events=5475
Successfully uploaded to s3://avosoft-retail-bronze-jds-42/bronze/users/ingestion_date=2025-10-18/ingestion_time=08:00:02/users.jsonl
2025-10-19 08:18:52,560 INFO ✅ S3 write ok: users/ingestion_date=2025-10-18/ingestion_time=08:00:02/users.jsonl
Successfully uploaded to s3://avosoft-retail-bronze-jds-42/bronze/products/ingestion_date=2025-10-18/ingestion_time=08:00:02/products.jsonl
2025-10-19 08:18:52,862 INFO ✅ S3 write ok: products/ingestion_date=2025-10-18/ingestion_time=08:00:02/products.jsonl
Successfully uploaded to s3://avosoft-retail-bronze-jds-42/bronze/distribution_centers/ingestion_date=2025-10-18/ingestion_time=08:00:02/dcs.jsonl
2025-10-19 08:18:53,167 INFO ✅ S3 write ok: distribution_centers/ingestion_date=2025-10-18/ingestion_time=08:00:02/dcs.jsonl
2025-10-19 08:18:53,167 WARNING Failed to write s3 bronze inventory/ingestion_date=2025-10-18/ingestion_time=08:00:02/inventory.jsonl: Object of type Decimal is not JSON serializable
Successfully uploaded to s3://avosoft-retail-bronze-jds-42/bronze/orders/ingestion_date=2025-10-18/ingestion_time=08:00:02/orders.jsonl
2025-10-19 08:18:54,030 INFO ✅ S3 write ok: orders/ingestion_date=2025-10-18/ingestion_time=08:00:02/orders.jsonl
Successfully uploaded to s3://avosoft-retail-bronze-jds-42/bronze/order_items/ingestion_date=2025-10-18/ingestion_time=08:00:02/order_items.jsonl
2025-10-19 08:18:54,630 INFO ✅ S3 write ok: order_items/ingestion_date=2025-10-18/ingestion_time=08:00:02/order_items.jsonl
Successfully uploaded to s3://avosoft-retail-bronze-jds-42/bronze/payments/ingestion_date=2025-10-18/ingestion_time=08:00:02/payments.jsonl
2025-10-19 08:18:54,961 INFO ✅ S3 write ok: payments/ingestion_date=2025-10-18/ingestion_time=08:00:02/payments.jsonl
Successfully uploaded to s3://avosoft-retail-bronze-jds-42/bronze/events/ingestion_date=2025-10-18/ingestion_time=08:00:02/events.jsonl
2025-10-19 08:18:55,989 INFO ✅ S3 write ok: events/ingestion_date=2025-10-18/ingestion_time=08:00:02/events.jsonl
SUCCESS: Data generation completed
=== [2025-10-19 08:18:56] Completion status: 0 ===

Environment loaded from /home/ubuntu/avosoft_retail/.env
Running data generator for 2025-10-19...
2025-10-19 12:00:10,599 INFO DEBUG SETTINGS -> users=50, orders=750, events=5000
2025-10-19 12:00:11,764 INFO [2025-10-18] Inserted 50 new users ✅
2025-10-19 12:00:26,060 INFO [2025-10-18] Inserted 750 orders ✅
2025-10-19 12:19:08,326 INFO [2025-10-18] Inserted 695 order_items ✅
2025-10-19 12:19:09,308 INFO [2025-10-18] Inserted 750 payments ✅
2025-10-19 12:19:15,497 INFO Generated | users=50 products=5 orders=750 items=695 paid=457 events=5483
Successfully uploaded to s3://avosoft-retail-bronze-jds-42/bronze/users/ingestion_date=2025-10-18/ingestion_time=12:00:01/users.jsonl
2025-10-19 12:19:16,769 INFO ✅ S3 write ok: users/ingestion_date=2025-10-18/ingestion_time=12:00:01/users.jsonl
Successfully uploaded to s3://avosoft-retail-bronze-jds-42/bronze/products/ingestion_date=2025-10-18/ingestion_time=12:00:01/products.jsonl
2025-10-19 12:19:17,072 INFO ✅ S3 write ok: products/ingestion_date=2025-10-18/ingestion_time=12:00:01/products.jsonl
Successfully uploaded to s3://avosoft-retail-bronze-jds-42/bronze/distribution_centers/ingestion_date=2025-10-18/ingestion_time=12:00:01/dcs.jsonl
2025-10-19 12:19:17,376 INFO ✅ S3 write ok: distribution_centers/ingestion_date=2025-10-18/ingestion_time=12:00:01/dcs.jsonl
2025-10-19 12:19:17,376 WARNING Failed to write s3 bronze inventory/ingestion_date=2025-10-18/ingestion_time=12:00:01/inventory.jsonl: Object of type Decimal is not JSON serializable
Successfully uploaded to s3://avosoft-retail-bronze-jds-42/bronze/orders/ingestion_date=2025-10-18/ingestion_time=12:00:01/orders.jsonl
2025-10-19 12:19:18,536 INFO ✅ S3 write ok: orders/ingestion_date=2025-10-18/ingestion_time=12:00:01/orders.jsonl
Successfully uploaded to s3://avosoft-retail-bronze-jds-42/bronze/order_items/ingestion_date=2025-10-18/ingestion_time=12:00:01/order_items.jsonl
2025-10-19 12:19:19,690 INFO ✅ S3 write ok: order_items/ingestion_date=2025-10-18/ingestion_time=12:00:01/order_items.jsonl
Successfully uploaded to s3://avosoft-retail-bronze-jds-42/bronze/payments/ingestion_date=2025-10-18/ingestion_time=12:00:01/payments.jsonl
2025-10-19 12:19:20,021 INFO ✅ S3 write ok: payments/ingestion_date=2025-10-18/ingestion_time=12:00:01/payments.jsonl
Successfully uploaded to s3://avosoft-retail-bronze-jds-42/bronze/events/ingestion_date=2025-10-18/ingestion_time=12:00:01/events.jsonl
2025-10-19 12:19:21,264 INFO ✅ S3 write ok: events/ingestion_date=2025-10-18/ingestion_time=12:00:01/events.jsonl
SUCCESS: Data generation completed
=== [2025-10-19 12:19:21] Completion status: 0 ===

Environment loaded from /home/ubuntu/avosoft_retail/.env
Running data generator for 2025-10-19...
2025-10-19 16:00:11,047 INFO DEBUG SETTINGS -> users=50, orders=750, events=5000
2025-10-19 16:00:12,203 INFO [2025-10-18] Inserted 50 new users ✅
2025-10-19 16:00:23,950 INFO [2025-10-18] Inserted 750 orders ✅
2025-10-19 16:19:00,328 INFO [2025-10-18] Inserted 694 order_items ✅
2025-10-19 16:19:01,341 INFO [2025-10-18] Inserted 750 payments ✅
2025-10-19 16:19:07,607 INFO Generated | users=50 products=5 orders=750 items=694 paid=454 events=5480
Successfully uploaded to s3://avosoft-retail-bronze-jds-42/bronze/users/ingestion_date=2025-10-18/ingestion_time=16:00:02/users.jsonl
2025-10-19 16:19:09,098 INFO ✅ S3 write ok: users/ingestion_date=2025-10-18/ingestion_time=16:00:02/users.jsonl
Successfully uploaded to s3://avosoft-retail-bronze-jds-42/bronze/products/ingestion_date=2025-10-18/ingestion_time=16:00:02/products.jsonl
2025-10-19 16:19:09,399 INFO ✅ S3 write ok: products/ingestion_date=2025-10-18/ingestion_time=16:00:02/products.jsonl
Successfully uploaded to s3://avosoft-retail-bronze-jds-42/bronze/distribution_centers/ingestion_date=2025-10-18/ingestion_time=16:00:02/dcs.jsonl
2025-10-19 16:19:09,699 INFO ✅ S3 write ok: distribution_centers/ingestion_date=2025-10-18/ingestion_time=16:00:02/dcs.jsonl
2025-10-19 16:19:09,699 WARNING Failed to write s3 bronze inventory/ingestion_date=2025-10-18/ingestion_time=16:00:02/inventory.jsonl: Object of type Decimal is not JSON serializable
Successfully uploaded to s3://avosoft-retail-bronze-jds-42/bronze/orders/ingestion_date=2025-10-18/ingestion_time=16:00:02/orders.jsonl
2025-10-19 16:19:10,596 INFO ✅ S3 write ok: orders/ingestion_date=2025-10-18/ingestion_time=16:00:02/orders.jsonl
Successfully uploaded to s3://avosoft-retail-bronze-jds-42/bronze/order_items/ingestion_date=2025-10-18/ingestion_time=16:00:02/order_items.jsonl
2025-10-19 16:19:11,211 INFO ✅ S3 write ok: order_items/ingestion_date=2025-10-18/ingestion_time=16:00:02/order_items.jsonl
Successfully uploaded to s3://avosoft-retail-bronze-jds-42/bronze/payments/ingestion_date=2025-10-18/ingestion_time=16:00:02/payments.jsonl
2025-10-19 16:19:11,567 INFO ✅ S3 write ok: payments/ingestion_date=2025-10-18/ingestion_time=16:00:02/payments.jsonl
Successfully uploaded to s3://avosoft-retail-bronze-jds-42/bronze/events/ingestion_date=2025-10-18/ingestion_time=16:00:02/events.jsonl
2025-10-19 16:19:12,579 INFO ✅ S3 write ok: events/ingestion_date=2025-10-18/ingestion_time=16:00:02/events.jsonl
SUCCESS: Data generation completed
=== [2025-10-19 16:19:12] Completion status: 0 ===

Environment loaded from /home/ubuntu/avosoft_retail/.env
Running data generator for 2025-10-19...
2025-10-19 20:00:11,131 INFO DEBUG SETTINGS -> users=50, orders=750, events=5000
2025-10-19 20:00:12,308 INFO [2025-10-18] Inserted 50 new users ✅
2025-10-19 20:00:29,963 INFO [2025-10-18] Inserted 750 orders ✅
2025-10-19 20:19:02,958 INFO [2025-10-18] Inserted 688 order_items ✅
2025-10-19 20:19:04,296 INFO [2025-10-18] Inserted 750 payments ✅
2025-10-19 20:19:10,506 INFO Generated | users=50 products=5 orders=750 items=688 paid=453 events=5479
Successfully uploaded to s3://avosoft-retail-bronze-jds-42/bronze/users/ingestion_date=2025-10-18/ingestion_time=20:00:02/users.jsonl
2025-10-19 20:19:11,985 INFO ✅ S3 write ok: users/ingestion_date=2025-10-18/ingestion_time=20:00:02/users.jsonl
Successfully uploaded to s3://avosoft-retail-bronze-jds-42/bronze/products/ingestion_date=2025-10-18/ingestion_time=20:00:02/products.jsonl
2025-10-19 20:19:12,287 INFO ✅ S3 write ok: products/ingestion_date=2025-10-18/ingestion_time=20:00:02/products.jsonl
Successfully uploaded to s3://avosoft-retail-bronze-jds-42/bronze/distribution_centers/ingestion_date=2025-10-18/ingestion_time=20:00:02/dcs.jsonl
2025-10-19 20:19:12,587 INFO ✅ S3 write ok: distribution_centers/ingestion_date=2025-10-18/ingestion_time=20:00:02/dcs.jsonl
2025-10-19 20:19:12,587 WARNING Failed to write s3 bronze inventory/ingestion_date=2025-10-18/ingestion_time=20:00:02/inventory.jsonl: Object of type Decimal is not JSON serializable
Successfully uploaded to s3://avosoft-retail-bronze-jds-42/bronze/orders/ingestion_date=2025-10-18/ingestion_time=20:00:02/orders.jsonl
2025-10-19 20:19:13,476 INFO ✅ S3 write ok: orders/ingestion_date=2025-10-18/ingestion_time=20:00:02/orders.jsonl
Successfully uploaded to s3://avosoft-retail-bronze-jds-42/bronze/order_items/ingestion_date=2025-10-18/ingestion_time=20:00:02/order_items.jsonl
2025-10-19 20:19:14,134 INFO ✅ S3 write ok: order_items/ingestion_date=2025-10-18/ingestion_time=20:00:02/order_items.jsonl
Successfully uploaded to s3://avosoft-retail-bronze-jds-42/bronze/payments/ingestion_date=2025-10-18/ingestion_time=20:00:02/payments.jsonl
2025-10-19 20:19:14,507 INFO ✅ S3 write ok: payments/ingestion_date=2025-10-18/ingestion_time=20:00:02/payments.jsonl
Successfully uploaded to s3://avosoft-retail-bronze-jds-42/bronze/events/ingestion_date=2025-10-18/ingestion_time=20:00:02/events.jsonl
2025-10-19 20:19:15,801 INFO ✅ S3 write ok: events/ingestion_date=2025-10-18/ingestion_time=20:00:02/events.jsonl
SUCCESS: Data generation completed
=== [2025-10-19 20:19:16] Completion status: 0 ===

Environment loaded from /home/ubuntu/avosoft_retail/.env
Running data generator for 2025-10-20...
2025-10-20 00:00:10,497 INFO DEBUG SETTINGS -> users=50, orders=750, events=5000
2025-10-20 00:00:11,671 INFO [2025-10-19] Inserted 50 new users ✅
2025-10-20 00:00:24,328 INFO [2025-10-19] Inserted 750 orders ✅
2025-10-20 00:18:47,760 INFO [2025-10-19] Inserted 683 order_items ✅
2025-10-20 00:18:48,747 INFO [2025-10-19] Inserted 750 payments ✅
2025-10-20 00:18:54,822 INFO Generated | users=50 products=5 orders=750 items=683 paid=433 events=5459
Successfully uploaded to s3://avosoft-retail-bronze-jds-42/bronze/users/ingestion_date=2025-10-19/ingestion_time=00:00:02/users.jsonl
2025-10-20 00:18:56,372 INFO ✅ S3 write ok: users/ingestion_date=2025-10-19/ingestion_time=00:00:02/users.jsonl
Successfully uploaded to s3://avosoft-retail-bronze-jds-42/bronze/products/ingestion_date=2025-10-19/ingestion_time=00:00:02/products.jsonl
2025-10-20 00:18:56,677 INFO ✅ S3 write ok: products/ingestion_date=2025-10-19/ingestion_time=00:00:02/products.jsonl
Successfully uploaded to s3://avosoft-retail-bronze-jds-42/bronze/distribution_centers/ingestion_date=2025-10-19/ingestion_time=00:00:02/dcs.jsonl
2025-10-20 00:18:56,986 INFO ✅ S3 write ok: distribution_centers/ingestion_date=2025-10-19/ingestion_time=00:00:02/dcs.jsonl
2025-10-20 00:18:56,986 WARNING Failed to write s3 bronze inventory/ingestion_date=2025-10-19/ingestion_time=00:00:02/inventory.jsonl: Object of type Decimal is not JSON serializable
Successfully uploaded to s3://avosoft-retail-bronze-jds-42/bronze/orders/ingestion_date=2025-10-19/ingestion_time=00:00:02/orders.jsonl
2025-10-20 00:18:57,880 INFO ✅ S3 write ok: orders/ingestion_date=2025-10-19/ingestion_time=00:00:02/orders.jsonl
Successfully uploaded to s3://avosoft-retail-bronze-jds-42/bronze/order_items/ingestion_date=2025-10-19/ingestion_time=00:00:02/order_items.jsonl
2025-10-20 00:18:58,471 INFO ✅ S3 write ok: order_items/ingestion_date=2025-10-19/ingestion_time=00:00:02/order_items.jsonl
Successfully uploaded to s3://avosoft-retail-bronze-jds-42/bronze/payments/ingestion_date=2025-10-19/ingestion_time=00:00:02/payments.jsonl
2025-10-20 00:18:58,804 INFO ✅ S3 write ok: payments/ingestion_date=2025-10-19/ingestion_time=00:00:02/payments.jsonl
Successfully uploaded to s3://avosoft-retail-bronze-jds-42/bronze/events/ingestion_date=2025-10-19/ingestion_time=00:00:02/events.jsonl
2025-10-20 00:18:59,863 INFO ✅ S3 write ok: events/ingestion_date=2025-10-19/ingestion_time=00:00:02/events.jsonl
SUCCESS: Data generation completed
=== [2025-10-20 00:19:00] Completion status: 0 ===

Environment loaded from /home/ubuntu/avosoft_retail/.env
Running data generator for 2025-10-20...
2025-10-20 04:00:11,299 INFO DEBUG SETTINGS -> users=50, orders=750, events=5000
2025-10-20 04:00:12,458 INFO [2025-10-19] Inserted 50 new users ✅
2025-10-20 04:00:25,075 INFO [2025-10-19] Inserted 750 orders ✅
2025-10-20 04:18:48,926 INFO [2025-10-19] Inserted 679 order_items ✅
2025-10-20 04:18:49,913 INFO [2025-10-19] Inserted 750 payments ✅
2025-10-20 04:18:56,109 INFO Generated | users=50 products=5 orders=750 items=679 paid=437 events=5463
Successfully uploaded to s3://avosoft-retail-bronze-jds-42/bronze/users/ingestion_date=2025-10-19/ingestion_time=04:00:01/users.jsonl
2025-10-20 04:18:57,587 INFO ✅ S3 write ok: users/ingestion_date=2025-10-19/ingestion_time=04:00:01/users.jsonl
Successfully uploaded to s3://avosoft-retail-bronze-jds-42/bronze/products/ingestion_date=2025-10-19/ingestion_time=04:00:01/products.jsonl
2025-10-20 04:18:57,887 INFO ✅ S3 write ok: products/ingestion_date=2025-10-19/ingestion_time=04:00:01/products.jsonl
Successfully uploaded to s3://avosoft-retail-bronze-jds-42/bronze/distribution_centers/ingestion_date=2025-10-19/ingestion_time=04:00:01/dcs.jsonl
2025-10-20 04:18:58,188 INFO ✅ S3 write ok: distribution_centers/ingestion_date=2025-10-19/ingestion_time=04:00:01/dcs.jsonl
2025-10-20 04:18:58,188 WARNING Failed to write s3 bronze inventory/ingestion_date=2025-10-19/ingestion_time=04:00:01/inventory.jsonl: Object of type Decimal is not JSON serializable
Successfully uploaded to s3://avosoft-retail-bronze-jds-42/bronze/orders/ingestion_date=2025-10-19/ingestion_time=04:00:01/orders.jsonl
2025-10-20 04:18:59,318 INFO ✅ S3 write ok: orders/ingestion_date=2025-10-19/ingestion_time=04:00:01/orders.jsonl
Successfully uploaded to s3://avosoft-retail-bronze-jds-42/bronze/order_items/ingestion_date=2025-10-19/ingestion_time=04:00:01/order_items.jsonl
2025-10-20 04:19:00,195 INFO ✅ S3 write ok: order_items/ingestion_date=2025-10-19/ingestion_time=04:00:01/order_items.jsonl
Successfully uploaded to s3://avosoft-retail-bronze-jds-42/bronze/payments/ingestion_date=2025-10-19/ingestion_time=04:00:01/payments.jsonl
2025-10-20 04:19:00,550 INFO ✅ S3 write ok: payments/ingestion_date=2025-10-19/ingestion_time=04:00:01/payments.jsonl
Successfully uploaded to s3://avosoft-retail-bronze-jds-42/bronze/events/ingestion_date=2025-10-19/ingestion_time=04:00:01/events.jsonl
2025-10-20 04:19:01,565 INFO ✅ S3 write ok: events/ingestion_date=2025-10-19/ingestion_time=04:00:01/events.jsonl
SUCCESS: Data generation completed
=== [2025-10-20 04:19:01] Completion status: 0 ===

Environment loaded from /home/ubuntu/avosoft_retail/.env
Running data generator for 2025-10-20...
2025-10-20 08:00:11,024 INFO DEBUG SETTINGS -> users=50, orders=750, events=5000
2025-10-20 08:00:12,177 INFO [2025-10-19] Inserted 50 new users ✅
2025-10-20 08:00:21,387 INFO [2025-10-19] Inserted 750 orders ✅
2025-10-20 08:18:44,149 INFO [2025-10-19] Inserted 680 order_items ✅
2025-10-20 08:18:45,135 INFO [2025-10-19] Inserted 750 payments ✅
2025-10-20 08:18:51,211 INFO Generated | users=50 products=5 orders=750 items=680 paid=450 events=5477
Successfully uploaded to s3://avosoft-retail-bronze-jds-42/bronze/users/ingestion_date=2025-10-19/ingestion_time=08:00:02/users.jsonl
2025-10-20 08:18:52,757 INFO ✅ S3 write ok: users/ingestion_date=2025-10-19/ingestion_time=08:00:02/users.jsonl
Successfully uploaded to s3://avosoft-retail-bronze-jds-42/bronze/products/ingestion_date=2025-10-19/ingestion_time=08:00:02/products.jsonl
2025-10-20 08:18:53,058 INFO ✅ S3 write ok: products/ingestion_date=2025-10-19/ingestion_time=08:00:02/products.jsonl
Successfully uploaded to s3://avosoft-retail-bronze-jds-42/bronze/distribution_centers/ingestion_date=2025-10-19/ingestion_time=08:00:02/dcs.jsonl
2025-10-20 08:18:53,359 INFO ✅ S3 write ok: distribution_centers/ingestion_date=2025-10-19/ingestion_time=08:00:02/dcs.jsonl
2025-10-20 08:18:53,359 WARNING Failed to write s3 bronze inventory/ingestion_date=2025-10-19/ingestion_time=08:00:02/inventory.jsonl: Object of type Decimal is not JSON serializable
Successfully uploaded to s3://avosoft-retail-bronze-jds-42/bronze/orders/ingestion_date=2025-10-19/ingestion_time=08:00:02/orders.jsonl
2025-10-20 08:18:54,561 INFO ✅ S3 write ok: orders/ingestion_date=2025-10-19/ingestion_time=08:00:02/orders.jsonl
Successfully uploaded to s3://avosoft-retail-bronze-jds-42/bronze/order_items/ingestion_date=2025-10-19/ingestion_time=08:00:02/order_items.jsonl
2025-10-20 08:18:55,441 INFO ✅ S3 write ok: order_items/ingestion_date=2025-10-19/ingestion_time=08:00:02/order_items.jsonl
Successfully uploaded to s3://avosoft-retail-bronze-jds-42/bronze/payments/ingestion_date=2025-10-19/ingestion_time=08:00:02/payments.jsonl
2025-10-20 08:18:55,780 INFO ✅ S3 write ok: payments/ingestion_date=2025-10-19/ingestion_time=08:00:02/payments.jsonl
Successfully uploaded to s3://avosoft-retail-bronze-jds-42/bronze/events/ingestion_date=2025-10-19/ingestion_time=08:00:02/events.jsonl
2025-10-20 08:18:56,816 INFO ✅ S3 write ok: events/ingestion_date=2025-10-19/ingestion_time=08:00:02/events.jsonl
SUCCESS: Data generation completed
=== [2025-10-20 08:18:57] Completion status: 0 ===

Environment loaded from /home/ubuntu/avosoft_retail/.env
Running data generator for 2025-10-20...
2025-10-20 12:00:10,923 INFO DEBUG SETTINGS -> users=50, orders=750, events=5000
2025-10-20 12:00:12,081 INFO [2025-10-19] Inserted 50 new users ✅
2025-10-20 12:00:21,252 INFO [2025-10-19] Inserted 750 orders ✅
2025-10-20 12:18:40,209 INFO [2025-10-19] Inserted 675 order_items ✅
2025-10-20 12:18:41,193 INFO [2025-10-19] Inserted 750 payments ✅
2025-10-20 12:18:47,405 INFO Generated | users=50 products=5 orders=750 items=675 paid=426 events=5453
Successfully uploaded to s3://avosoft-retail-bronze-jds-42/bronze/users/ingestion_date=2025-10-19/ingestion_time=12:00:01/users.jsonl
2025-10-20 12:18:48,895 INFO ✅ S3 write ok: users/ingestion_date=2025-10-19/ingestion_time=12:00:01/users.jsonl
Successfully uploaded to s3://avosoft-retail-bronze-jds-42/bronze/products/ingestion_date=2025-10-19/ingestion_time=12:00:01/products.jsonl
2025-10-20 12:18:49,195 INFO ✅ S3 write ok: products/ingestion_date=2025-10-19/ingestion_time=12:00:01/products.jsonl
Successfully uploaded to s3://avosoft-retail-bronze-jds-42/bronze/distribution_centers/ingestion_date=2025-10-19/ingestion_time=12:00:01/dcs.jsonl
2025-10-20 12:18:49,499 INFO ✅ S3 write ok: distribution_centers/ingestion_date=2025-10-19/ingestion_time=12:00:01/dcs.jsonl
2025-10-20 12:18:49,499 WARNING Failed to write s3 bronze inventory/ingestion_date=2025-10-19/ingestion_time=12:00:01/inventory.jsonl: Object of type Decimal is not JSON serializable
Successfully uploaded to s3://avosoft-retail-bronze-jds-42/bronze/orders/ingestion_date=2025-10-19/ingestion_time=12:00:01/orders.jsonl
2025-10-20 12:18:50,361 INFO ✅ S3 write ok: orders/ingestion_date=2025-10-19/ingestion_time=12:00:01/orders.jsonl
Successfully uploaded to s3://avosoft-retail-bronze-jds-42/bronze/order_items/ingestion_date=2025-10-19/ingestion_time=12:00:01/order_items.jsonl
2025-10-20 12:18:50,995 INFO ✅ S3 write ok: order_items/ingestion_date=2025-10-19/ingestion_time=12:00:01/order_items.jsonl
Successfully uploaded to s3://avosoft-retail-bronze-jds-42/bronze/payments/ingestion_date=2025-10-19/ingestion_time=12:00:01/payments.jsonl
2025-10-20 12:18:51,309 INFO ✅ S3 write ok: payments/ingestion_date=2025-10-19/ingestion_time=12:00:01/payments.jsonl
Successfully uploaded to s3://avosoft-retail-bronze-jds-42/bronze/events/ingestion_date=2025-10-19/ingestion_time=12:00:01/events.jsonl
2025-10-20 12:18:52,365 INFO ✅ S3 write ok: events/ingestion_date=2025-10-19/ingestion_time=12:00:01/events.jsonl
SUCCESS: Data generation completed
=== [2025-10-20 12:18:52] Completion status: 0 ===

Environment loaded from /home/ubuntu/avosoft_retail/.env
Running data generator for 2025-10-20...
2025-10-20 16:00:11,448 INFO DEBUG SETTINGS -> users=50, orders=750, events=5000
2025-10-20 16:00:12,602 INFO [2025-10-19] Inserted 50 new users ✅
2025-10-20 16:00:24,237 INFO [2025-10-19] Inserted 750 orders ✅
2025-10-20 16:18:21,181 INFO [2025-10-19] Inserted 672 order_items ✅
2025-10-20 16:18:22,156 INFO [2025-10-19] Inserted 750 payments ✅
2025-10-20 16:18:28,354 INFO Generated | users=50 products=5 orders=750 items=672 paid=430 events=5456
Successfully uploaded to s3://avosoft-retail-bronze-jds-42/bronze/users/ingestion_date=2025-10-19/ingestion_time=16:00:02/users.jsonl
2025-10-20 16:18:30,173 INFO ✅ S3 write ok: users/ingestion_date=2025-10-19/ingestion_time=16:00:02/users.jsonl
Successfully uploaded to s3://avosoft-retail-bronze-jds-42/bronze/products/ingestion_date=2025-10-19/ingestion_time=16:00:02/products.jsonl
2025-10-20 16:18:30,475 INFO ✅ S3 write ok: products/ingestion_date=2025-10-19/ingestion_time=16:00:02/products.jsonl
Successfully uploaded to s3://avosoft-retail-bronze-jds-42/bronze/distribution_centers/ingestion_date=2025-10-19/ingestion_time=16:00:02/dcs.jsonl
2025-10-20 16:18:30,779 INFO ✅ S3 write ok: distribution_centers/ingestion_date=2025-10-19/ingestion_time=16:00:02/dcs.jsonl
2025-10-20 16:18:30,779 WARNING Failed to write s3 bronze inventory/ingestion_date=2025-10-19/ingestion_time=16:00:02/inventory.jsonl: Object of type Decimal is not JSON serializable
Successfully uploaded to s3://avosoft-retail-bronze-jds-42/bronze/orders/ingestion_date=2025-10-19/ingestion_time=16:00:02/orders.jsonl
2025-10-20 16:18:31,688 INFO ✅ S3 write ok: orders/ingestion_date=2025-10-19/ingestion_time=16:00:02/orders.jsonl
Successfully uploaded to s3://avosoft-retail-bronze-jds-42/bronze/order_items/ingestion_date=2025-10-19/ingestion_time=16:00:02/order_items.jsonl
2025-10-20 16:18:32,308 INFO ✅ S3 write ok: order_items/ingestion_date=2025-10-19/ingestion_time=16:00:02/order_items.jsonl
Successfully uploaded to s3://avosoft-retail-bronze-jds-42/bronze/payments/ingestion_date=2025-10-19/ingestion_time=16:00:02/payments.jsonl
2025-10-20 16:18:32,622 INFO ✅ S3 write ok: payments/ingestion_date=2025-10-19/ingestion_time=16:00:02/payments.jsonl
Successfully uploaded to s3://avosoft-retail-bronze-jds-42/bronze/events/ingestion_date=2025-10-19/ingestion_time=16:00:02/events.jsonl
2025-10-20 16:18:33,646 INFO ✅ S3 write ok: events/ingestion_date=2025-10-19/ingestion_time=16:00:02/events.jsonl
SUCCESS: Data generation completed
=== [2025-10-20 16:18:33] Completion status: 0 ===

Environment loaded from /home/ubuntu/avosoft_retail/.env
Running data generator for 2025-10-20...
2025-10-20 20:00:11,020 INFO DEBUG SETTINGS -> users=50, orders=750, events=5000
2025-10-20 20:00:12,170 INFO [2025-10-19] Inserted 50 new users ✅
2025-10-20 20:00:24,743 INFO [2025-10-19] Inserted 750 orders ✅
2025-10-20 20:18:33,578 INFO [2025-10-19] Inserted 670 order_items ✅
2025-10-20 20:18:34,609 INFO [2025-10-19] Inserted 750 payments ✅
2025-10-20 20:18:40,713 INFO Generated | users=50 products=5 orders=750 items=670 paid=427 events=5453
Successfully uploaded to s3://avosoft-retail-bronze-jds-42/bronze/users/ingestion_date=2025-10-19/ingestion_time=20:00:02/users.jsonl
2025-10-20 20:18:41,967 INFO ✅ S3 write ok: users/ingestion_date=2025-10-19/ingestion_time=20:00:02/users.jsonl
Successfully uploaded to s3://avosoft-retail-bronze-jds-42/bronze/products/ingestion_date=2025-10-19/ingestion_time=20:00:02/products.jsonl
2025-10-20 20:18:42,273 INFO ✅ S3 write ok: products/ingestion_date=2025-10-19/ingestion_time=20:00:02/products.jsonl
Successfully uploaded to s3://avosoft-retail-bronze-jds-42/bronze/distribution_centers/ingestion_date=2025-10-19/ingestion_time=20:00:02/dcs.jsonl
2025-10-20 20:18:42,579 INFO ✅ S3 write ok: distribution_centers/ingestion_date=2025-10-19/ingestion_time=20:00:02/dcs.jsonl
2025-10-20 20:18:42,579 WARNING Failed to write s3 bronze inventory/ingestion_date=2025-10-19/ingestion_time=20:00:02/inventory.jsonl: Object of type Decimal is not JSON serializable
Successfully uploaded to s3://avosoft-retail-bronze-jds-42/bronze/orders/ingestion_date=2025-10-19/ingestion_time=20:00:02/orders.jsonl
2025-10-20 20:18:43,440 INFO ✅ S3 write ok: orders/ingestion_date=2025-10-19/ingestion_time=20:00:02/orders.jsonl
Successfully uploaded to s3://avosoft-retail-bronze-jds-42/bronze/order_items/ingestion_date=2025-10-19/ingestion_time=20:00:02/order_items.jsonl
2025-10-20 20:18:44,045 INFO ✅ S3 write ok: order_items/ingestion_date=2025-10-19/ingestion_time=20:00:02/order_items.jsonl
Successfully uploaded to s3://avosoft-retail-bronze-jds-42/bronze/payments/ingestion_date=2025-10-19/ingestion_time=20:00:02/payments.jsonl
2025-10-20 20:18:44,391 INFO ✅ S3 write ok: payments/ingestion_date=2025-10-19/ingestion_time=20:00:02/payments.jsonl
Successfully uploaded to s3://avosoft-retail-bronze-jds-42/bronze/events/ingestion_date=2025-10-19/ingestion_time=20:00:02/events.jsonl
2025-10-20 20:18:45,684 INFO ✅ S3 write ok: events/ingestion_date=2025-10-19/ingestion_time=20:00:02/events.jsonl
SUCCESS: Data generation completed
=== [2025-10-20 20:18:45] Completion status: 0 ===

Environment loaded from /home/ubuntu/avosoft_retail/.env
Running data generator for 2025-10-21...
2025-10-21 00:00:11,913 INFO DEBUG SETTINGS -> users=50, orders=750, events=5000
2025-10-21 00:00:13,072 INFO [2025-10-20] Inserted 50 new users ✅
2025-10-21 00:00:25,731 INFO [2025-10-20] Inserted 750 orders ✅
2025-10-21 00:18:32,349 INFO [2025-10-20] Inserted 660 order_items ✅
2025-10-21 00:18:33,330 INFO [2025-10-20] Inserted 750 payments ✅
2025-10-21 00:18:39,513 INFO Generated | users=50 products=5 orders=750 items=660 paid=438 events=5463
Successfully uploaded to s3://avosoft-retail-bronze-jds-42/bronze/users/ingestion_date=2025-10-20/ingestion_time=00:00:02/users.jsonl
2025-10-21 00:18:40,998 INFO ✅ S3 write ok: users/ingestion_date=2025-10-20/ingestion_time=00:00:02/users.jsonl
Successfully uploaded to s3://avosoft-retail-bronze-jds-42/bronze/products/ingestion_date=2025-10-20/ingestion_time=00:00:02/products.jsonl
2025-10-21 00:18:41,299 INFO ✅ S3 write ok: products/ingestion_date=2025-10-20/ingestion_time=00:00:02/products.jsonl
Successfully uploaded to s3://avosoft-retail-bronze-jds-42/bronze/distribution_centers/ingestion_date=2025-10-20/ingestion_time=00:00:02/dcs.jsonl
2025-10-21 00:18:41,594 INFO ✅ S3 write ok: distribution_centers/ingestion_date=2025-10-20/ingestion_time=00:00:02/dcs.jsonl
2025-10-21 00:18:41,594 WARNING Failed to write s3 bronze inventory/ingestion_date=2025-10-20/ingestion_time=00:00:02/inventory.jsonl: Object of type Decimal is not JSON serializable
Successfully uploaded to s3://avosoft-retail-bronze-jds-42/bronze/orders/ingestion_date=2025-10-20/ingestion_time=00:00:02/orders.jsonl
2025-10-21 00:18:42,777 INFO ✅ S3 write ok: orders/ingestion_date=2025-10-20/ingestion_time=00:00:02/orders.jsonl
Successfully uploaded to s3://avosoft-retail-bronze-jds-42/bronze/order_items/ingestion_date=2025-10-20/ingestion_time=00:00:02/order_items.jsonl
2025-10-21 00:18:43,917 INFO ✅ S3 write ok: order_items/ingestion_date=2025-10-20/ingestion_time=00:00:02/order_items.jsonl
Successfully uploaded to s3://avosoft-retail-bronze-jds-42/bronze/payments/ingestion_date=2025-10-20/ingestion_time=00:00:02/payments.jsonl
2025-10-21 00:18:44,258 INFO ✅ S3 write ok: payments/ingestion_date=2025-10-20/ingestion_time=00:00:02/payments.jsonl
Successfully uploaded to s3://avosoft-retail-bronze-jds-42/bronze/events/ingestion_date=2025-10-20/ingestion_time=00:00:02/events.jsonl
2025-10-21 00:18:45,516 INFO ✅ S3 write ok: events/ingestion_date=2025-10-20/ingestion_time=00:00:02/events.jsonl
SUCCESS: Data generation completed
=== [2025-10-21 00:18:45] Completion status: 0 ===

Environment loaded from /home/ubuntu/avosoft_retail/.env
Running data generator for 2025-10-21...
2025-10-21 04:00:12,207 INFO DEBUG SETTINGS -> users=50, orders=750, events=5000
2025-10-21 04:00:13,370 INFO [2025-10-20] Inserted 50 new users ✅
2025-10-21 04:00:24,289 INFO [2025-10-20] Inserted 750 orders ✅
2025-10-21 04:18:24,183 INFO [2025-10-20] Inserted 656 order_items ✅
2025-10-21 04:18:25,180 INFO [2025-10-20] Inserted 750 payments ✅
2025-10-21 04:18:31,300 INFO Generated | users=50 products=5 orders=750 items=656 paid=433 events=5458
Successfully uploaded to s3://avosoft-retail-bronze-jds-42/bronze/users/ingestion_date=2025-10-20/ingestion_time=04:00:03/users.jsonl
2025-10-21 04:18:33,063 INFO ✅ S3 write ok: users/ingestion_date=2025-10-20/ingestion_time=04:00:03/users.jsonl
Successfully uploaded to s3://avosoft-retail-bronze-jds-42/bronze/products/ingestion_date=2025-10-20/ingestion_time=04:00:03/products.jsonl
2025-10-21 04:18:33,359 INFO ✅ S3 write ok: products/ingestion_date=2025-10-20/ingestion_time=04:00:03/products.jsonl
Successfully uploaded to s3://avosoft-retail-bronze-jds-42/bronze/distribution_centers/ingestion_date=2025-10-20/ingestion_time=04:00:03/dcs.jsonl
2025-10-21 04:18:33,656 INFO ✅ S3 write ok: distribution_centers/ingestion_date=2025-10-20/ingestion_time=04:00:03/dcs.jsonl
2025-10-21 04:18:33,656 WARNING Failed to write s3 bronze inventory/ingestion_date=2025-10-20/ingestion_time=04:00:03/inventory.jsonl: Object of type Decimal is not JSON serializable
Successfully uploaded to s3://avosoft-retail-bronze-jds-42/bronze/orders/ingestion_date=2025-10-20/ingestion_time=04:00:03/orders.jsonl
2025-10-21 04:18:34,771 INFO ✅ S3 write ok: orders/ingestion_date=2025-10-20/ingestion_time=04:00:03/orders.jsonl
Successfully uploaded to s3://avosoft-retail-bronze-jds-42/bronze/order_items/ingestion_date=2025-10-20/ingestion_time=04:00:03/order_items.jsonl
2025-10-21 04:18:35,671 INFO ✅ S3 write ok: order_items/ingestion_date=2025-10-20/ingestion_time=04:00:03/order_items.jsonl
Successfully uploaded to s3://avosoft-retail-bronze-jds-42/bronze/payments/ingestion_date=2025-10-20/ingestion_time=04:00:03/payments.jsonl
2025-10-21 04:18:36,004 INFO ✅ S3 write ok: payments/ingestion_date=2025-10-20/ingestion_time=04:00:03/payments.jsonl
Successfully uploaded to s3://avosoft-retail-bronze-jds-42/bronze/events/ingestion_date=2025-10-20/ingestion_time=04:00:03/events.jsonl
2025-10-21 04:18:37,263 INFO ✅ S3 write ok: events/ingestion_date=2025-10-20/ingestion_time=04:00:03/events.jsonl
SUCCESS: Data generation completed
=== [2025-10-21 04:18:37] Completion status: 0 ===

Environment loaded from /home/ubuntu/avosoft_retail/.env
Running data generator for 2025-10-21...
2025-10-21 08:00:10,959 INFO DEBUG SETTINGS -> users=50, orders=750, events=5000
2025-10-21 08:00:12,122 INFO [2025-10-20] Inserted 50 new users ✅
2025-10-21 08:00:22,201 INFO [2025-10-20] Inserted 750 orders ✅
2025-10-21 08:18:24,552 INFO [2025-10-20] Inserted 659 order_items ✅
2025-10-21 08:18:25,541 INFO [2025-10-20] Inserted 750 payments ✅
2025-10-21 08:18:31,628 INFO Generated | users=50 products=5 orders=750 items=659 paid=415 events=5439
Successfully uploaded to s3://avosoft-retail-bronze-jds-42/bronze/users/ingestion_date=2025-10-20/ingestion_time=08:00:02/users.jsonl
2025-10-21 08:18:33,148 INFO ✅ S3 write ok: users/ingestion_date=2025-10-20/ingestion_time=08:00:02/users.jsonl
Successfully uploaded to s3://avosoft-retail-bronze-jds-42/bronze/products/ingestion_date=2025-10-20/ingestion_time=08:00:02/products.jsonl
2025-10-21 08:18:33,449 INFO ✅ S3 write ok: products/ingestion_date=2025-10-20/ingestion_time=08:00:02/products.jsonl
Successfully uploaded to s3://avosoft-retail-bronze-jds-42/bronze/distribution_centers/ingestion_date=2025-10-20/ingestion_time=08:00:02/dcs.jsonl
2025-10-21 08:18:33,750 INFO ✅ S3 write ok: distribution_centers/ingestion_date=2025-10-20/ingestion_time=08:00:02/dcs.jsonl
2025-10-21 08:18:33,750 WARNING Failed to write s3 bronze inventory/ingestion_date=2025-10-20/ingestion_time=08:00:02/inventory.jsonl: Object of type Decimal is not JSON serializable
Successfully uploaded to s3://avosoft-retail-bronze-jds-42/bronze/orders/ingestion_date=2025-10-20/ingestion_time=08:00:02/orders.jsonl
2025-10-21 08:18:34,654 INFO ✅ S3 write ok: orders/ingestion_date=2025-10-20/ingestion_time=08:00:02/orders.jsonl
Successfully uploaded to s3://avosoft-retail-bronze-jds-42/bronze/order_items/ingestion_date=2025-10-20/ingestion_time=08:00:02/order_items.jsonl
2025-10-21 08:18:35,284 INFO ✅ S3 write ok: order_items/ingestion_date=2025-10-20/ingestion_time=08:00:02/order_items.jsonl
Successfully uploaded to s3://avosoft-retail-bronze-jds-42/bronze/payments/ingestion_date=2025-10-20/ingestion_time=08:00:02/payments.jsonl
2025-10-21 08:18:35,596 INFO ✅ S3 write ok: payments/ingestion_date=2025-10-20/ingestion_time=08:00:02/payments.jsonl
Successfully uploaded to s3://avosoft-retail-bronze-jds-42/bronze/events/ingestion_date=2025-10-20/ingestion_time=08:00:02/events.jsonl
2025-10-21 08:18:36,882 INFO ✅ S3 write ok: events/ingestion_date=2025-10-20/ingestion_time=08:00:02/events.jsonl
SUCCESS: Data generation completed
=== [2025-10-21 08:18:37] Completion status: 0 ===

Environment loaded from /home/ubuntu/avosoft_retail/.env
Running data generator for 2025-10-21...
2025-10-21 12:00:10,632 INFO DEBUG SETTINGS -> users=50, orders=750, events=5000
2025-10-21 12:00:11,773 INFO [2025-10-20] Inserted 50 new users ✅
2025-10-21 12:00:25,894 INFO [2025-10-20] Inserted 750 orders ✅
2025-10-21 12:18:03,739 INFO [2025-10-20] Inserted 654 order_items ✅
2025-10-21 12:18:05,114 INFO [2025-10-20] Inserted 750 payments ✅
2025-10-21 12:18:11,129 INFO Generated | users=50 products=5 orders=750 items=654 paid=429 events=5453
Successfully uploaded to s3://avosoft-retail-bronze-jds-42/bronze/users/ingestion_date=2025-10-20/ingestion_time=12:00:01/users.jsonl
2025-10-21 12:18:12,891 INFO ✅ S3 write ok: users/ingestion_date=2025-10-20/ingestion_time=12:00:01/users.jsonl
Successfully uploaded to s3://avosoft-retail-bronze-jds-42/bronze/products/ingestion_date=2025-10-20/ingestion_time=12:00:01/products.jsonl
2025-10-21 12:18:13,192 INFO ✅ S3 write ok: products/ingestion_date=2025-10-20/ingestion_time=12:00:01/products.jsonl
Successfully uploaded to s3://avosoft-retail-bronze-jds-42/bronze/distribution_centers/ingestion_date=2025-10-20/ingestion_time=12:00:01/dcs.jsonl
2025-10-21 12:18:13,496 INFO ✅ S3 write ok: distribution_centers/ingestion_date=2025-10-20/ingestion_time=12:00:01/dcs.jsonl
2025-10-21 12:18:13,496 WARNING Failed to write s3 bronze inventory/ingestion_date=2025-10-20/ingestion_time=12:00:01/inventory.jsonl: Object of type Decimal is not JSON serializable
Successfully uploaded to s3://avosoft-retail-bronze-jds-42/bronze/orders/ingestion_date=2025-10-20/ingestion_time=12:00:01/orders.jsonl
2025-10-21 12:18:14,646 INFO ✅ S3 write ok: orders/ingestion_date=2025-10-20/ingestion_time=12:00:01/orders.jsonl
Successfully uploaded to s3://avosoft-retail-bronze-jds-42/bronze/order_items/ingestion_date=2025-10-20/ingestion_time=12:00:01/order_items.jsonl
2025-10-21 12:18:15,801 INFO ✅ S3 write ok: order_items/ingestion_date=2025-10-20/ingestion_time=12:00:01/order_items.jsonl
Successfully uploaded to s3://avosoft-retail-bronze-jds-42/bronze/payments/ingestion_date=2025-10-20/ingestion_time=12:00:01/payments.jsonl
2025-10-21 12:18:16,108 INFO ✅ S3 write ok: payments/ingestion_date=2025-10-20/ingestion_time=12:00:01/payments.jsonl
Successfully uploaded to s3://avosoft-retail-bronze-jds-42/bronze/events/ingestion_date=2025-10-20/ingestion_time=12:00:01/events.jsonl
2025-10-21 12:18:17,391 INFO ✅ S3 write ok: events/ingestion_date=2025-10-20/ingestion_time=12:00:01/events.jsonl
SUCCESS: Data generation completed
=== [2025-10-21 12:18:17] Completion status: 0 ===

Environment loaded from /home/ubuntu/avosoft_retail/.env
Running data generator for 2025-10-21...
2025-10-21 16:00:11,223 INFO DEBUG SETTINGS -> users=50, orders=750, events=5000
2025-10-21 16:00:12,387 INFO [2025-10-20] Inserted 50 new users ✅
2025-10-21 16:00:23,307 INFO [2025-10-20] Inserted 750 orders ✅
2025-10-21 16:18:25,461 INFO [2025-10-20] Inserted 657 order_items ✅
2025-10-21 16:18:26,473 INFO [2025-10-20] Inserted 750 payments ✅
2025-10-21 16:18:32,506 INFO Generated | users=50 products=5 orders=750 items=657 paid=425 events=5449
Successfully uploaded to s3://avosoft-retail-bronze-jds-42/bronze/users/ingestion_date=2025-10-20/ingestion_time=16:00:02/users.jsonl
2025-10-21 16:18:34,294 INFO ✅ S3 write ok: users/ingestion_date=2025-10-20/ingestion_time=16:00:02/users.jsonl
Successfully uploaded to s3://avosoft-retail-bronze-jds-42/bronze/products/ingestion_date=2025-10-20/ingestion_time=16:00:02/products.jsonl
2025-10-21 16:18:34,610 INFO ✅ S3 write ok: products/ingestion_date=2025-10-20/ingestion_time=16:00:02/products.jsonl
Successfully uploaded to s3://avosoft-retail-bronze-jds-42/bronze/distribution_centers/ingestion_date=2025-10-20/ingestion_time=16:00:02/dcs.jsonl
2025-10-21 16:18:34,920 INFO ✅ S3 write ok: distribution_centers/ingestion_date=2025-10-20/ingestion_time=16:00:02/dcs.jsonl
2025-10-21 16:18:34,920 WARNING Failed to write s3 bronze inventory/ingestion_date=2025-10-20/ingestion_time=16:00:02/inventory.jsonl: Object of type Decimal is not JSON serializable
Successfully uploaded to s3://avosoft-retail-bronze-jds-42/bronze/orders/ingestion_date=2025-10-20/ingestion_time=16:00:02/orders.jsonl
2025-10-21 16:18:36,054 INFO ✅ S3 write ok: orders/ingestion_date=2025-10-20/ingestion_time=16:00:02/orders.jsonl
Successfully uploaded to s3://avosoft-retail-bronze-jds-42/bronze/order_items/ingestion_date=2025-10-20/ingestion_time=16:00:02/order_items.jsonl
2025-10-21 16:18:37,217 INFO ✅ S3 write ok: order_items/ingestion_date=2025-10-20/ingestion_time=16:00:02/order_items.jsonl
Successfully uploaded to s3://avosoft-retail-bronze-jds-42/bronze/payments/ingestion_date=2025-10-20/ingestion_time=16:00:02/payments.jsonl
2025-10-21 16:18:37,531 INFO ✅ S3 write ok: payments/ingestion_date=2025-10-20/ingestion_time=16:00:02/payments.jsonl
Successfully uploaded to s3://avosoft-retail-bronze-jds-42/bronze/events/ingestion_date=2025-10-20/ingestion_time=16:00:02/events.jsonl
2025-10-21 16:18:38,804 INFO ✅ S3 write ok: events/ingestion_date=2025-10-20/ingestion_time=16:00:02/events.jsonl
SUCCESS: Data generation completed
=== [2025-10-21 16:18:39] Completion status: 0 ===

Environment loaded from /home/ubuntu/avosoft_retail/.env
Running data generator for 2025-10-21...
2025-10-21 20:00:11,037 INFO DEBUG SETTINGS -> users=50, orders=750, events=5000
2025-10-21 20:00:12,176 INFO [2025-10-20] Inserted 50 new users ✅
2025-10-21 20:00:22,129 INFO [2025-10-20] Inserted 750 orders ✅
2025-10-21 20:18:06,233 INFO [2025-10-20] Inserted 658 order_items ✅
2025-10-21 20:18:07,213 INFO [2025-10-20] Inserted 750 payments ✅
2025-10-21 20:18:13,319 INFO Generated | users=50 products=5 orders=750 items=658 paid=432 events=5457
Successfully uploaded to s3://avosoft-retail-bronze-jds-42/bronze/users/ingestion_date=2025-10-20/ingestion_time=20:00:01/users.jsonl
2025-10-21 20:18:14,857 INFO ✅ S3 write ok: users/ingestion_date=2025-10-20/ingestion_time=20:00:01/users.jsonl
Successfully uploaded to s3://avosoft-retail-bronze-jds-42/bronze/products/ingestion_date=2025-10-20/ingestion_time=20:00:01/products.jsonl
2025-10-21 20:18:15,161 INFO ✅ S3 write ok: products/ingestion_date=2025-10-20/ingestion_time=20:00:01/products.jsonl
Successfully uploaded to s3://avosoft-retail-bronze-jds-42/bronze/distribution_centers/ingestion_date=2025-10-20/ingestion_time=20:00:01/dcs.jsonl
2025-10-21 20:18:15,463 INFO ✅ S3 write ok: distribution_centers/ingestion_date=2025-10-20/ingestion_time=20:00:01/dcs.jsonl
2025-10-21 20:18:15,463 WARNING Failed to write s3 bronze inventory/ingestion_date=2025-10-20/ingestion_time=20:00:01/inventory.jsonl: Object of type Decimal is not JSON serializable
Successfully uploaded to s3://avosoft-retail-bronze-jds-42/bronze/orders/ingestion_date=2025-10-20/ingestion_time=20:00:01/orders.jsonl
2025-10-21 20:18:16,371 INFO ✅ S3 write ok: orders/ingestion_date=2025-10-20/ingestion_time=20:00:01/orders.jsonl
Successfully uploaded to s3://avosoft-retail-bronze-jds-42/bronze/order_items/ingestion_date=2025-10-20/ingestion_time=20:00:01/order_items.jsonl
2025-10-21 20:18:16,951 INFO ✅ S3 write ok: order_items/ingestion_date=2025-10-20/ingestion_time=20:00:01/order_items.jsonl
Successfully uploaded to s3://avosoft-retail-bronze-jds-42/bronze/payments/ingestion_date=2025-10-20/ingestion_time=20:00:01/payments.jsonl
2025-10-21 20:18:17,294 INFO ✅ S3 write ok: payments/ingestion_date=2025-10-20/ingestion_time=20:00:01/payments.jsonl
Successfully uploaded to s3://avosoft-retail-bronze-jds-42/bronze/events/ingestion_date=2025-10-20/ingestion_time=20:00:01/events.jsonl
2025-10-21 20:18:18,553 INFO ✅ S3 write ok: events/ingestion_date=2025-10-20/ingestion_time=20:00:01/events.jsonl
SUCCESS: Data generation completed
=== [2025-10-21 20:18:18] Completion status: 0 ===

Environment loaded from /home/ubuntu/avosoft_retail/.env
Running data generator for 2025-10-22...
2025-10-22 00:00:12,241 INFO DEBUG SETTINGS -> users=50, orders=750, events=5000
2025-10-22 00:00:13,400 INFO [2025-10-21] Inserted 50 new users ✅
2025-10-22 00:00:28,512 INFO [2025-10-21] Inserted 750 orders ✅
2025-10-22 00:18:29,767 INFO [2025-10-21] Inserted 651 order_items ✅
2025-10-22 00:18:30,773 INFO [2025-10-21] Inserted 750 payments ✅
2025-10-22 00:18:36,926 INFO Generated | users=50 products=5 orders=750 items=651 paid=422 events=5446
Successfully uploaded to s3://avosoft-retail-bronze-jds-42/bronze/users/ingestion_date=2025-10-21/ingestion_time=00:00:03/users.jsonl
2025-10-22 00:18:38,477 INFO ✅ S3 write ok: users/ingestion_date=2025-10-21/ingestion_time=00:00:03/users.jsonl
Successfully uploaded to s3://avosoft-retail-bronze-jds-42/bronze/products/ingestion_date=2025-10-21/ingestion_time=00:00:03/products.jsonl
2025-10-22 00:18:38,776 INFO ✅ S3 write ok: products/ingestion_date=2025-10-21/ingestion_time=00:00:03/products.jsonl
Successfully uploaded to s3://avosoft-retail-bronze-jds-42/bronze/distribution_centers/ingestion_date=2025-10-21/ingestion_time=00:00:03/dcs.jsonl
2025-10-22 00:18:39,074 INFO ✅ S3 write ok: distribution_centers/ingestion_date=2025-10-21/ingestion_time=00:00:03/dcs.jsonl
2025-10-22 00:18:39,074 WARNING Failed to write s3 bronze inventory/ingestion_date=2025-10-21/ingestion_time=00:00:03/inventory.jsonl: Object of type Decimal is not JSON serializable
Successfully uploaded to s3://avosoft-retail-bronze-jds-42/bronze/orders/ingestion_date=2025-10-21/ingestion_time=00:00:03/orders.jsonl
2025-10-22 00:18:40,240 INFO ✅ S3 write ok: orders/ingestion_date=2025-10-21/ingestion_time=00:00:03/orders.jsonl
Successfully uploaded to s3://avosoft-retail-bronze-jds-42/bronze/order_items/ingestion_date=2025-10-21/ingestion_time=00:00:03/order_items.jsonl
2025-10-22 00:18:40,863 INFO ✅ S3 write ok: order_items/ingestion_date=2025-10-21/ingestion_time=00:00:03/order_items.jsonl
Successfully uploaded to s3://avosoft-retail-bronze-jds-42/bronze/payments/ingestion_date=2025-10-21/ingestion_time=00:00:03/payments.jsonl
2025-10-22 00:18:41,187 INFO ✅ S3 write ok: payments/ingestion_date=2025-10-21/ingestion_time=00:00:03/payments.jsonl
Successfully uploaded to s3://avosoft-retail-bronze-jds-42/bronze/events/ingestion_date=2025-10-21/ingestion_time=00:00:03/events.jsonl
2025-10-22 00:18:42,478 INFO ✅ S3 write ok: events/ingestion_date=2025-10-21/ingestion_time=00:00:03/events.jsonl
SUCCESS: Data generation completed
=== [2025-10-22 00:18:42] Completion status: 0 ===

Environment loaded from /home/ubuntu/avosoft_retail/.env
Running data generator for 2025-10-22...
2025-10-22 04:00:12,539 INFO DEBUG SETTINGS -> users=50, orders=750, events=5000
2025-10-22 04:00:13,680 INFO [2025-10-21] Inserted 50 new users ✅
2025-10-22 04:00:24,447 INFO [2025-10-21] Inserted 750 orders ✅
2025-10-22 04:18:06,426 INFO [2025-10-21] Inserted 654 order_items ✅
2025-10-22 04:18:07,416 INFO [2025-10-21] Inserted 750 payments ✅
2025-10-22 04:18:13,524 INFO Generated | users=50 products=5 orders=750 items=654 paid=434 events=5459
Successfully uploaded to s3://avosoft-retail-bronze-jds-42/bronze/users/ingestion_date=2025-10-21/ingestion_time=04:00:02/users.jsonl
2025-10-22 04:18:14,762 INFO ✅ S3 write ok: users/ingestion_date=2025-10-21/ingestion_time=04:00:02/users.jsonl
Successfully uploaded to s3://avosoft-retail-bronze-jds-42/bronze/products/ingestion_date=2025-10-21/ingestion_time=04:00:02/products.jsonl
2025-10-22 04:18:15,067 INFO ✅ S3 write ok: products/ingestion_date=2025-10-21/ingestion_time=04:00:02/products.jsonl
Successfully uploaded to s3://avosoft-retail-bronze-jds-42/bronze/distribution_centers/ingestion_date=2025-10-21/ingestion_time=04:00:02/dcs.jsonl
2025-10-22 04:18:15,373 INFO ✅ S3 write ok: distribution_centers/ingestion_date=2025-10-21/ingestion_time=04:00:02/dcs.jsonl
2025-10-22 04:18:15,373 WARNING Failed to write s3 bronze inventory/ingestion_date=2025-10-21/ingestion_time=04:00:02/inventory.jsonl: Object of type Decimal is not JSON serializable
Successfully uploaded to s3://avosoft-retail-bronze-jds-42/bronze/orders/ingestion_date=2025-10-21/ingestion_time=04:00:02/orders.jsonl
2025-10-22 04:18:16,505 INFO ✅ S3 write ok: orders/ingestion_date=2025-10-21/ingestion_time=04:00:02/orders.jsonl
Successfully uploaded to s3://avosoft-retail-bronze-jds-42/bronze/order_items/ingestion_date=2025-10-21/ingestion_time=04:00:02/order_items.jsonl
2025-10-22 04:18:17,170 INFO ✅ S3 write ok: order_items/ingestion_date=2025-10-21/ingestion_time=04:00:02/order_items.jsonl
Successfully uploaded to s3://avosoft-retail-bronze-jds-42/bronze/payments/ingestion_date=2025-10-21/ingestion_time=04:00:02/payments.jsonl
2025-10-22 04:18:17,499 INFO ✅ S3 write ok: payments/ingestion_date=2025-10-21/ingestion_time=04:00:02/payments.jsonl
Successfully uploaded to s3://avosoft-retail-bronze-jds-42/bronze/events/ingestion_date=2025-10-21/ingestion_time=04:00:02/events.jsonl
2025-10-22 04:18:18,575 INFO ✅ S3 write ok: events/ingestion_date=2025-10-21/ingestion_time=04:00:02/events.jsonl
SUCCESS: Data generation completed
=== [2025-10-22 04:18:18] Completion status: 0 ===

Environment loaded from /home/ubuntu/avosoft_retail/.env
Running data generator for 2025-10-22...
2025-10-22 08:00:12,742 INFO DEBUG SETTINGS -> users=50, orders=750, events=5000
2025-10-22 08:00:13,913 INFO [2025-10-21] Inserted 50 new users ✅
2025-10-22 08:00:27,404 INFO [2025-10-21] Inserted 750 orders ✅
2025-10-22 08:18:27,951 INFO [2025-10-21] Inserted 649 order_items ✅
2025-10-22 08:18:28,926 INFO [2025-10-21] Inserted 750 payments ✅
2025-10-22 08:18:35,021 INFO Generated | users=50 products=5 orders=750 items=649 paid=417 events=5442
Successfully uploaded to s3://avosoft-retail-bronze-jds-42/bronze/users/ingestion_date=2025-10-21/ingestion_time=08:00:03/users.jsonl
2025-10-22 08:18:36,567 INFO ✅ S3 write ok: users/ingestion_date=2025-10-21/ingestion_time=08:00:03/users.jsonl
Successfully uploaded to s3://avosoft-retail-bronze-jds-42/bronze/products/ingestion_date=2025-10-21/ingestion_time=08:00:03/products.jsonl
2025-10-22 08:18:36,874 INFO ✅ S3 write ok: products/ingestion_date=2025-10-21/ingestion_time=08:00:03/products.jsonl
Successfully uploaded to s3://avosoft-retail-bronze-jds-42/bronze/distribution_centers/ingestion_date=2025-10-21/ingestion_time=08:00:03/dcs.jsonl
2025-10-22 08:18:37,180 INFO ✅ S3 write ok: distribution_centers/ingestion_date=2025-10-21/ingestion_time=08:00:03/dcs.jsonl
2025-10-22 08:18:37,181 WARNING Failed to write s3 bronze inventory/ingestion_date=2025-10-21/ingestion_time=08:00:03/inventory.jsonl: Object of type Decimal is not JSON serializable
Successfully uploaded to s3://avosoft-retail-bronze-jds-42/bronze/orders/ingestion_date=2025-10-21/ingestion_time=08:00:03/orders.jsonl
2025-10-22 08:18:38,370 INFO ✅ S3 write ok: orders/ingestion_date=2025-10-21/ingestion_time=08:00:03/orders.jsonl
Successfully uploaded to s3://avosoft-retail-bronze-jds-42/bronze/order_items/ingestion_date=2025-10-21/ingestion_time=08:00:03/order_items.jsonl
2025-10-22 08:18:39,535 INFO ✅ S3 write ok: order_items/ingestion_date=2025-10-21/ingestion_time=08:00:03/order_items.jsonl
Successfully uploaded to s3://avosoft-retail-bronze-jds-42/bronze/payments/ingestion_date=2025-10-21/ingestion_time=08:00:03/payments.jsonl
2025-10-22 08:18:39,901 INFO ✅ S3 write ok: payments/ingestion_date=2025-10-21/ingestion_time=08:00:03/payments.jsonl
Successfully uploaded to s3://avosoft-retail-bronze-jds-42/bronze/events/ingestion_date=2025-10-21/ingestion_time=08:00:03/events.jsonl
2025-10-22 08:18:41,202 INFO ✅ S3 write ok: events/ingestion_date=2025-10-21/ingestion_time=08:00:03/events.jsonl
SUCCESS: Data generation completed
=== [2025-10-22 08:18:41] Completion status: 0 ===

Environment loaded from /home/ubuntu/avosoft_retail/.env
Running data generator for 2025-10-22...
2025-10-22 12:00:10,646 INFO DEBUG SETTINGS -> users=50, orders=750, events=5000
2025-10-22 12:00:11,803 INFO [2025-10-21] Inserted 50 new users ✅
2025-10-22 12:00:21,866 INFO [2025-10-21] Inserted 750 orders ✅
2025-10-22 12:18:15,584 INFO [2025-10-21] Inserted 647 order_items ✅
2025-10-22 12:18:16,613 INFO [2025-10-21] Inserted 750 payments ✅
2025-10-22 12:18:22,939 INFO Generated | users=50 products=5 orders=750 items=647 paid=432 events=5457
Successfully uploaded to s3://avosoft-retail-bronze-jds-42/bronze/users/ingestion_date=2025-10-21/ingestion_time=12:00:02/users.jsonl
2025-10-22 12:18:24,170 INFO ✅ S3 write ok: users/ingestion_date=2025-10-21/ingestion_time=12:00:02/users.jsonl
Successfully uploaded to s3://avosoft-retail-bronze-jds-42/bronze/products/ingestion_date=2025-10-21/ingestion_time=12:00:02/products.jsonl
2025-10-22 12:18:24,484 INFO ✅ S3 write ok: products/ingestion_date=2025-10-21/ingestion_time=12:00:02/products.jsonl
Successfully uploaded to s3://avosoft-retail-bronze-jds-42/bronze/distribution_centers/ingestion_date=2025-10-21/ingestion_time=12:00:02/dcs.jsonl
2025-10-22 12:18:24,785 INFO ✅ S3 write ok: distribution_centers/ingestion_date=2025-10-21/ingestion_time=12:00:02/dcs.jsonl
2025-10-22 12:18:24,785 WARNING Failed to write s3 bronze inventory/ingestion_date=2025-10-21/ingestion_time=12:00:02/inventory.jsonl: Object of type Decimal is not JSON serializable
Successfully uploaded to s3://avosoft-retail-bronze-jds-42/bronze/orders/ingestion_date=2025-10-21/ingestion_time=12:00:02/orders.jsonl
2025-10-22 12:18:25,673 INFO ✅ S3 write ok: orders/ingestion_date=2025-10-21/ingestion_time=12:00:02/orders.jsonl
Successfully uploaded to s3://avosoft-retail-bronze-jds-42/bronze/order_items/ingestion_date=2025-10-21/ingestion_time=12:00:02/order_items.jsonl
2025-10-22 12:18:26,286 INFO ✅ S3 write ok: order_items/ingestion_date=2025-10-21/ingestion_time=12:00:02/order_items.jsonl
Successfully uploaded to s3://avosoft-retail-bronze-jds-42/bronze/payments/ingestion_date=2025-10-21/ingestion_time=12:00:02/payments.jsonl
2025-10-22 12:18:26,600 INFO ✅ S3 write ok: payments/ingestion_date=2025-10-21/ingestion_time=12:00:02/payments.jsonl
Successfully uploaded to s3://avosoft-retail-bronze-jds-42/bronze/events/ingestion_date=2025-10-21/ingestion_time=12:00:02/events.jsonl
2025-10-22 12:18:27,895 INFO ✅ S3 write ok: events/ingestion_date=2025-10-21/ingestion_time=12:00:02/events.jsonl
SUCCESS: Data generation completed
=== [2025-10-22 12:18:28] Completion status: 0 ===

Environment loaded from /home/ubuntu/avosoft_retail/.env
Running data generator for 2025-10-22...
2025-10-22 16:00:10,937 INFO DEBUG SETTINGS -> users=50, orders=750, events=5000
2025-10-22 16:00:12,113 INFO [2025-10-21] Inserted 50 new users ✅
2025-10-22 16:00:25,623 INFO [2025-10-21] Inserted 750 orders ✅
2025-10-22 16:18:25,742 INFO [2025-10-21] Inserted 643 order_items ✅
2025-10-22 16:18:26,747 INFO [2025-10-21] Inserted 750 payments ✅
2025-10-22 16:18:32,736 INFO Generated | users=50 products=5 orders=750 items=643 paid=413 events=5439
Successfully uploaded to s3://avosoft-retail-bronze-jds-42/bronze/users/ingestion_date=2025-10-21/ingestion_time=16:00:01/users.jsonl
2025-10-22 16:18:34,568 INFO ✅ S3 write ok: users/ingestion_date=2025-10-21/ingestion_time=16:00:01/users.jsonl
Successfully uploaded to s3://avosoft-retail-bronze-jds-42/bronze/products/ingestion_date=2025-10-21/ingestion_time=16:00:01/products.jsonl
2025-10-22 16:18:34,874 INFO ✅ S3 write ok: products/ingestion_date=2025-10-21/ingestion_time=16:00:01/products.jsonl
Successfully uploaded to s3://avosoft-retail-bronze-jds-42/bronze/distribution_centers/ingestion_date=2025-10-21/ingestion_time=16:00:01/dcs.jsonl
2025-10-22 16:18:35,178 INFO ✅ S3 write ok: distribution_centers/ingestion_date=2025-10-21/ingestion_time=16:00:01/dcs.jsonl
2025-10-22 16:18:35,178 WARNING Failed to write s3 bronze inventory/ingestion_date=2025-10-21/ingestion_time=16:00:01/inventory.jsonl: Object of type Decimal is not JSON serializable
Successfully uploaded to s3://avosoft-retail-bronze-jds-42/bronze/orders/ingestion_date=2025-10-21/ingestion_time=16:00:01/orders.jsonl
2025-10-22 16:18:36,317 INFO ✅ S3 write ok: orders/ingestion_date=2025-10-21/ingestion_time=16:00:01/orders.jsonl
Successfully uploaded to s3://avosoft-retail-bronze-jds-42/bronze/order_items/ingestion_date=2025-10-21/ingestion_time=16:00:01/order_items.jsonl
2025-10-22 16:18:37,485 INFO ✅ S3 write ok: order_items/ingestion_date=2025-10-21/ingestion_time=16:00:01/order_items.jsonl
Successfully uploaded to s3://avosoft-retail-bronze-jds-42/bronze/payments/ingestion_date=2025-10-21/ingestion_time=16:00:01/payments.jsonl
2025-10-22 16:18:37,847 INFO ✅ S3 write ok: payments/ingestion_date=2025-10-21/ingestion_time=16:00:01/payments.jsonl
Successfully uploaded to s3://avosoft-retail-bronze-jds-42/bronze/events/ingestion_date=2025-10-21/ingestion_time=16:00:01/events.jsonl
2025-10-22 16:18:39,074 INFO ✅ S3 write ok: events/ingestion_date=2025-10-21/ingestion_time=16:00:01/events.jsonl
SUCCESS: Data generation completed
=== [2025-10-22 16:18:39] Completion status: 0 ===

Environment loaded from /home/ubuntu/avosoft_retail/.env
Running data generator for 2025-10-22...
2025-10-22 20:00:11,501 INFO DEBUG SETTINGS -> users=50, orders=750, events=5000
2025-10-22 20:00:12,668 INFO [2025-10-21] Inserted 50 new users ✅
2025-10-22 20:00:22,779 INFO [2025-10-21] Inserted 750 orders ✅
2025-10-22 20:18:26,048 INFO [2025-10-21] Inserted 644 order_items ✅
2025-10-22 20:18:27,091 INFO [2025-10-21] Inserted 750 payments ✅
2025-10-22 20:18:33,208 INFO Generated | users=50 products=5 orders=750 items=644 paid=420 events=5446
Successfully uploaded to s3://avosoft-retail-bronze-jds-42/bronze/users/ingestion_date=2025-10-21/ingestion_time=20:00:02/users.jsonl
2025-10-22 20:18:34,744 INFO ✅ S3 write ok: users/ingestion_date=2025-10-21/ingestion_time=20:00:02/users.jsonl
Successfully uploaded to s3://avosoft-retail-bronze-jds-42/bronze/products/ingestion_date=2025-10-21/ingestion_time=20:00:02/products.jsonl
2025-10-22 20:18:35,042 INFO ✅ S3 write ok: products/ingestion_date=2025-10-21/ingestion_time=20:00:02/products.jsonl
Successfully uploaded to s3://avosoft-retail-bronze-jds-42/bronze/distribution_centers/ingestion_date=2025-10-21/ingestion_time=20:00:02/dcs.jsonl
2025-10-22 20:18:35,341 INFO ✅ S3 write ok: distribution_centers/ingestion_date=2025-10-21/ingestion_time=20:00:02/dcs.jsonl
2025-10-22 20:18:35,341 WARNING Failed to write s3 bronze inventory/ingestion_date=2025-10-21/ingestion_time=20:00:02/inventory.jsonl: Object of type Decimal is not JSON serializable
Successfully uploaded to s3://avosoft-retail-bronze-jds-42/bronze/orders/ingestion_date=2025-10-21/ingestion_time=20:00:02/orders.jsonl
2025-10-22 20:18:36,453 INFO ✅ S3 write ok: orders/ingestion_date=2025-10-21/ingestion_time=20:00:02/orders.jsonl
Successfully uploaded to s3://avosoft-retail-bronze-jds-42/bronze/order_items/ingestion_date=2025-10-21/ingestion_time=20:00:02/order_items.jsonl
2025-10-22 20:18:37,604 INFO ✅ S3 write ok: order_items/ingestion_date=2025-10-21/ingestion_time=20:00:02/order_items.jsonl
Successfully uploaded to s3://avosoft-retail-bronze-jds-42/bronze/payments/ingestion_date=2025-10-21/ingestion_time=20:00:02/payments.jsonl
2025-10-22 20:18:37,925 INFO ✅ S3 write ok: payments/ingestion_date=2025-10-21/ingestion_time=20:00:02/payments.jsonl
Successfully uploaded to s3://avosoft-retail-bronze-jds-42/bronze/events/ingestion_date=2025-10-21/ingestion_time=20:00:02/events.jsonl
2025-10-22 20:18:39,200 INFO ✅ S3 write ok: events/ingestion_date=2025-10-21/ingestion_time=20:00:02/events.jsonl
SUCCESS: Data generation completed
=== [2025-10-22 20:18:39] Completion status: 0 ===

Environment loaded from /home/ubuntu/avosoft_retail/.env
Running data generator for 2025-10-23...
2025-10-23 00:00:11,210 INFO DEBUG SETTINGS -> users=50, orders=750, events=5000
2025-10-23 00:00:12,374 INFO [2025-10-22] Inserted 50 new users ✅
2025-10-23 00:00:30,072 INFO [2025-10-22] Inserted 750 orders ✅
2025-10-23 00:18:18,887 INFO [2025-10-22] Inserted 640 order_items ✅
2025-10-23 00:18:19,906 INFO [2025-10-22] Inserted 750 payments ✅
2025-10-23 00:18:26,204 INFO Generated | users=50 products=5 orders=750 items=640 paid=425 events=5451
Successfully uploaded to s3://avosoft-retail-bronze-jds-42/bronze/users/ingestion_date=2025-10-22/ingestion_time=00:00:02/users.jsonl
2025-10-23 00:18:27,741 INFO ✅ S3 write ok: users/ingestion_date=2025-10-22/ingestion_time=00:00:02/users.jsonl
Successfully uploaded to s3://avosoft-retail-bronze-jds-42/bronze/products/ingestion_date=2025-10-22/ingestion_time=00:00:02/products.jsonl
2025-10-23 00:18:28,043 INFO ✅ S3 write ok: products/ingestion_date=2025-10-22/ingestion_time=00:00:02/products.jsonl
Successfully uploaded to s3://avosoft-retail-bronze-jds-42/bronze/distribution_centers/ingestion_date=2025-10-22/ingestion_time=00:00:02/dcs.jsonl
2025-10-23 00:18:28,342 INFO ✅ S3 write ok: distribution_centers/ingestion_date=2025-10-22/ingestion_time=00:00:02/dcs.jsonl
2025-10-23 00:18:28,342 WARNING Failed to write s3 bronze inventory/ingestion_date=2025-10-22/ingestion_time=00:00:02/inventory.jsonl: Object of type Decimal is not JSON serializable
Successfully uploaded to s3://avosoft-retail-bronze-jds-42/bronze/orders/ingestion_date=2025-10-22/ingestion_time=00:00:02/orders.jsonl
2025-10-23 00:18:29,476 INFO ✅ S3 write ok: orders/ingestion_date=2025-10-22/ingestion_time=00:00:02/orders.jsonl
Successfully uploaded to s3://avosoft-retail-bronze-jds-42/bronze/order_items/ingestion_date=2025-10-22/ingestion_time=00:00:02/order_items.jsonl
2025-10-23 00:18:30,617 INFO ✅ S3 write ok: order_items/ingestion_date=2025-10-22/ingestion_time=00:00:02/order_items.jsonl
Successfully uploaded to s3://avosoft-retail-bronze-jds-42/bronze/payments/ingestion_date=2025-10-22/ingestion_time=00:00:02/payments.jsonl
2025-10-23 00:18:30,996 INFO ✅ S3 write ok: payments/ingestion_date=2025-10-22/ingestion_time=00:00:02/payments.jsonl
Successfully uploaded to s3://avosoft-retail-bronze-jds-42/bronze/events/ingestion_date=2025-10-22/ingestion_time=00:00:02/events.jsonl
2025-10-23 00:18:32,559 INFO ✅ S3 write ok: events/ingestion_date=2025-10-22/ingestion_time=00:00:02/events.jsonl
SUCCESS: Data generation completed
=== [2025-10-23 00:18:32] Completion status: 0 ===

Environment loaded from /home/ubuntu/avosoft_retail/.env
Running data generator for 2025-10-23...
2025-10-23 04:00:11,631 INFO DEBUG SETTINGS -> users=50, orders=750, events=5000
2025-10-23 04:00:12,803 INFO [2025-10-22] Inserted 50 new users ✅
2025-10-23 04:00:21,216 INFO [2025-10-22] Inserted 750 orders ✅
2025-10-23 04:18:21,971 INFO [2025-10-22] Inserted 642 order_items ✅
2025-10-23 04:18:22,992 INFO [2025-10-22] Inserted 750 payments ✅
2025-10-23 04:18:29,148 INFO Generated | users=50 products=5 orders=750 items=642 paid=426 events=5451
Successfully uploaded to s3://avosoft-retail-bronze-jds-42/bronze/users/ingestion_date=2025-10-22/ingestion_time=04:00:02/users.jsonl
2025-10-23 04:18:30,684 INFO ✅ S3 write ok: users/ingestion_date=2025-10-22/ingestion_time=04:00:02/users.jsonl
Successfully uploaded to s3://avosoft-retail-bronze-jds-42/bronze/products/ingestion_date=2025-10-22/ingestion_time=04:00:02/products.jsonl
2025-10-23 04:18:30,986 INFO ✅ S3 write ok: products/ingestion_date=2025-10-22/ingestion_time=04:00:02/products.jsonl
Successfully uploaded to s3://avosoft-retail-bronze-jds-42/bronze/distribution_centers/ingestion_date=2025-10-22/ingestion_time=04:00:02/dcs.jsonl
2025-10-23 04:18:31,286 INFO ✅ S3 write ok: distribution_centers/ingestion_date=2025-10-22/ingestion_time=04:00:02/dcs.jsonl
2025-10-23 04:18:31,286 WARNING Failed to write s3 bronze inventory/ingestion_date=2025-10-22/ingestion_time=04:00:02/inventory.jsonl: Object of type Decimal is not JSON serializable
Successfully uploaded to s3://avosoft-retail-bronze-jds-42/bronze/orders/ingestion_date=2025-10-22/ingestion_time=04:00:02/orders.jsonl
2025-10-23 04:18:32,213 INFO ✅ S3 write ok: orders/ingestion_date=2025-10-22/ingestion_time=04:00:02/orders.jsonl
Successfully uploaded to s3://avosoft-retail-bronze-jds-42/bronze/order_items/ingestion_date=2025-10-22/ingestion_time=04:00:02/order_items.jsonl
2025-10-23 04:18:33,369 INFO ✅ S3 write ok: order_items/ingestion_date=2025-10-22/ingestion_time=04:00:02/order_items.jsonl
Successfully uploaded to s3://avosoft-retail-bronze-jds-42/bronze/payments/ingestion_date=2025-10-22/ingestion_time=04:00:02/payments.jsonl
2025-10-23 04:18:33,704 INFO ✅ S3 write ok: payments/ingestion_date=2025-10-22/ingestion_time=04:00:02/payments.jsonl
Successfully uploaded to s3://avosoft-retail-bronze-jds-42/bronze/events/ingestion_date=2025-10-22/ingestion_time=04:00:02/events.jsonl
2025-10-23 04:18:35,026 INFO ✅ S3 write ok: events/ingestion_date=2025-10-22/ingestion_time=04:00:02/events.jsonl
SUCCESS: Data generation completed
=== [2025-10-23 04:18:35] Completion status: 0 ===

Environment loaded from /home/ubuntu/avosoft_retail/.env
Running data generator for 2025-10-23...
2025-10-23 08:00:11,539 INFO DEBUG SETTINGS -> users=50, orders=750, events=5000
2025-10-23 08:00:12,696 INFO [2025-10-22] Inserted 50 new users ✅
2025-10-23 08:00:26,943 INFO [2025-10-22] Inserted 750 orders ✅
2025-10-23 08:18:11,284 INFO [2025-10-22] Inserted 637 order_items ✅
2025-10-23 08:18:12,285 INFO [2025-10-22] Inserted 750 payments ✅
2025-10-23 08:18:18,335 INFO Generated | users=50 products=5 orders=750 items=637 paid=426 events=5451
Successfully uploaded to s3://avosoft-retail-bronze-jds-42/bronze/users/ingestion_date=2025-10-22/ingestion_time=08:00:02/users.jsonl
2025-10-23 08:18:20,152 INFO ✅ S3 write ok: users/ingestion_date=2025-10-22/ingestion_time=08:00:02/users.jsonl
Successfully uploaded to s3://avosoft-retail-bronze-jds-42/bronze/products/ingestion_date=2025-10-22/ingestion_time=08:00:02/products.jsonl
2025-10-23 08:18:20,453 INFO ✅ S3 write ok: products/ingestion_date=2025-10-22/ingestion_time=08:00:02/products.jsonl
Successfully uploaded to s3://avosoft-retail-bronze-jds-42/bronze/distribution_centers/ingestion_date=2025-10-22/ingestion_time=08:00:02/dcs.jsonl
2025-10-23 08:18:20,754 INFO ✅ S3 write ok: distribution_centers/ingestion_date=2025-10-22/ingestion_time=08:00:02/dcs.jsonl
2025-10-23 08:18:20,754 WARNING Failed to write s3 bronze inventory/ingestion_date=2025-10-22/ingestion_time=08:00:02/inventory.jsonl: Object of type Decimal is not JSON serializable
Successfully uploaded to s3://avosoft-retail-bronze-jds-42/bronze/orders/ingestion_date=2025-10-22/ingestion_time=08:00:02/orders.jsonl
2025-10-23 08:18:21,909 INFO ✅ S3 write ok: orders/ingestion_date=2025-10-22/ingestion_time=08:00:02/orders.jsonl
Successfully uploaded to s3://avosoft-retail-bronze-jds-42/bronze/order_items/ingestion_date=2025-10-22/ingestion_time=08:00:02/order_items.jsonl
2025-10-23 08:18:22,815 INFO ✅ S3 write ok: order_items/ingestion_date=2025-10-22/ingestion_time=08:00:02/order_items.jsonl
Successfully uploaded to s3://avosoft-retail-bronze-jds-42/bronze/payments/ingestion_date=2025-10-22/ingestion_time=08:00:02/payments.jsonl
2025-10-23 08:18:23,169 INFO ✅ S3 write ok: payments/ingestion_date=2025-10-22/ingestion_time=08:00:02/payments.jsonl
Successfully uploaded to s3://avosoft-retail-bronze-jds-42/bronze/events/ingestion_date=2025-10-22/ingestion_time=08:00:02/events.jsonl
2025-10-23 08:18:24,448 INFO ✅ S3 write ok: events/ingestion_date=2025-10-22/ingestion_time=08:00:02/events.jsonl
SUCCESS: Data generation completed
=== [2025-10-23 08:18:24] Completion status: 0 ===

Environment loaded from /home/ubuntu/avosoft_retail/.env
Running data generator for 2025-10-23...
2025-10-23 12:00:11,132 INFO DEBUG SETTINGS -> users=50, orders=750, events=5000
2025-10-23 12:00:12,276 INFO [2025-10-22] Inserted 50 new users ✅
2025-10-23 12:00:25,869 INFO [2025-10-22] Inserted 750 orders ✅
2025-10-23 12:17:55,051 INFO [2025-10-22] Inserted 637 order_items ✅
2025-10-23 12:17:56,057 INFO [2025-10-22] Inserted 750 payments ✅
2025-10-23 12:18:02,125 INFO Generated | users=50 products=5 orders=750 items=637 paid=426 events=5451
Successfully uploaded to s3://avosoft-retail-bronze-jds-42/bronze/users/ingestion_date=2025-10-22/ingestion_time=12:00:02/users.jsonl
2025-10-23 12:18:03,704 INFO ✅ S3 write ok: users/ingestion_date=2025-10-22/ingestion_time=12:00:02/users.jsonl
Successfully uploaded to s3://avosoft-retail-bronze-jds-42/bronze/products/ingestion_date=2025-10-22/ingestion_time=12:00:02/products.jsonl
2025-10-23 12:18:04,008 INFO ✅ S3 write ok: products/ingestion_date=2025-10-22/ingestion_time=12:00:02/products.jsonl
Successfully uploaded to s3://avosoft-retail-bronze-jds-42/bronze/distribution_centers/ingestion_date=2025-10-22/ingestion_time=12:00:02/dcs.jsonl
2025-10-23 12:18:04,310 INFO ✅ S3 write ok: distribution_centers/ingestion_date=2025-10-22/ingestion_time=12:00:02/dcs.jsonl
2025-10-23 12:18:04,310 WARNING Failed to write s3 bronze inventory/ingestion_date=2025-10-22/ingestion_time=12:00:02/inventory.jsonl: Object of type Decimal is not JSON serializable
Successfully uploaded to s3://avosoft-retail-bronze-jds-42/bronze/orders/ingestion_date=2025-10-22/ingestion_time=12:00:02/orders.jsonl
2025-10-23 12:18:05,191 INFO ✅ S3 write ok: orders/ingestion_date=2025-10-22/ingestion_time=12:00:02/orders.jsonl
Successfully uploaded to s3://avosoft-retail-bronze-jds-42/bronze/order_items/ingestion_date=2025-10-22/ingestion_time=12:00:02/order_items.jsonl
2025-10-23 12:18:05,788 INFO ✅ S3 write ok: order_items/ingestion_date=2025-10-22/ingestion_time=12:00:02/order_items.jsonl
Successfully uploaded to s3://avosoft-retail-bronze-jds-42/bronze/payments/ingestion_date=2025-10-22/ingestion_time=12:00:02/payments.jsonl
2025-10-23 12:18:06,138 INFO ✅ S3 write ok: payments/ingestion_date=2025-10-22/ingestion_time=12:00:02/payments.jsonl
Successfully uploaded to s3://avosoft-retail-bronze-jds-42/bronze/events/ingestion_date=2025-10-22/ingestion_time=12:00:02/events.jsonl
2025-10-23 12:18:07,390 INFO ✅ S3 write ok: events/ingestion_date=2025-10-22/ingestion_time=12:00:02/events.jsonl
SUCCESS: Data generation completed
=== [2025-10-23 12:18:07] Completion status: 0 ===

Environment loaded from /home/ubuntu/avosoft_retail/.env
Running data generator for 2025-10-23...
2025-10-23 16:00:11,298 INFO DEBUG SETTINGS -> users=50, orders=750, events=5000
2025-10-23 16:00:12,465 INFO [2025-10-22] Inserted 50 new users ✅
2025-10-23 16:00:21,709 INFO [2025-10-22] Inserted 750 orders ✅
2025-10-23 16:18:12,288 INFO [2025-10-22] Inserted 636 order_items ✅
2025-10-23 16:18:13,313 INFO [2025-10-22] Inserted 750 payments ✅
2025-10-23 16:18:19,314 INFO Generated | users=50 products=5 orders=750 items=636 paid=415 events=5439
Successfully uploaded to s3://avosoft-retail-bronze-jds-42/bronze/users/ingestion_date=2025-10-22/ingestion_time=16:00:02/users.jsonl
2025-10-23 16:18:20,762 INFO ✅ S3 write ok: users/ingestion_date=2025-10-22/ingestion_time=16:00:02/users.jsonl
Successfully uploaded to s3://avosoft-retail-bronze-jds-42/bronze/products/ingestion_date=2025-10-22/ingestion_time=16:00:02/products.jsonl
2025-10-23 16:18:21,068 INFO ✅ S3 write ok: products/ingestion_date=2025-10-22/ingestion_time=16:00:02/products.jsonl
Successfully uploaded to s3://avosoft-retail-bronze-jds-42/bronze/distribution_centers/ingestion_date=2025-10-22/ingestion_time=16:00:02/dcs.jsonl
2025-10-23 16:18:21,373 INFO ✅ S3 write ok: distribution_centers/ingestion_date=2025-10-22/ingestion_time=16:00:02/dcs.jsonl
2025-10-23 16:18:21,373 WARNING Failed to write s3 bronze inventory/ingestion_date=2025-10-22/ingestion_time=16:00:02/inventory.jsonl: Object of type Decimal is not JSON serializable
Successfully uploaded to s3://avosoft-retail-bronze-jds-42/bronze/orders/ingestion_date=2025-10-22/ingestion_time=16:00:02/orders.jsonl
2025-10-23 16:18:22,530 INFO ✅ S3 write ok: orders/ingestion_date=2025-10-22/ingestion_time=16:00:02/orders.jsonl
Successfully uploaded to s3://avosoft-retail-bronze-jds-42/bronze/order_items/ingestion_date=2025-10-22/ingestion_time=16:00:02/order_items.jsonl
2025-10-23 16:18:23,461 INFO ✅ S3 write ok: order_items/ingestion_date=2025-10-22/ingestion_time=16:00:02/order_items.jsonl
Successfully uploaded to s3://avosoft-retail-bronze-jds-42/bronze/payments/ingestion_date=2025-10-22/ingestion_time=16:00:02/payments.jsonl
2025-10-23 16:18:23,776 INFO ✅ S3 write ok: payments/ingestion_date=2025-10-22/ingestion_time=16:00:02/payments.jsonl
Successfully uploaded to s3://avosoft-retail-bronze-jds-42/bronze/events/ingestion_date=2025-10-22/ingestion_time=16:00:02/events.jsonl
2025-10-23 16:18:25,083 INFO ✅ S3 write ok: events/ingestion_date=2025-10-22/ingestion_time=16:00:02/events.jsonl
SUCCESS: Data generation completed
=== [2025-10-23 16:18:25] Completion status: 0 ===

Environment loaded from /home/ubuntu/avosoft_retail/.env
Running data generator for 2025-10-23...
2025-10-23 20:00:11,541 INFO DEBUG SETTINGS -> users=50, orders=750, events=5000
2025-10-23 20:00:12,713 INFO [2025-10-22] Inserted 50 new users ✅
2025-10-23 20:00:24,575 INFO [2025-10-22] Inserted 750 orders ✅
2025-10-23 20:18:16,657 INFO [2025-10-22] Inserted 631 order_items ✅
2025-10-23 20:18:17,676 INFO [2025-10-22] Inserted 750 payments ✅
2025-10-23 20:18:23,913 INFO Generated | users=50 products=5 orders=750 items=631 paid=423 events=5447
Successfully uploaded to s3://avosoft-retail-bronze-jds-42/bronze/users/ingestion_date=2025-10-22/ingestion_time=20:00:02/users.jsonl
2025-10-23 20:18:25,678 INFO ✅ S3 write ok: users/ingestion_date=2025-10-22/ingestion_time=20:00:02/users.jsonl
Successfully uploaded to s3://avosoft-retail-bronze-jds-42/bronze/products/ingestion_date=2025-10-22/ingestion_time=20:00:02/products.jsonl
2025-10-23 20:18:25,980 INFO ✅ S3 write ok: products/ingestion_date=2025-10-22/ingestion_time=20:00:02/products.jsonl
Successfully uploaded to s3://avosoft-retail-bronze-jds-42/bronze/distribution_centers/ingestion_date=2025-10-22/ingestion_time=20:00:02/dcs.jsonl
2025-10-23 20:18:26,282 INFO ✅ S3 write ok: distribution_centers/ingestion_date=2025-10-22/ingestion_time=20:00:02/dcs.jsonl
2025-10-23 20:18:26,282 WARNING Failed to write s3 bronze inventory/ingestion_date=2025-10-22/ingestion_time=20:00:02/inventory.jsonl: Object of type Decimal is not JSON serializable
Successfully uploaded to s3://avosoft-retail-bronze-jds-42/bronze/orders/ingestion_date=2025-10-22/ingestion_time=20:00:02/orders.jsonl
2025-10-23 20:18:27,180 INFO ✅ S3 write ok: orders/ingestion_date=2025-10-22/ingestion_time=20:00:02/orders.jsonl
Successfully uploaded to s3://avosoft-retail-bronze-jds-42/bronze/order_items/ingestion_date=2025-10-22/ingestion_time=20:00:02/order_items.jsonl
2025-10-23 20:18:27,806 INFO ✅ S3 write ok: order_items/ingestion_date=2025-10-22/ingestion_time=20:00:02/order_items.jsonl
Successfully uploaded to s3://avosoft-retail-bronze-jds-42/bronze/payments/ingestion_date=2025-10-22/ingestion_time=20:00:02/payments.jsonl
2025-10-23 20:18:28,176 INFO ✅ S3 write ok: payments/ingestion_date=2025-10-22/ingestion_time=20:00:02/payments.jsonl
Successfully uploaded to s3://avosoft-retail-bronze-jds-42/bronze/events/ingestion_date=2025-10-22/ingestion_time=20:00:02/events.jsonl
2025-10-23 20:18:29,273 INFO ✅ S3 write ok: events/ingestion_date=2025-10-22/ingestion_time=20:00:02/events.jsonl
SUCCESS: Data generation completed
=== [2025-10-23 20:18:29] Completion status: 0 ===

Environment loaded from /home/ubuntu/avosoft_retail/.env
Running data generator for 2025-10-24...
2025-10-24 00:00:11,537 INFO DEBUG SETTINGS -> users=50, orders=750, events=5000
2025-10-24 00:00:12,721 INFO [2025-10-23] Inserted 50 new users ✅
2025-10-24 00:00:24,495 INFO [2025-10-23] Inserted 750 orders ✅
2025-10-24 00:18:10,802 INFO [2025-10-23] Inserted 628 order_items ✅
2025-10-24 00:18:11,812 INFO [2025-10-23] Inserted 750 payments ✅
2025-10-24 00:18:17,947 INFO Generated | users=50 products=5 orders=750 items=628 paid=403 events=5426
Successfully uploaded to s3://avosoft-retail-bronze-jds-42/bronze/users/ingestion_date=2025-10-23/ingestion_time=00:00:02/users.jsonl
2025-10-24 00:18:19,499 INFO ✅ S3 write ok: users/ingestion_date=2025-10-23/ingestion_time=00:00:02/users.jsonl
Successfully uploaded to s3://avosoft-retail-bronze-jds-42/bronze/products/ingestion_date=2025-10-23/ingestion_time=00:00:02/products.jsonl
2025-10-24 00:18:19,801 INFO ✅ S3 write ok: products/ingestion_date=2025-10-23/ingestion_time=00:00:02/products.jsonl
Successfully uploaded to s3://avosoft-retail-bronze-jds-42/bronze/distribution_centers/ingestion_date=2025-10-23/ingestion_time=00:00:02/dcs.jsonl
2025-10-24 00:18:20,101 INFO ✅ S3 write ok: distribution_centers/ingestion_date=2025-10-23/ingestion_time=00:00:02/dcs.jsonl
2025-10-24 00:18:20,102 WARNING Failed to write s3 bronze inventory/ingestion_date=2025-10-23/ingestion_time=00:00:02/inventory.jsonl: Object of type Decimal is not JSON serializable
Successfully uploaded to s3://avosoft-retail-bronze-jds-42/bronze/orders/ingestion_date=2025-10-23/ingestion_time=00:00:02/orders.jsonl
2025-10-24 00:18:21,275 INFO ✅ S3 write ok: orders/ingestion_date=2025-10-23/ingestion_time=00:00:02/orders.jsonl
Successfully uploaded to s3://avosoft-retail-bronze-jds-42/bronze/order_items/ingestion_date=2025-10-23/ingestion_time=00:00:02/order_items.jsonl
2025-10-24 00:18:21,930 INFO ✅ S3 write ok: order_items/ingestion_date=2025-10-23/ingestion_time=00:00:02/order_items.jsonl
Successfully uploaded to s3://avosoft-retail-bronze-jds-42/bronze/payments/ingestion_date=2025-10-23/ingestion_time=00:00:02/payments.jsonl
2025-10-24 00:18:22,313 INFO ✅ S3 write ok: payments/ingestion_date=2025-10-23/ingestion_time=00:00:02/payments.jsonl
Successfully uploaded to s3://avosoft-retail-bronze-jds-42/bronze/events/ingestion_date=2025-10-23/ingestion_time=00:00:02/events.jsonl
2025-10-24 00:18:23,595 INFO ✅ S3 write ok: events/ingestion_date=2025-10-23/ingestion_time=00:00:02/events.jsonl
SUCCESS: Data generation completed
=== [2025-10-24 00:18:23] Completion status: 0 ===

Environment loaded from /home/ubuntu/avosoft_retail/.env
Running data generator for 2025-10-24...
2025-10-24 04:00:11,619 INFO DEBUG SETTINGS -> users=50, orders=750, events=5000
2025-10-24 04:00:12,778 INFO [2025-10-23] Inserted 50 new users ✅
2025-10-24 04:00:20,323 INFO [2025-10-23] Inserted 750 orders ✅
2025-10-24 04:18:00,929 INFO [2025-10-23] Inserted 627 order_items ✅
2025-10-24 04:18:02,204 INFO [2025-10-23] Inserted 750 payments ✅
2025-10-24 04:18:08,308 INFO Generated | users=50 products=5 orders=750 items=627 paid=430 events=5454
Successfully uploaded to s3://avosoft-retail-bronze-jds-42/bronze/users/ingestion_date=2025-10-23/ingestion_time=04:00:02/users.jsonl
2025-10-24 04:18:09,772 INFO ✅ S3 write ok: users/ingestion_date=2025-10-23/ingestion_time=04:00:02/users.jsonl
Successfully uploaded to s3://avosoft-retail-bronze-jds-42/bronze/products/ingestion_date=2025-10-23/ingestion_time=04:00:02/products.jsonl
2025-10-24 04:18:10,072 INFO ✅ S3 write ok: products/ingestion_date=2025-10-23/ingestion_time=04:00:02/products.jsonl
Successfully uploaded to s3://avosoft-retail-bronze-jds-42/bronze/distribution_centers/ingestion_date=2025-10-23/ingestion_time=04:00:02/dcs.jsonl
2025-10-24 04:18:10,367 INFO ✅ S3 write ok: distribution_centers/ingestion_date=2025-10-23/ingestion_time=04:00:02/dcs.jsonl
2025-10-24 04:18:10,367 WARNING Failed to write s3 bronze inventory/ingestion_date=2025-10-23/ingestion_time=04:00:02/inventory.jsonl: Object of type Decimal is not JSON serializable
Successfully uploaded to s3://avosoft-retail-bronze-jds-42/bronze/orders/ingestion_date=2025-10-23/ingestion_time=04:00:02/orders.jsonl
2025-10-24 04:18:11,508 INFO ✅ S3 write ok: orders/ingestion_date=2025-10-23/ingestion_time=04:00:02/orders.jsonl
Successfully uploaded to s3://avosoft-retail-bronze-jds-42/bronze/order_items/ingestion_date=2025-10-23/ingestion_time=04:00:02/order_items.jsonl
2025-10-24 04:18:12,406 INFO ✅ S3 write ok: order_items/ingestion_date=2025-10-23/ingestion_time=04:00:02/order_items.jsonl
Successfully uploaded to s3://avosoft-retail-bronze-jds-42/bronze/payments/ingestion_date=2025-10-23/ingestion_time=04:00:02/payments.jsonl
2025-10-24 04:18:12,756 INFO ✅ S3 write ok: payments/ingestion_date=2025-10-23/ingestion_time=04:00:02/payments.jsonl
Successfully uploaded to s3://avosoft-retail-bronze-jds-42/bronze/events/ingestion_date=2025-10-23/ingestion_time=04:00:02/events.jsonl
2025-10-24 04:18:14,012 INFO ✅ S3 write ok: events/ingestion_date=2025-10-23/ingestion_time=04:00:02/events.jsonl
SUCCESS: Data generation completed
=== [2025-10-24 04:18:14] Completion status: 0 ===

Environment loaded from /home/ubuntu/avosoft_retail/.env
Running data generator for 2025-10-24...
2025-10-24 08:00:10,839 INFO DEBUG SETTINGS -> users=50, orders=750, events=5000
2025-10-24 08:00:11,996 INFO [2025-10-23] Inserted 50 new users ✅
2025-10-24 08:00:25,447 INFO [2025-10-23] Inserted 750 orders ✅
2025-10-24 08:17:59,091 INFO [2025-10-23] Inserted 625 order_items ✅
2025-10-24 08:18:00,118 INFO [2025-10-23] Inserted 750 payments ✅
2025-10-24 08:18:06,301 INFO Generated | users=50 products=5 orders=750 items=625 paid=398 events=5421
Successfully uploaded to s3://avosoft-retail-bronze-jds-42/bronze/users/ingestion_date=2025-10-23/ingestion_time=08:00:02/users.jsonl
2025-10-24 08:18:07,800 INFO ✅ S3 write ok: users/ingestion_date=2025-10-23/ingestion_time=08:00:02/users.jsonl
Successfully uploaded to s3://avosoft-retail-bronze-jds-42/bronze/products/ingestion_date=2025-10-23/ingestion_time=08:00:02/products.jsonl
2025-10-24 08:18:08,103 INFO ✅ S3 write ok: products/ingestion_date=2025-10-23/ingestion_time=08:00:02/products.jsonl
Successfully uploaded to s3://avosoft-retail-bronze-jds-42/bronze/distribution_centers/ingestion_date=2025-10-23/ingestion_time=08:00:02/dcs.jsonl
2025-10-24 08:18:08,409 INFO ✅ S3 write ok: distribution_centers/ingestion_date=2025-10-23/ingestion_time=08:00:02/dcs.jsonl
2025-10-24 08:18:08,409 WARNING Failed to write s3 bronze inventory/ingestion_date=2025-10-23/ingestion_time=08:00:02/inventory.jsonl: Object of type Decimal is not JSON serializable
Successfully uploaded to s3://avosoft-retail-bronze-jds-42/bronze/orders/ingestion_date=2025-10-23/ingestion_time=08:00:02/orders.jsonl
2025-10-24 08:18:09,577 INFO ✅ S3 write ok: orders/ingestion_date=2025-10-23/ingestion_time=08:00:02/orders.jsonl
Successfully uploaded to s3://avosoft-retail-bronze-jds-42/bronze/order_items/ingestion_date=2025-10-23/ingestion_time=08:00:02/order_items.jsonl
2025-10-24 08:18:10,493 INFO ✅ S3 write ok: order_items/ingestion_date=2025-10-23/ingestion_time=08:00:02/order_items.jsonl
Successfully uploaded to s3://avosoft-retail-bronze-jds-42/bronze/payments/ingestion_date=2025-10-23/ingestion_time=08:00:02/payments.jsonl
2025-10-24 08:18:10,844 INFO ✅ S3 write ok: payments/ingestion_date=2025-10-23/ingestion_time=08:00:02/payments.jsonl
Successfully uploaded to s3://avosoft-retail-bronze-jds-42/bronze/events/ingestion_date=2025-10-23/ingestion_time=08:00:02/events.jsonl
2025-10-24 08:18:12,121 INFO ✅ S3 write ok: events/ingestion_date=2025-10-23/ingestion_time=08:00:02/events.jsonl
SUCCESS: Data generation completed
=== [2025-10-24 08:18:12] Completion status: 0 ===

Environment loaded from /home/ubuntu/avosoft_retail/.env
Running data generator for 2025-10-24...
2025-10-24 12:00:11,342 INFO DEBUG SETTINGS -> users=50, orders=750, events=5000
2025-10-24 12:00:12,491 INFO [2025-10-23] Inserted 50 new users ✅
2025-10-24 12:00:24,152 INFO [2025-10-23] Inserted 750 orders ✅
2025-10-24 12:17:42,740 INFO [2025-10-23] Inserted 625 order_items ✅
2025-10-24 12:17:43,705 INFO [2025-10-23] Inserted 750 payments ✅
2025-10-24 12:17:49,798 INFO Generated | users=50 products=5 orders=750 items=625 paid=417 events=5440
Successfully uploaded to s3://avosoft-retail-bronze-jds-42/bronze/users/ingestion_date=2025-10-23/ingestion_time=12:00:02/users.jsonl
2025-10-24 12:17:51,276 INFO ✅ S3 write ok: users/ingestion_date=2025-10-23/ingestion_time=12:00:02/users.jsonl
Successfully uploaded to s3://avosoft-retail-bronze-jds-42/bronze/products/ingestion_date=2025-10-23/ingestion_time=12:00:02/products.jsonl
2025-10-24 12:17:51,571 INFO ✅ S3 write ok: products/ingestion_date=2025-10-23/ingestion_time=12:00:02/products.jsonl
Successfully uploaded to s3://avosoft-retail-bronze-jds-42/bronze/distribution_centers/ingestion_date=2025-10-23/ingestion_time=12:00:02/dcs.jsonl
2025-10-24 12:17:51,869 INFO ✅ S3 write ok: distribution_centers/ingestion_date=2025-10-23/ingestion_time=12:00:02/dcs.jsonl
2025-10-24 12:17:51,869 WARNING Failed to write s3 bronze inventory/ingestion_date=2025-10-23/ingestion_time=12:00:02/inventory.jsonl: Object of type Decimal is not JSON serializable
Successfully uploaded to s3://avosoft-retail-bronze-jds-42/bronze/orders/ingestion_date=2025-10-23/ingestion_time=12:00:02/orders.jsonl
2025-10-24 12:17:52,752 INFO ✅ S3 write ok: orders/ingestion_date=2025-10-23/ingestion_time=12:00:02/orders.jsonl
Successfully uploaded to s3://avosoft-retail-bronze-jds-42/bronze/order_items/ingestion_date=2025-10-23/ingestion_time=12:00:02/order_items.jsonl
2025-10-24 12:17:53,346 INFO ✅ S3 write ok: order_items/ingestion_date=2025-10-23/ingestion_time=12:00:02/order_items.jsonl
Successfully uploaded to s3://avosoft-retail-bronze-jds-42/bronze/payments/ingestion_date=2025-10-23/ingestion_time=12:00:02/payments.jsonl
2025-10-24 12:17:53,684 INFO ✅ S3 write ok: payments/ingestion_date=2025-10-23/ingestion_time=12:00:02/payments.jsonl
Successfully uploaded to s3://avosoft-retail-bronze-jds-42/bronze/events/ingestion_date=2025-10-23/ingestion_time=12:00:02/events.jsonl
2025-10-24 12:17:54,997 INFO ✅ S3 write ok: events/ingestion_date=2025-10-23/ingestion_time=12:00:02/events.jsonl
SUCCESS: Data generation completed
=== [2025-10-24 12:17:55] Completion status: 0 ===

Environment loaded from /home/ubuntu/avosoft_retail/.env
Running data generator for 2025-10-24...
2025-10-24 16:00:10,500 INFO DEBUG SETTINGS -> users=50, orders=750, events=5000
2025-10-24 16:00:11,659 INFO [2025-10-23] Inserted 50 new users ✅
2025-10-24 16:00:25,830 INFO [2025-10-23] Inserted 750 orders ✅
2025-10-24 16:17:38,307 INFO [2025-10-23] Inserted 621 order_items ✅
2025-10-24 16:17:39,279 INFO [2025-10-23] Inserted 750 payments ✅
2025-10-24 16:17:45,335 INFO Generated | users=50 products=5 orders=750 items=621 paid=404 events=5426
Successfully uploaded to s3://avosoft-retail-bronze-jds-42/bronze/users/ingestion_date=2025-10-23/ingestion_time=16:00:01/users.jsonl
2025-10-24 16:17:46,865 INFO ✅ S3 write ok: users/ingestion_date=2025-10-23/ingestion_time=16:00:01/users.jsonl
Successfully uploaded to s3://avosoft-retail-bronze-jds-42/bronze/products/ingestion_date=2025-10-23/ingestion_time=16:00:01/products.jsonl
2025-10-24 16:17:47,166 INFO ✅ S3 write ok: products/ingestion_date=2025-10-23/ingestion_time=16:00:01/products.jsonl
Successfully uploaded to s3://avosoft-retail-bronze-jds-42/bronze/distribution_centers/ingestion_date=2025-10-23/ingestion_time=16:00:01/dcs.jsonl
2025-10-24 16:17:47,482 INFO ✅ S3 write ok: distribution_centers/ingestion_date=2025-10-23/ingestion_time=16:00:01/dcs.jsonl
2025-10-24 16:17:47,483 WARNING Failed to write s3 bronze inventory/ingestion_date=2025-10-23/ingestion_time=16:00:01/inventory.jsonl: Object of type Decimal is not JSON serializable
Successfully uploaded to s3://avosoft-retail-bronze-jds-42/bronze/orders/ingestion_date=2025-10-23/ingestion_time=16:00:01/orders.jsonl
2025-10-24 16:17:48,642 INFO ✅ S3 write ok: orders/ingestion_date=2025-10-23/ingestion_time=16:00:01/orders.jsonl
Successfully uploaded to s3://avosoft-retail-bronze-jds-42/bronze/order_items/ingestion_date=2025-10-23/ingestion_time=16:00:01/order_items.jsonl
2025-10-24 16:17:49,511 INFO ✅ S3 write ok: order_items/ingestion_date=2025-10-23/ingestion_time=16:00:01/order_items.jsonl
Successfully uploaded to s3://avosoft-retail-bronze-jds-42/bronze/payments/ingestion_date=2025-10-23/ingestion_time=16:00:01/payments.jsonl
2025-10-24 16:17:49,833 INFO ✅ S3 write ok: payments/ingestion_date=2025-10-23/ingestion_time=16:00:01/payments.jsonl
Successfully uploaded to s3://avosoft-retail-bronze-jds-42/bronze/events/ingestion_date=2025-10-23/ingestion_time=16:00:01/events.jsonl
2025-10-24 16:17:51,105 INFO ✅ S3 write ok: events/ingestion_date=2025-10-23/ingestion_time=16:00:01/events.jsonl
SUCCESS: Data generation completed
=== [2025-10-24 16:17:51] Completion status: 0 ===

Environment loaded from /home/ubuntu/avosoft_retail/.env
Running data generator for 2025-10-24...
2025-10-24 20:00:11,338 INFO DEBUG SETTINGS -> users=50, orders=750, events=5000
2025-10-24 20:00:12,513 INFO [2025-10-23] Inserted 50 new users ✅
2025-10-24 20:00:22,700 INFO [2025-10-23] Inserted 750 orders ✅
2025-10-24 20:17:58,932 INFO [2025-10-23] Inserted 621 order_items ✅
2025-10-24 20:17:59,988 INFO [2025-10-23] Inserted 750 payments ✅
2025-10-24 20:18:06,034 INFO Generated | users=50 products=5 orders=750 items=621 paid=427 events=5449
Successfully uploaded to s3://avosoft-retail-bronze-jds-42/bronze/users/ingestion_date=2025-10-23/ingestion_time=20:00:02/users.jsonl
2025-10-24 20:18:07,567 INFO ✅ S3 write ok: users/ingestion_date=2025-10-23/ingestion_time=20:00:02/users.jsonl
Successfully uploaded to s3://avosoft-retail-bronze-jds-42/bronze/products/ingestion_date=2025-10-23/ingestion_time=20:00:02/products.jsonl
2025-10-24 20:18:07,871 INFO ✅ S3 write ok: products/ingestion_date=2025-10-23/ingestion_time=20:00:02/products.jsonl
Successfully uploaded to s3://avosoft-retail-bronze-jds-42/bronze/distribution_centers/ingestion_date=2025-10-23/ingestion_time=20:00:02/dcs.jsonl
2025-10-24 20:18:08,176 INFO ✅ S3 write ok: distribution_centers/ingestion_date=2025-10-23/ingestion_time=20:00:02/dcs.jsonl
2025-10-24 20:18:08,177 WARNING Failed to write s3 bronze inventory/ingestion_date=2025-10-23/ingestion_time=20:00:02/inventory.jsonl: Object of type Decimal is not JSON serializable
Successfully uploaded to s3://avosoft-retail-bronze-jds-42/bronze/orders/ingestion_date=2025-10-23/ingestion_time=20:00:02/orders.jsonl
2025-10-24 20:18:09,323 INFO ✅ S3 write ok: orders/ingestion_date=2025-10-23/ingestion_time=20:00:02/orders.jsonl
Successfully uploaded to s3://avosoft-retail-bronze-jds-42/bronze/order_items/ingestion_date=2025-10-23/ingestion_time=20:00:02/order_items.jsonl
2025-10-24 20:18:10,505 INFO ✅ S3 write ok: order_items/ingestion_date=2025-10-23/ingestion_time=20:00:02/order_items.jsonl
Successfully uploaded to s3://avosoft-retail-bronze-jds-42/bronze/payments/ingestion_date=2025-10-23/ingestion_time=20:00:02/payments.jsonl
2025-10-24 20:18:10,865 INFO ✅ S3 write ok: payments/ingestion_date=2025-10-23/ingestion_time=20:00:02/payments.jsonl
Successfully uploaded to s3://avosoft-retail-bronze-jds-42/bronze/events/ingestion_date=2025-10-23/ingestion_time=20:00:02/events.jsonl
2025-10-24 20:18:12,153 INFO ✅ S3 write ok: events/ingestion_date=2025-10-23/ingestion_time=20:00:02/events.jsonl
SUCCESS: Data generation completed
=== [2025-10-24 20:18:12] Completion status: 0 ===

Environment loaded from /home/ubuntu/avosoft_retail/.env
Running data generator for 2025-10-25...
2025-10-25 00:00:10,809 INFO DEBUG SETTINGS -> users=50, orders=750, events=5000
2025-10-25 00:00:11,998 INFO [2025-10-24] Inserted 50 new users ✅
2025-10-25 00:00:22,926 INFO [2025-10-24] Inserted 750 orders ✅
2025-10-25 00:17:49,598 INFO [2025-10-24] Inserted 620 order_items ✅
2025-10-25 00:17:50,596 INFO [2025-10-24] Inserted 750 payments ✅
2025-10-25 00:17:56,736 INFO Generated | users=50 products=5 orders=750 items=620 paid=413 events=5436
Successfully uploaded to s3://avosoft-retail-bronze-jds-42/bronze/users/ingestion_date=2025-10-24/ingestion_time=00:00:02/users.jsonl
2025-10-25 00:17:57,990 INFO ✅ S3 write ok: users/ingestion_date=2025-10-24/ingestion_time=00:00:02/users.jsonl
Successfully uploaded to s3://avosoft-retail-bronze-jds-42/bronze/products/ingestion_date=2025-10-24/ingestion_time=00:00:02/products.jsonl
2025-10-25 00:17:58,293 INFO ✅ S3 write ok: products/ingestion_date=2025-10-24/ingestion_time=00:00:02/products.jsonl
Successfully uploaded to s3://avosoft-retail-bronze-jds-42/bronze/distribution_centers/ingestion_date=2025-10-24/ingestion_time=00:00:02/dcs.jsonl
2025-10-25 00:17:58,596 INFO ✅ S3 write ok: distribution_centers/ingestion_date=2025-10-24/ingestion_time=00:00:02/dcs.jsonl
2025-10-25 00:17:58,596 WARNING Failed to write s3 bronze inventory/ingestion_date=2025-10-24/ingestion_time=00:00:02/inventory.jsonl: Object of type Decimal is not JSON serializable
Successfully uploaded to s3://avosoft-retail-bronze-jds-42/bronze/orders/ingestion_date=2025-10-24/ingestion_time=00:00:02/orders.jsonl
2025-10-25 00:17:59,480 INFO ✅ S3 write ok: orders/ingestion_date=2025-10-24/ingestion_time=00:00:02/orders.jsonl
Successfully uploaded to s3://avosoft-retail-bronze-jds-42/bronze/order_items/ingestion_date=2025-10-24/ingestion_time=00:00:02/order_items.jsonl
2025-10-25 00:18:00,097 INFO ✅ S3 write ok: order_items/ingestion_date=2025-10-24/ingestion_time=00:00:02/order_items.jsonl
Successfully uploaded to s3://avosoft-retail-bronze-jds-42/bronze/payments/ingestion_date=2025-10-24/ingestion_time=00:00:02/payments.jsonl
2025-10-25 00:18:00,436 INFO ✅ S3 write ok: payments/ingestion_date=2025-10-24/ingestion_time=00:00:02/payments.jsonl
Successfully uploaded to s3://avosoft-retail-bronze-jds-42/bronze/events/ingestion_date=2025-10-24/ingestion_time=00:00:02/events.jsonl
2025-10-25 00:18:01,690 INFO ✅ S3 write ok: events/ingestion_date=2025-10-24/ingestion_time=00:00:02/events.jsonl
SUCCESS: Data generation completed
=== [2025-10-25 00:18:01] Completion status: 0 ===

Environment loaded from /home/ubuntu/avosoft_retail/.env
Running data generator for 2025-10-25...
2025-10-25 04:00:10,945 INFO DEBUG SETTINGS -> users=50, orders=750, events=5000
2025-10-25 04:00:12,109 INFO [2025-10-24] Inserted 50 new users ✅
2025-10-25 04:00:25,699 INFO [2025-10-24] Inserted 750 orders ✅
2025-10-25 04:17:55,456 INFO [2025-10-24] Inserted 616 order_items ✅
2025-10-25 04:17:56,479 INFO [2025-10-24] Inserted 750 payments ✅
2025-10-25 04:18:02,541 INFO Generated | users=50 products=5 orders=750 items=616 paid=413 events=5433
Successfully uploaded to s3://avosoft-retail-bronze-jds-42/bronze/users/ingestion_date=2025-10-24/ingestion_time=04:00:02/users.jsonl
2025-10-25 04:18:03,864 INFO ✅ S3 write ok: users/ingestion_date=2025-10-24/ingestion_time=04:00:02/users.jsonl
Successfully uploaded to s3://avosoft-retail-bronze-jds-42/bronze/products/ingestion_date=2025-10-24/ingestion_time=04:00:02/products.jsonl
2025-10-25 04:18:04,166 INFO ✅ S3 write ok: products/ingestion_date=2025-10-24/ingestion_time=04:00:02/products.jsonl
Successfully uploaded to s3://avosoft-retail-bronze-jds-42/bronze/distribution_centers/ingestion_date=2025-10-24/ingestion_time=04:00:02/dcs.jsonl
2025-10-25 04:18:04,469 INFO ✅ S3 write ok: distribution_centers/ingestion_date=2025-10-24/ingestion_time=04:00:02/dcs.jsonl
2025-10-25 04:18:04,469 WARNING Failed to write s3 bronze inventory/ingestion_date=2025-10-24/ingestion_time=04:00:02/inventory.jsonl: Object of type Decimal is not JSON serializable
Successfully uploaded to s3://avosoft-retail-bronze-jds-42/bronze/orders/ingestion_date=2025-10-24/ingestion_time=04:00:02/orders.jsonl
2025-10-25 04:18:05,606 INFO ✅ S3 write ok: orders/ingestion_date=2025-10-24/ingestion_time=04:00:02/orders.jsonl
Successfully uploaded to s3://avosoft-retail-bronze-jds-42/bronze/order_items/ingestion_date=2025-10-24/ingestion_time=04:00:02/order_items.jsonl
2025-10-25 04:18:06,531 INFO ✅ S3 write ok: order_items/ingestion_date=2025-10-24/ingestion_time=04:00:02/order_items.jsonl
Successfully uploaded to s3://avosoft-retail-bronze-jds-42/bronze/payments/ingestion_date=2025-10-24/ingestion_time=04:00:02/payments.jsonl
2025-10-25 04:18:06,913 INFO ✅ S3 write ok: payments/ingestion_date=2025-10-24/ingestion_time=04:00:02/payments.jsonl
Successfully uploaded to s3://avosoft-retail-bronze-jds-42/bronze/events/ingestion_date=2025-10-24/ingestion_time=04:00:02/events.jsonl
2025-10-25 04:18:08,206 INFO ✅ S3 write ok: events/ingestion_date=2025-10-24/ingestion_time=04:00:02/events.jsonl
SUCCESS: Data generation completed
=== [2025-10-25 04:18:08] Completion status: 0 ===

Environment loaded from /home/ubuntu/avosoft_retail/.env
Running data generator for 2025-10-25...
2025-10-25 08:00:11,539 INFO DEBUG SETTINGS -> users=50, orders=750, events=5000
2025-10-25 08:00:12,709 INFO [2025-10-24] Inserted 50 new users ✅
2025-10-25 08:00:28,006 INFO [2025-10-24] Inserted 750 orders ✅
2025-10-25 08:18:00,977 INFO [2025-10-24] Inserted 613 order_items ✅
2025-10-25 08:18:02,245 INFO [2025-10-24] Inserted 750 payments ✅
2025-10-25 08:18:08,528 INFO Generated | users=50 products=5 orders=750 items=613 paid=421 events=5441
Successfully uploaded to s3://avosoft-retail-bronze-jds-42/bronze/users/ingestion_date=2025-10-24/ingestion_time=08:00:02/users.jsonl
2025-10-25 08:18:09,746 INFO ✅ S3 write ok: users/ingestion_date=2025-10-24/ingestion_time=08:00:02/users.jsonl
Successfully uploaded to s3://avosoft-retail-bronze-jds-42/bronze/products/ingestion_date=2025-10-24/ingestion_time=08:00:02/products.jsonl
2025-10-25 08:18:10,044 INFO ✅ S3 write ok: products/ingestion_date=2025-10-24/ingestion_time=08:00:02/products.jsonl
Successfully uploaded to s3://avosoft-retail-bronze-jds-42/bronze/distribution_centers/ingestion_date=2025-10-24/ingestion_time=08:00:02/dcs.jsonl
2025-10-25 08:18:10,346 INFO ✅ S3 write ok: distribution_centers/ingestion_date=2025-10-24/ingestion_time=08:00:02/dcs.jsonl
2025-10-25 08:18:10,346 WARNING Failed to write s3 bronze inventory/ingestion_date=2025-10-24/ingestion_time=08:00:02/inventory.jsonl: Object of type Decimal is not JSON serializable
Successfully uploaded to s3://avosoft-retail-bronze-jds-42/bronze/orders/ingestion_date=2025-10-24/ingestion_time=08:00:02/orders.jsonl
2025-10-25 08:18:11,495 INFO ✅ S3 write ok: orders/ingestion_date=2025-10-24/ingestion_time=08:00:02/orders.jsonl
Successfully uploaded to s3://avosoft-retail-bronze-jds-42/bronze/order_items/ingestion_date=2025-10-24/ingestion_time=08:00:02/order_items.jsonl
2025-10-25 08:18:12,651 INFO ✅ S3 write ok: order_items/ingestion_date=2025-10-24/ingestion_time=08:00:02/order_items.jsonl
Successfully uploaded to s3://avosoft-retail-bronze-jds-42/bronze/payments/ingestion_date=2025-10-24/ingestion_time=08:00:02/payments.jsonl
2025-10-25 08:18:13,019 INFO ✅ S3 write ok: payments/ingestion_date=2025-10-24/ingestion_time=08:00:02/payments.jsonl
Successfully uploaded to s3://avosoft-retail-bronze-jds-42/bronze/events/ingestion_date=2025-10-24/ingestion_time=08:00:02/events.jsonl
2025-10-25 08:18:14,287 INFO ✅ S3 write ok: events/ingestion_date=2025-10-24/ingestion_time=08:00:02/events.jsonl
SUCCESS: Data generation completed
=== [2025-10-25 08:18:14] Completion status: 0 ===

Environment loaded from /home/ubuntu/avosoft_retail/.env
Running data generator for 2025-10-25...
2025-10-25 12:00:11,207 INFO DEBUG SETTINGS -> users=50, orders=750, events=5000
2025-10-25 12:00:12,366 INFO [2025-10-24] Inserted 50 new users ✅
2025-10-25 12:00:19,911 INFO [2025-10-24] Inserted 750 orders ✅
2025-10-25 12:17:56,091 INFO [2025-10-24] Inserted 617 order_items ✅
2025-10-25 12:17:57,121 INFO [2025-10-24] Inserted 750 payments ✅
2025-10-25 12:18:03,144 INFO Generated | users=50 products=5 orders=750 items=617 paid=417 events=5437
Successfully uploaded to s3://avosoft-retail-bronze-jds-42/bronze/users/ingestion_date=2025-10-24/ingestion_time=12:00:02/users.jsonl
2025-10-25 12:18:04,675 INFO ✅ S3 write ok: users/ingestion_date=2025-10-24/ingestion_time=12:00:02/users.jsonl
Successfully uploaded to s3://avosoft-retail-bronze-jds-42/bronze/products/ingestion_date=2025-10-24/ingestion_time=12:00:02/products.jsonl
2025-10-25 12:18:04,973 INFO ✅ S3 write ok: products/ingestion_date=2025-10-24/ingestion_time=12:00:02/products.jsonl
Successfully uploaded to s3://avosoft-retail-bronze-jds-42/bronze/distribution_centers/ingestion_date=2025-10-24/ingestion_time=12:00:02/dcs.jsonl
2025-10-25 12:18:05,270 INFO ✅ S3 write ok: distribution_centers/ingestion_date=2025-10-24/ingestion_time=12:00:02/dcs.jsonl
2025-10-25 12:18:05,270 WARNING Failed to write s3 bronze inventory/ingestion_date=2025-10-24/ingestion_time=12:00:02/inventory.jsonl: Object of type Decimal is not JSON serializable
Successfully uploaded to s3://avosoft-retail-bronze-jds-42/bronze/orders/ingestion_date=2025-10-24/ingestion_time=12:00:02/orders.jsonl
2025-10-25 12:18:06,404 INFO ✅ S3 write ok: orders/ingestion_date=2025-10-24/ingestion_time=12:00:02/orders.jsonl
Successfully uploaded to s3://avosoft-retail-bronze-jds-42/bronze/order_items/ingestion_date=2025-10-24/ingestion_time=12:00:02/order_items.jsonl
2025-10-25 12:18:07,300 INFO ✅ S3 write ok: order_items/ingestion_date=2025-10-24/ingestion_time=12:00:02/order_items.jsonl
Successfully uploaded to s3://avosoft-retail-bronze-jds-42/bronze/payments/ingestion_date=2025-10-24/ingestion_time=12:00:02/payments.jsonl
2025-10-25 12:18:07,610 INFO ✅ S3 write ok: payments/ingestion_date=2025-10-24/ingestion_time=12:00:02/payments.jsonl
Successfully uploaded to s3://avosoft-retail-bronze-jds-42/bronze/events/ingestion_date=2025-10-24/ingestion_time=12:00:02/events.jsonl
2025-10-25 12:18:08,897 INFO ✅ S3 write ok: events/ingestion_date=2025-10-24/ingestion_time=12:00:02/events.jsonl
SUCCESS: Data generation completed
=== [2025-10-25 12:18:09] Completion status: 0 ===

Environment loaded from /home/ubuntu/avosoft_retail/.env
Running data generator for 2025-10-25...
2025-10-25 16:00:10,910 INFO DEBUG SETTINGS -> users=50, orders=750, events=5000
2025-10-25 16:00:12,072 INFO [2025-10-24] Inserted 50 new users ✅
2025-10-25 16:00:23,906 INFO [2025-10-24] Inserted 750 orders ✅
2025-10-25 16:17:51,008 INFO [2025-10-24] Inserted 613 order_items ✅
2025-10-25 16:17:52,062 INFO [2025-10-24] Inserted 750 payments ✅
2025-10-25 16:17:58,136 INFO Generated | users=50 products=5 orders=750 items=613 paid=403 events=5423
Successfully uploaded to s3://avosoft-retail-bronze-jds-42/bronze/users/ingestion_date=2025-10-24/ingestion_time=16:00:01/users.jsonl
2025-10-25 16:17:59,665 INFO ✅ S3 write ok: users/ingestion_date=2025-10-24/ingestion_time=16:00:01/users.jsonl
Successfully uploaded to s3://avosoft-retail-bronze-jds-42/bronze/products/ingestion_date=2025-10-24/ingestion_time=16:00:01/products.jsonl
2025-10-25 16:17:59,968 INFO ✅ S3 write ok: products/ingestion_date=2025-10-24/ingestion_time=16:00:01/products.jsonl
Successfully uploaded to s3://avosoft-retail-bronze-jds-42/bronze/distribution_centers/ingestion_date=2025-10-24/ingestion_time=16:00:01/dcs.jsonl
2025-10-25 16:18:00,271 INFO ✅ S3 write ok: distribution_centers/ingestion_date=2025-10-24/ingestion_time=16:00:01/dcs.jsonl
2025-10-25 16:18:00,271 WARNING Failed to write s3 bronze inventory/ingestion_date=2025-10-24/ingestion_time=16:00:01/inventory.jsonl: Object of type Decimal is not JSON serializable
Successfully uploaded to s3://avosoft-retail-bronze-jds-42/bronze/orders/ingestion_date=2025-10-24/ingestion_time=16:00:01/orders.jsonl
2025-10-25 16:18:01,169 INFO ✅ S3 write ok: orders/ingestion_date=2025-10-24/ingestion_time=16:00:01/orders.jsonl
Successfully uploaded to s3://avosoft-retail-bronze-jds-42/bronze/order_items/ingestion_date=2025-10-24/ingestion_time=16:00:01/order_items.jsonl
2025-10-25 16:18:01,755 INFO ✅ S3 write ok: order_items/ingestion_date=2025-10-24/ingestion_time=16:00:01/order_items.jsonl
Successfully uploaded to s3://avosoft-retail-bronze-jds-42/bronze/payments/ingestion_date=2025-10-24/ingestion_time=16:00:01/payments.jsonl
2025-10-25 16:18:02,099 INFO ✅ S3 write ok: payments/ingestion_date=2025-10-24/ingestion_time=16:00:01/payments.jsonl
Successfully uploaded to s3://avosoft-retail-bronze-jds-42/bronze/events/ingestion_date=2025-10-24/ingestion_time=16:00:01/events.jsonl
2025-10-25 16:18:03,366 INFO ✅ S3 write ok: events/ingestion_date=2025-10-24/ingestion_time=16:00:01/events.jsonl
SUCCESS: Data generation completed
=== [2025-10-25 16:18:03] Completion status: 0 ===

Environment loaded from /home/ubuntu/avosoft_retail/.env
Running data generator for 2025-10-25...
2025-10-25 20:00:11,208 INFO DEBUG SETTINGS -> users=50, orders=750, events=5000
2025-10-25 20:00:12,359 INFO [2025-10-24] Inserted 50 new users ✅
2025-10-25 20:00:20,795 INFO [2025-10-24] Inserted 750 orders ✅
2025-10-25 20:17:47,186 INFO [2025-10-24] Inserted 611 order_items ✅
2025-10-25 20:17:48,227 INFO [2025-10-24] Inserted 750 payments ✅
2025-10-25 20:17:54,232 INFO Generated | users=50 products=5 orders=750 items=611 paid=412 events=5433
Successfully uploaded to s3://avosoft-retail-bronze-jds-42/bronze/users/ingestion_date=2025-10-24/ingestion_time=20:00:02/users.jsonl
2025-10-25 20:17:55,474 INFO ✅ S3 write ok: users/ingestion_date=2025-10-24/ingestion_time=20:00:02/users.jsonl
Successfully uploaded to s3://avosoft-retail-bronze-jds-42/bronze/products/ingestion_date=2025-10-24/ingestion_time=20:00:02/products.jsonl
2025-10-25 20:17:55,777 INFO ✅ S3 write ok: products/ingestion_date=2025-10-24/ingestion_time=20:00:02/products.jsonl
Successfully uploaded to s3://avosoft-retail-bronze-jds-42/bronze/distribution_centers/ingestion_date=2025-10-24/ingestion_time=20:00:02/dcs.jsonl
2025-10-25 20:17:56,079 INFO ✅ S3 write ok: distribution_centers/ingestion_date=2025-10-24/ingestion_time=20:00:02/dcs.jsonl
2025-10-25 20:17:56,079 WARNING Failed to write s3 bronze inventory/ingestion_date=2025-10-24/ingestion_time=20:00:02/inventory.jsonl: Object of type Decimal is not JSON serializable
Successfully uploaded to s3://avosoft-retail-bronze-jds-42/bronze/orders/ingestion_date=2025-10-24/ingestion_time=20:00:02/orders.jsonl
2025-10-25 20:17:57,252 INFO ✅ S3 write ok: orders/ingestion_date=2025-10-24/ingestion_time=20:00:02/orders.jsonl
Successfully uploaded to s3://avosoft-retail-bronze-jds-42/bronze/order_items/ingestion_date=2025-10-24/ingestion_time=20:00:02/order_items.jsonl
2025-10-25 20:17:57,879 INFO ✅ S3 write ok: order_items/ingestion_date=2025-10-24/ingestion_time=20:00:02/order_items.jsonl
Successfully uploaded to s3://avosoft-retail-bronze-jds-42/bronze/payments/ingestion_date=2025-10-24/ingestion_time=20:00:02/payments.jsonl
2025-10-25 20:17:58,240 INFO ✅ S3 write ok: payments/ingestion_date=2025-10-24/ingestion_time=20:00:02/payments.jsonl
Successfully uploaded to s3://avosoft-retail-bronze-jds-42/bronze/events/ingestion_date=2025-10-24/ingestion_time=20:00:02/events.jsonl
2025-10-25 20:17:59,532 INFO ✅ S3 write ok: events/ingestion_date=2025-10-24/ingestion_time=20:00:02/events.jsonl
SUCCESS: Data generation completed
=== [2025-10-25 20:17:59] Completion status: 0 ===

Environment loaded from /home/ubuntu/avosoft_retail/.env
Running data generator for 2025-10-26...
2025-10-26 00:00:12,239 INFO DEBUG SETTINGS -> users=50, orders=750, events=5000
2025-10-26 00:00:13,403 INFO [2025-10-25] Inserted 50 new users ✅
2025-10-26 00:00:25,171 INFO [2025-10-25] Inserted 750 orders ✅
2025-10-26 00:17:51,466 INFO [2025-10-25] Inserted 609 order_items ✅
2025-10-26 00:17:52,471 INFO [2025-10-25] Inserted 750 payments ✅
2025-10-26 00:17:58,646 INFO Generated | users=50 products=5 orders=750 items=609 paid=428 events=5448
Successfully uploaded to s3://avosoft-retail-bronze-jds-42/bronze/users/ingestion_date=2025-10-25/ingestion_time=00:00:03/users.jsonl
2025-10-26 00:18:00,193 INFO ✅ S3 write ok: users/ingestion_date=2025-10-25/ingestion_time=00:00:03/users.jsonl
Successfully uploaded to s3://avosoft-retail-bronze-jds-42/bronze/products/ingestion_date=2025-10-25/ingestion_time=00:00:03/products.jsonl
2025-10-26 00:18:00,503 INFO ✅ S3 write ok: products/ingestion_date=2025-10-25/ingestion_time=00:00:03/products.jsonl
Successfully uploaded to s3://avosoft-retail-bronze-jds-42/bronze/distribution_centers/ingestion_date=2025-10-25/ingestion_time=00:00:03/dcs.jsonl
2025-10-26 00:18:00,807 INFO ✅ S3 write ok: distribution_centers/ingestion_date=2025-10-25/ingestion_time=00:00:03/dcs.jsonl
2025-10-26 00:18:00,808 WARNING Failed to write s3 bronze inventory/ingestion_date=2025-10-25/ingestion_time=00:00:03/inventory.jsonl: Object of type Decimal is not JSON serializable
Successfully uploaded to s3://avosoft-retail-bronze-jds-42/bronze/orders/ingestion_date=2025-10-25/ingestion_time=00:00:03/orders.jsonl
2025-10-26 00:18:01,675 INFO ✅ S3 write ok: orders/ingestion_date=2025-10-25/ingestion_time=00:00:03/orders.jsonl
Successfully uploaded to s3://avosoft-retail-bronze-jds-42/bronze/order_items/ingestion_date=2025-10-25/ingestion_time=00:00:03/order_items.jsonl
2025-10-26 00:18:02,302 INFO ✅ S3 write ok: order_items/ingestion_date=2025-10-25/ingestion_time=00:00:03/order_items.jsonl
Successfully uploaded to s3://avosoft-retail-bronze-jds-42/bronze/payments/ingestion_date=2025-10-25/ingestion_time=00:00:03/payments.jsonl
2025-10-26 00:18:02,617 INFO ✅ S3 write ok: payments/ingestion_date=2025-10-25/ingestion_time=00:00:03/payments.jsonl
Successfully uploaded to s3://avosoft-retail-bronze-jds-42/bronze/events/ingestion_date=2025-10-25/ingestion_time=00:00:03/events.jsonl
2025-10-26 00:18:03,915 INFO ✅ S3 write ok: events/ingestion_date=2025-10-25/ingestion_time=00:00:03/events.jsonl
SUCCESS: Data generation completed
=== [2025-10-26 00:18:04] Completion status: 0 ===

Environment loaded from /home/ubuntu/avosoft_retail/.env
Running data generator for 2025-10-26...
2025-10-26 04:00:10,834 INFO DEBUG SETTINGS -> users=50, orders=750, events=5000
2025-10-26 04:00:11,990 INFO [2025-10-25] Inserted 50 new users ✅
2025-10-26 04:00:30,346 INFO [2025-10-25] Inserted 750 orders ✅
2025-10-26 04:17:38,281 INFO [2025-10-25] Inserted 607 order_items ✅
2025-10-26 04:17:39,273 INFO [2025-10-25] Inserted 750 payments ✅
2025-10-26 04:17:45,322 INFO Generated | users=50 products=5 orders=750 items=607 paid=414 events=5434
Successfully uploaded to s3://avosoft-retail-bronze-jds-42/bronze/users/ingestion_date=2025-10-25/ingestion_time=04:00:01/users.jsonl
2025-10-26 04:17:47,080 INFO ✅ S3 write ok: users/ingestion_date=2025-10-25/ingestion_time=04:00:01/users.jsonl
Successfully uploaded to s3://avosoft-retail-bronze-jds-42/bronze/products/ingestion_date=2025-10-25/ingestion_time=04:00:01/products.jsonl
2025-10-26 04:17:47,384 INFO ✅ S3 write ok: products/ingestion_date=2025-10-25/ingestion_time=04:00:01/products.jsonl
Successfully uploaded to s3://avosoft-retail-bronze-jds-42/bronze/distribution_centers/ingestion_date=2025-10-25/ingestion_time=04:00:01/dcs.jsonl
2025-10-26 04:17:47,686 INFO ✅ S3 write ok: distribution_centers/ingestion_date=2025-10-25/ingestion_time=04:00:01/dcs.jsonl
2025-10-26 04:17:47,687 WARNING Failed to write s3 bronze inventory/ingestion_date=2025-10-25/ingestion_time=04:00:01/inventory.jsonl: Object of type Decimal is not JSON serializable
Successfully uploaded to s3://avosoft-retail-bronze-jds-42/bronze/orders/ingestion_date=2025-10-25/ingestion_time=04:00:01/orders.jsonl
2025-10-26 04:17:48,854 INFO ✅ S3 write ok: orders/ingestion_date=2025-10-25/ingestion_time=04:00:01/orders.jsonl
Successfully uploaded to s3://avosoft-retail-bronze-jds-42/bronze/order_items/ingestion_date=2025-10-25/ingestion_time=04:00:01/order_items.jsonl
2025-10-26 04:17:49,748 INFO ✅ S3 write ok: order_items/ingestion_date=2025-10-25/ingestion_time=04:00:01/order_items.jsonl
Successfully uploaded to s3://avosoft-retail-bronze-jds-42/bronze/payments/ingestion_date=2025-10-25/ingestion_time=04:00:01/payments.jsonl
2025-10-26 04:17:50,114 INFO ✅ S3 write ok: payments/ingestion_date=2025-10-25/ingestion_time=04:00:01/payments.jsonl
Successfully uploaded to s3://avosoft-retail-bronze-jds-42/bronze/events/ingestion_date=2025-10-25/ingestion_time=04:00:01/events.jsonl
2025-10-26 04:17:51,395 INFO ✅ S3 write ok: events/ingestion_date=2025-10-25/ingestion_time=04:00:01/events.jsonl
SUCCESS: Data generation completed
=== [2025-10-26 04:17:51] Completion status: 0 ===

Environment loaded from /home/ubuntu/avosoft_retail/.env
Running data generator for 2025-10-26...
2025-10-26 08:00:11,138 INFO DEBUG SETTINGS -> users=50, orders=750, events=5000
2025-10-26 08:00:12,300 INFO [2025-10-25] Inserted 50 new users ✅
2025-10-26 08:00:23,252 INFO [2025-10-25] Inserted 750 orders ✅
2025-10-26 08:17:54,882 INFO [2025-10-25] Inserted 610 order_items ✅
2025-10-26 08:17:55,916 INFO [2025-10-25] Inserted 750 payments ✅
2025-10-26 08:18:02,030 INFO Generated | users=50 products=5 orders=750 items=610 paid=415 events=5434
Successfully uploaded to s3://avosoft-retail-bronze-jds-42/bronze/users/ingestion_date=2025-10-25/ingestion_time=08:00:02/users.jsonl
2025-10-26 08:18:03,547 INFO ✅ S3 write ok: users/ingestion_date=2025-10-25/ingestion_time=08:00:02/users.jsonl
Successfully uploaded to s3://avosoft-retail-bronze-jds-42/bronze/products/ingestion_date=2025-10-25/ingestion_time=08:00:02/products.jsonl
2025-10-26 08:18:03,848 INFO ✅ S3 write ok: products/ingestion_date=2025-10-25/ingestion_time=08:00:02/products.jsonl
Successfully uploaded to s3://avosoft-retail-bronze-jds-42/bronze/distribution_centers/ingestion_date=2025-10-25/ingestion_time=08:00:02/dcs.jsonl
2025-10-26 08:18:04,150 INFO ✅ S3 write ok: distribution_centers/ingestion_date=2025-10-25/ingestion_time=08:00:02/dcs.jsonl
2025-10-26 08:18:04,150 WARNING Failed to write s3 bronze inventory/ingestion_date=2025-10-25/ingestion_time=08:00:02/inventory.jsonl: Object of type Decimal is not JSON serializable
Successfully uploaded to s3://avosoft-retail-bronze-jds-42/bronze/orders/ingestion_date=2025-10-25/ingestion_time=08:00:02/orders.jsonl
2025-10-26 08:18:05,279 INFO ✅ S3 write ok: orders/ingestion_date=2025-10-25/ingestion_time=08:00:02/orders.jsonl
Successfully uploaded to s3://avosoft-retail-bronze-jds-42/bronze/order_items/ingestion_date=2025-10-25/ingestion_time=08:00:02/order_items.jsonl
2025-10-26 08:18:06,167 INFO ✅ S3 write ok: order_items/ingestion_date=2025-10-25/ingestion_time=08:00:02/order_items.jsonl
Successfully uploaded to s3://avosoft-retail-bronze-jds-42/bronze/payments/ingestion_date=2025-10-25/ingestion_time=08:00:02/payments.jsonl
2025-10-26 08:18:06,510 INFO ✅ S3 write ok: payments/ingestion_date=2025-10-25/ingestion_time=08:00:02/payments.jsonl
Successfully uploaded to s3://avosoft-retail-bronze-jds-42/bronze/events/ingestion_date=2025-10-25/ingestion_time=08:00:02/events.jsonl
2025-10-26 08:18:07,772 INFO ✅ S3 write ok: events/ingestion_date=2025-10-25/ingestion_time=08:00:02/events.jsonl
SUCCESS: Data generation completed
=== [2025-10-26 08:18:07] Completion status: 0 ===

Environment loaded from /home/ubuntu/avosoft_retail/.env
Running data generator for 2025-10-26...
2025-10-26 12:00:11,444 INFO DEBUG SETTINGS -> users=50, orders=750, events=5000
2025-10-26 12:00:12,592 INFO [2025-10-25] Inserted 50 new users ✅
2025-10-26 12:00:25,054 INFO [2025-10-25] Inserted 750 orders ✅
2025-10-26 12:17:35,846 INFO [2025-10-25] Inserted 608 order_items ✅
2025-10-26 12:17:36,832 INFO [2025-10-25] Inserted 750 payments ✅
2025-10-26 12:17:42,899 INFO Generated | users=50 products=5 orders=750 items=608 paid=419 events=5438
Successfully uploaded to s3://avosoft-retail-bronze-jds-42/bronze/users/ingestion_date=2025-10-25/ingestion_time=12:00:02/users.jsonl
2025-10-26 12:17:44,389 INFO ✅ S3 write ok: users/ingestion_date=2025-10-25/ingestion_time=12:00:02/users.jsonl
Successfully uploaded to s3://avosoft-retail-bronze-jds-42/bronze/products/ingestion_date=2025-10-25/ingestion_time=12:00:02/products.jsonl
2025-10-26 12:17:44,686 INFO ✅ S3 write ok: products/ingestion_date=2025-10-25/ingestion_time=12:00:02/products.jsonl
Successfully uploaded to s3://avosoft-retail-bronze-jds-42/bronze/distribution_centers/ingestion_date=2025-10-25/ingestion_time=12:00:02/dcs.jsonl
2025-10-26 12:17:44,987 INFO ✅ S3 write ok: distribution_centers/ingestion_date=2025-10-25/ingestion_time=12:00:02/dcs.jsonl
2025-10-26 12:17:44,987 WARNING Failed to write s3 bronze inventory/ingestion_date=2025-10-25/ingestion_time=12:00:02/inventory.jsonl: Object of type Decimal is not JSON serializable
Successfully uploaded to s3://avosoft-retail-bronze-jds-42/bronze/orders/ingestion_date=2025-10-25/ingestion_time=12:00:02/orders.jsonl
2025-10-26 12:17:45,863 INFO ✅ S3 write ok: orders/ingestion_date=2025-10-25/ingestion_time=12:00:02/orders.jsonl
Successfully uploaded to s3://avosoft-retail-bronze-jds-42/bronze/order_items/ingestion_date=2025-10-25/ingestion_time=12:00:02/order_items.jsonl
2025-10-26 12:17:46,455 INFO ✅ S3 write ok: order_items/ingestion_date=2025-10-25/ingestion_time=12:00:02/order_items.jsonl
Successfully uploaded to s3://avosoft-retail-bronze-jds-42/bronze/payments/ingestion_date=2025-10-25/ingestion_time=12:00:02/payments.jsonl
2025-10-26 12:17:46,801 INFO ✅ S3 write ok: payments/ingestion_date=2025-10-25/ingestion_time=12:00:02/payments.jsonl
Successfully uploaded to s3://avosoft-retail-bronze-jds-42/bronze/events/ingestion_date=2025-10-25/ingestion_time=12:00:02/events.jsonl
2025-10-26 12:17:48,042 INFO ✅ S3 write ok: events/ingestion_date=2025-10-25/ingestion_time=12:00:02/events.jsonl
SUCCESS: Data generation completed
=== [2025-10-26 12:17:48] Completion status: 0 ===

