[2025-08-29T09:39:13.218+0000] {manager.py:470} INFO - Processing files using up to 2 processes at a time 
[2025-08-29T09:39:13.220+0000] {manager.py:471} INFO - Process each file at most once every 30 seconds
[2025-08-29T09:39:13.223+0000] {manager.py:472} INFO - Checking for new files in /opt/airflow/dags every 300 seconds
[2025-08-29T09:39:13.224+0000] {manager.py:737} INFO - Searching for files in /opt/airflow/dags
[2025-08-29T09:39:13.258+0000] {manager.py:740} INFO - There are 1 files in /opt/airflow/dags
[2025-08-29T09:39:13.479+0000] {manager.py:878} INFO - 
================================================================================
DAG File Processing Stats

File Path                               PID  Runtime      # DAGs    # Errors  Last Runtime    Last Run
------------------------------------  -----  ---------  --------  ----------  --------------  ----------
/opt/airflow/dags/av_daily_ingest.py    167  0.10s             0           0
================================================================================
[2025-08-29T09:39:43.445+0000] {manager.py:878} INFO - 
================================================================================
DAG File Processing Stats

File Path                             PID    Runtime      # DAGs    # Errors  Last Runtime    Last Run
------------------------------------  -----  ---------  --------  ----------  --------------  -------------------
/opt/airflow/dags/av_daily_ingest.py                           1           0  1.97s           2025-08-29T09:39:15
================================================================================
[2025-08-29T09:40:13.882+0000] {manager.py:878} INFO - 
================================================================================
DAG File Processing Stats

File Path                             PID    Runtime      # DAGs    # Errors  Last Runtime    Last Run
------------------------------------  -----  ---------  --------  ----------  --------------  -------------------
/opt/airflow/dags/av_daily_ingest.py                           1           0  0.16s           2025-08-29T09:39:45
================================================================================
[2025-08-29T09:40:44.102+0000] {manager.py:878} INFO - 
================================================================================
DAG File Processing Stats

File Path                             PID    Runtime      # DAGs    # Errors  Last Runtime    Last Run
------------------------------------  -----  ---------  --------  ----------  --------------  -------------------
/opt/airflow/dags/av_daily_ingest.py                           1           0  0.61s           2025-08-29T09:40:16
================================================================================
[2025-08-29T09:41:14.822+0000] {manager.py:878} INFO - 
================================================================================
DAG File Processing Stats

File Path                             PID    Runtime      # DAGs    # Errors  Last Runtime    Last Run
------------------------------------  -----  ---------  --------  ----------  --------------  -------------------
/opt/airflow/dags/av_daily_ingest.py                           1           0  0.16s           2025-08-29T09:40:46
================================================================================
[2025-08-29T09:41:45.177+0000] {manager.py:878} INFO - 
================================================================================
DAG File Processing Stats

File Path                             PID    Runtime      # DAGs    # Errors  Last Runtime    Last Run
------------------------------------  -----  ---------  --------  ----------  --------------  -------------------
/opt/airflow/dags/av_daily_ingest.py                           1           0  0.18s           2025-08-29T09:41:17
================================================================================
[2025-08-29T09:42:15.543+0000] {manager.py:878} INFO - 
================================================================================
DAG File Processing Stats

File Path                             PID    Runtime      # DAGs    # Errors  Last Runtime    Last Run
------------------------------------  -----  ---------  --------  ----------  --------------  -------------------
/opt/airflow/dags/av_daily_ingest.py                           1           0  0.31s           2025-08-29T09:41:47
================================================================================
[2025-08-29T09:42:45.827+0000] {manager.py:878} INFO - 
================================================================================
DAG File Processing Stats

File Path                             PID    Runtime      # DAGs    # Errors  Last Runtime    Last Run
------------------------------------  -----  ---------  --------  ----------  --------------  -------------------
/opt/airflow/dags/av_daily_ingest.py                           1           0  0.13s           2025-08-29T09:42:17
================================================================================
[2025-08-29T09:43:16.006+0000] {manager.py:878} INFO - 
================================================================================
DAG File Processing Stats

File Path                             PID    Runtime      # DAGs    # Errors  Last Runtime    Last Run
------------------------------------  -----  ---------  --------  ----------  --------------  -------------------
/opt/airflow/dags/av_daily_ingest.py                           1           0  0.14s           2025-08-29T09:42:47
================================================================================
[2025-08-29T09:43:46.333+0000] {manager.py:878} INFO - 
================================================================================
DAG File Processing Stats

File Path                             PID    Runtime      # DAGs    # Errors  Last Runtime    Last Run
------------------------------------  -----  ---------  --------  ----------  --------------  -------------------
/opt/airflow/dags/av_daily_ingest.py                           1           0  0.16s           2025-08-29T09:43:18
================================================================================
[2025-08-29T09:44:13.492+0000] {manager.py:737} INFO - Searching for files in /opt/airflow/dags
[2025-08-29T09:44:13.514+0000] {manager.py:740} INFO - There are 1 files in /opt/airflow/dags
[2025-08-29T09:44:16.551+0000] {manager.py:878} INFO - 
================================================================================
DAG File Processing Stats

File Path                             PID    Runtime      # DAGs    # Errors  Last Runtime    Last Run
------------------------------------  -----  ---------  --------  ----------  --------------  -------------------
/opt/airflow/dags/av_daily_ingest.py                           1           0  0.12s           2025-08-29T09:43:48
================================================================================
[2025-08-29T09:44:46.747+0000] {manager.py:878} INFO - 
================================================================================
DAG File Processing Stats

File Path                             PID    Runtime      # DAGs    # Errors  Last Runtime    Last Run
------------------------------------  -----  ---------  --------  ----------  --------------  -------------------
/opt/airflow/dags/av_daily_ingest.py                           1           0  0.12s           2025-08-29T09:44:18
================================================================================
[2025-08-29T09:45:17.057+0000] {manager.py:878} INFO - 
================================================================================
DAG File Processing Stats

File Path                             PID    Runtime      # DAGs    # Errors  Last Runtime    Last Run
------------------------------------  -----  ---------  --------  ----------  --------------  -------------------
/opt/airflow/dags/av_daily_ingest.py                           1           0  0.19s           2025-08-29T09:44:48
================================================================================
[2025-08-29T09:45:47.293+0000] {manager.py:878} INFO - 
================================================================================
DAG File Processing Stats

File Path                             PID    Runtime      # DAGs    # Errors  Last Runtime    Last Run
------------------------------------  -----  ---------  --------  ----------  --------------  -------------------
/opt/airflow/dags/av_daily_ingest.py                           1           0  0.13s           2025-08-29T09:45:19
================================================================================
[2025-08-29T09:46:17.818+0000] {manager.py:878} INFO - 
================================================================================
DAG File Processing Stats

File Path                             PID    Runtime      # DAGs    # Errors  Last Runtime    Last Run
------------------------------------  -----  ---------  --------  ----------  --------------  -------------------
/opt/airflow/dags/av_daily_ingest.py                           1           0  0.13s           2025-08-29T09:45:49
================================================================================
[2025-08-29T09:46:48.104+0000] {manager.py:878} INFO - 
================================================================================
DAG File Processing Stats

File Path                             PID    Runtime      # DAGs    # Errors  Last Runtime    Last Run
------------------------------------  -----  ---------  --------  ----------  --------------  -------------------
/opt/airflow/dags/av_daily_ingest.py                           1           0  0.89s           2025-08-29T09:46:20
================================================================================
[2025-08-29T09:47:18.701+0000] {manager.py:878} INFO - 
================================================================================
DAG File Processing Stats

File Path                             PID    Runtime      # DAGs    # Errors  Last Runtime    Last Run
------------------------------------  -----  ---------  --------  ----------  --------------  -------------------
/opt/airflow/dags/av_daily_ingest.py                           1           0  2.29s           2025-08-29T09:46:53
================================================================================
[2025-08-29T09:47:48.959+0000] {manager.py:878} INFO - 
================================================================================
DAG File Processing Stats

File Path                             PID    Runtime      # DAGs    # Errors  Last Runtime    Last Run
------------------------------------  -----  ---------  --------  ----------  --------------  -------------------
/opt/airflow/dags/av_daily_ingest.py                           1           0  0.54s           2025-08-29T09:47:24
================================================================================
[2025-08-29T09:48:19.137+0000] {manager.py:878} INFO - 
================================================================================
DAG File Processing Stats

File Path                             PID    Runtime      # DAGs    # Errors  Last Runtime    Last Run
------------------------------------  -----  ---------  --------  ----------  --------------  -------------------
/opt/airflow/dags/av_daily_ingest.py                           1           0  0.48s           2025-08-29T09:47:54
================================================================================
[2025-08-29T09:48:49.283+0000] {manager.py:878} INFO - 
================================================================================
DAG File Processing Stats

File Path                             PID    Runtime      # DAGs    # Errors  Last Runtime    Last Run
------------------------------------  -----  ---------  --------  ----------  --------------  -------------------
/opt/airflow/dags/av_daily_ingest.py                           1           0  0.39s           2025-08-29T09:48:25
================================================================================
[2025-08-29T09:49:13.812+0000] {manager.py:737} INFO - Searching for files in /opt/airflow/dags
[2025-08-29T09:49:13.837+0000] {manager.py:740} INFO - There are 1 files in /opt/airflow/dags
[2025-08-29T09:49:19.893+0000] {manager.py:878} INFO - 
================================================================================
DAG File Processing Stats

File Path                             PID    Runtime      # DAGs    # Errors  Last Runtime    Last Run
------------------------------------  -----  ---------  --------  ----------  --------------  -------------------
/opt/airflow/dags/av_daily_ingest.py                           1           0  0.16s           2025-08-29T09:48:55
================================================================================
[2025-08-29T09:49:50.154+0000] {manager.py:878} INFO - 
================================================================================
DAG File Processing Stats

File Path                             PID    Runtime      # DAGs    # Errors  Last Runtime    Last Run
------------------------------------  -----  ---------  --------  ----------  --------------  -------------------
/opt/airflow/dags/av_daily_ingest.py                           1           0  1.08s           2025-08-29T09:49:27
================================================================================
[2025-08-29T09:50:20.335+0000] {manager.py:878} INFO - 
================================================================================
DAG File Processing Stats

File Path                             PID    Runtime      # DAGs    # Errors  Last Runtime    Last Run
------------------------------------  -----  ---------  --------  ----------  --------------  -------------------
/opt/airflow/dags/av_daily_ingest.py                           1           0  0.15s           2025-08-29T09:49:57
================================================================================
[2025-08-29T09:50:50.633+0000] {manager.py:878} INFO - 
================================================================================
DAG File Processing Stats

File Path                             PID    Runtime      # DAGs    # Errors  Last Runtime    Last Run
------------------------------------  -----  ---------  --------  ----------  --------------  -------------------
/opt/airflow/dags/av_daily_ingest.py                           1           0  0.18s           2025-08-29T09:50:27
================================================================================
[2025-08-29T09:51:20.835+0000] {manager.py:878} INFO - 
================================================================================
DAG File Processing Stats

File Path                             PID    Runtime      # DAGs    # Errors  Last Runtime    Last Run
------------------------------------  -----  ---------  --------  ----------  --------------  -------------------
/opt/airflow/dags/av_daily_ingest.py                           1           0  0.13s           2025-08-29T09:50:57
================================================================================
[2025-08-29T09:51:51.140+0000] {manager.py:878} INFO - 
================================================================================
DAG File Processing Stats

File Path                             PID    Runtime      # DAGs    # Errors  Last Runtime    Last Run
------------------------------------  -----  ---------  --------  ----------  --------------  -------------------
/opt/airflow/dags/av_daily_ingest.py                           1           0  0.18s           2025-08-29T09:51:28
================================================================================
[2025-08-29T09:52:21.327+0000] {manager.py:878} INFO - 
================================================================================
DAG File Processing Stats

File Path                             PID    Runtime      # DAGs    # Errors  Last Runtime    Last Run
------------------------------------  -----  ---------  --------  ----------  --------------  -------------------
/opt/airflow/dags/av_daily_ingest.py                           1           0  0.16s           2025-08-29T09:51:58
================================================================================
[2025-08-29T09:52:51.642+0000] {manager.py:878} INFO - 
================================================================================
DAG File Processing Stats

File Path                             PID    Runtime      # DAGs    # Errors  Last Runtime    Last Run
------------------------------------  -----  ---------  --------  ----------  --------------  -------------------
/opt/airflow/dags/av_daily_ingest.py                           1           0  0.24s           2025-08-29T09:52:28
================================================================================
[2025-08-29T09:53:21.865+0000] {manager.py:878} INFO - 
================================================================================
DAG File Processing Stats

File Path                             PID    Runtime      # DAGs    # Errors  Last Runtime    Last Run
------------------------------------  -----  ---------  --------  ----------  --------------  -------------------
/opt/airflow/dags/av_daily_ingest.py                           1           0  5.83s           2025-08-29T09:53:04
================================================================================
[2025-08-29T09:53:52.064+0000] {manager.py:878} INFO - 
================================================================================
DAG File Processing Stats

File Path                             PID    Runtime      # DAGs    # Errors  Last Runtime    Last Run
------------------------------------  -----  ---------  --------  ----------  --------------  -------------------
/opt/airflow/dags/av_daily_ingest.py                           1           0  0.30s           2025-08-29T09:53:35
================================================================================
[2025-08-29T09:54:14.484+0000] {manager.py:737} INFO - Searching for files in /opt/airflow/dags
[2025-08-29T09:54:14.543+0000] {manager.py:740} INFO - There are 1 files in /opt/airflow/dags
[2025-08-29T09:54:22.615+0000] {manager.py:878} INFO - 
================================================================================
DAG File Processing Stats

File Path                             PID    Runtime      # DAGs    # Errors  Last Runtime    Last Run
------------------------------------  -----  ---------  --------  ----------  --------------  -------------------
/opt/airflow/dags/av_daily_ingest.py                           1           0  0.32s           2025-08-29T09:54:05
================================================================================
[2025-08-29T09:54:52.665+0000] {manager.py:878} INFO - 
================================================================================
DAG File Processing Stats

File Path                             PID    Runtime      # DAGs    # Errors  Last Runtime    Last Run
------------------------------------  -----  ---------  --------  ----------  --------------  -------------------
/opt/airflow/dags/av_daily_ingest.py                           1           0  0.64s           2025-08-29T09:54:36
================================================================================
[2025-08-29T09:55:23.230+0000] {manager.py:878} INFO - 
================================================================================
DAG File Processing Stats

File Path                             PID    Runtime      # DAGs    # Errors  Last Runtime    Last Run
------------------------------------  -----  ---------  --------  ----------  --------------  -------------------
/opt/airflow/dags/av_daily_ingest.py                           1           0  0.50s           2025-08-29T09:55:07
================================================================================
[2025-08-29T09:55:53.527+0000] {manager.py:878} INFO - 
================================================================================
DAG File Processing Stats

File Path                             PID    Runtime      # DAGs    # Errors  Last Runtime    Last Run
------------------------------------  -----  ---------  --------  ----------  --------------  -------------------
/opt/airflow/dags/av_daily_ingest.py                           1           0  0.29s           2025-08-29T09:55:37
================================================================================
[2025-08-29T09:56:24.007+0000] {manager.py:878} INFO - 
================================================================================
DAG File Processing Stats

File Path                             PID    Runtime      # DAGs    # Errors  Last Runtime    Last Run
------------------------------------  -----  ---------  --------  ----------  --------------  -------------------
/opt/airflow/dags/av_daily_ingest.py                           1           0  0.41s           2025-08-29T09:56:08
================================================================================
[2025-08-29T09:56:54.582+0000] {manager.py:878} INFO - 
================================================================================
DAG File Processing Stats

File Path                             PID    Runtime      # DAGs    # Errors  Last Runtime    Last Run
------------------------------------  -----  ---------  --------  ----------  --------------  -------------------
/opt/airflow/dags/av_daily_ingest.py                           1           0  0.27s           2025-08-29T09:56:38
================================================================================
[2025-08-29T09:57:25.033+0000] {manager.py:878} INFO - 
================================================================================
DAG File Processing Stats

File Path                             PID    Runtime      # DAGs    # Errors  Last Runtime    Last Run
------------------------------------  -----  ---------  --------  ----------  --------------  -------------------
/opt/airflow/dags/av_daily_ingest.py                           1           0  0.43s           2025-08-29T09:57:09
================================================================================
[2025-08-29T09:57:55.635+0000] {manager.py:878} INFO - 
================================================================================
DAG File Processing Stats

File Path                             PID    Runtime      # DAGs    # Errors  Last Runtime    Last Run
------------------------------------  -----  ---------  --------  ----------  --------------  -------------------
/opt/airflow/dags/av_daily_ingest.py                           1           0  0.21s           2025-08-29T09:57:39
================================================================================
[2025-08-29T09:58:26.023+0000] {manager.py:878} INFO - 
================================================================================
DAG File Processing Stats

File Path                             PID    Runtime      # DAGs    # Errors  Last Runtime    Last Run
------------------------------------  -----  ---------  --------  ----------  --------------  -------------------
/opt/airflow/dags/av_daily_ingest.py                           1           0  0.15s           2025-08-29T09:58:10
================================================================================
[2025-08-29T09:58:56.313+0000] {manager.py:878} INFO - 
================================================================================
DAG File Processing Stats

File Path                             PID    Runtime      # DAGs    # Errors  Last Runtime    Last Run
------------------------------------  -----  ---------  --------  ----------  --------------  -------------------
/opt/airflow/dags/av_daily_ingest.py                           1           0  0.14s           2025-08-29T09:58:40
================================================================================
[2025-08-29T09:59:14.639+0000] {manager.py:737} INFO - Searching for files in /opt/airflow/dags
[2025-08-29T09:59:14.666+0000] {manager.py:740} INFO - There are 1 files in /opt/airflow/dags
[2025-08-29T09:59:26.505+0000] {manager.py:878} INFO - 
================================================================================
DAG File Processing Stats

File Path                             PID    Runtime      # DAGs    # Errors  Last Runtime    Last Run
------------------------------------  -----  ---------  --------  ----------  --------------  -------------------
/opt/airflow/dags/av_daily_ingest.py                           1           0  0.21s           2025-08-29T09:59:10
================================================================================
[2025-08-29T09:59:56.898+0000] {manager.py:878} INFO - 
================================================================================
DAG File Processing Stats

File Path                             PID    Runtime      # DAGs    # Errors  Last Runtime    Last Run
------------------------------------  -----  ---------  --------  ----------  --------------  -------------------
/opt/airflow/dags/av_daily_ingest.py                           1           0  0.37s           2025-08-29T09:59:41
================================================================================
[2025-08-29T10:00:27.455+0000] {manager.py:878} INFO - 
================================================================================
DAG File Processing Stats

File Path                             PID    Runtime      # DAGs    # Errors  Last Runtime    Last Run
------------------------------------  -----  ---------  --------  ----------  --------------  -------------------
/opt/airflow/dags/av_daily_ingest.py                           1           0  0.15s           2025-08-29T10:00:11
================================================================================
[2025-08-29T10:00:57.737+0000] {manager.py:878} INFO - 
================================================================================
DAG File Processing Stats

File Path                             PID    Runtime      # DAGs    # Errors  Last Runtime    Last Run
------------------------------------  -----  ---------  --------  ----------  --------------  -------------------
/opt/airflow/dags/av_daily_ingest.py                           1           0  0.19s           2025-08-29T10:00:41
================================================================================
[2025-08-29T10:01:27.957+0000] {manager.py:878} INFO - 
================================================================================
DAG File Processing Stats

File Path                             PID    Runtime      # DAGs    # Errors  Last Runtime    Last Run
------------------------------------  -----  ---------  --------  ----------  --------------  -------------------
/opt/airflow/dags/av_daily_ingest.py                           1           0  0.18s           2025-08-29T10:01:12
================================================================================
[2025-08-29T10:01:57.935+0000] {manager.py:878} INFO - 
================================================================================
DAG File Processing Stats

File Path                             PID    Runtime      # DAGs    # Errors  Last Runtime    Last Run
------------------------------------  -----  ---------  --------  ----------  --------------  -------------------
/opt/airflow/dags/av_daily_ingest.py                           1           0  0.74s           2025-08-29T10:01:42
================================================================================
[2025-08-29T10:02:28.495+0000] {manager.py:878} INFO - 
================================================================================
DAG File Processing Stats

File Path                             PID    Runtime      # DAGs    # Errors  Last Runtime    Last Run
------------------------------------  -----  ---------  --------  ----------  --------------  -------------------
/opt/airflow/dags/av_daily_ingest.py                           1           0  0.46s           2025-08-29T10:02:13
================================================================================
[2025-08-29T10:02:58.809+0000] {manager.py:878} INFO - 
================================================================================
DAG File Processing Stats

File Path                             PID    Runtime      # DAGs    # Errors  Last Runtime    Last Run
------------------------------------  -----  ---------  --------  ----------  --------------  -------------------
/opt/airflow/dags/av_daily_ingest.py                           1           0  0.18s           2025-08-29T10:02:43
================================================================================
[2025-08-29T10:03:29.350+0000] {manager.py:878} INFO - 
================================================================================
DAG File Processing Stats

File Path                             PID    Runtime      # DAGs    # Errors  Last Runtime    Last Run
------------------------------------  -----  ---------  --------  ----------  --------------  -------------------
/opt/airflow/dags/av_daily_ingest.py                           1           0  1.07s           2025-08-29T10:03:15
================================================================================
[2025-08-29T10:03:59.735+0000] {manager.py:878} INFO - 
================================================================================
DAG File Processing Stats

File Path                             PID    Runtime      # DAGs    # Errors  Last Runtime    Last Run
------------------------------------  -----  ---------  --------  ----------  --------------  -------------------
/opt/airflow/dags/av_daily_ingest.py                           1           0  0.19s           2025-08-29T10:03:45
================================================================================
[2025-08-29T10:04:14.816+0000] {manager.py:737} INFO - Searching for files in /opt/airflow/dags
[2025-08-29T10:04:14.839+0000] {manager.py:740} INFO - There are 1 files in /opt/airflow/dags
[2025-08-29T10:04:30.229+0000] {manager.py:878} INFO - 
================================================================================
DAG File Processing Stats

File Path                             PID    Runtime      # DAGs    # Errors  Last Runtime    Last Run
------------------------------------  -----  ---------  --------  ----------  --------------  -------------------
/opt/airflow/dags/av_daily_ingest.py                           1           0  0.27s           2025-08-29T10:04:16
================================================================================
[2025-08-29T10:05:00.471+0000] {manager.py:878} INFO - 
================================================================================
DAG File Processing Stats

File Path                             PID    Runtime      # DAGs    # Errors  Last Runtime    Last Run
------------------------------------  -----  ---------  --------  ----------  --------------  -------------------
/opt/airflow/dags/av_daily_ingest.py                           1           0  0.19s           2025-08-29T10:04:46
================================================================================
[2025-08-29T10:05:30.562+0000] {manager.py:878} INFO - 
================================================================================
DAG File Processing Stats

File Path                             PID    Runtime      # DAGs    # Errors  Last Runtime    Last Run
------------------------------------  -----  ---------  --------  ----------  --------------  -------------------
/opt/airflow/dags/av_daily_ingest.py                           1           0  0.85s           2025-08-29T10:05:17
================================================================================
[2025-08-29T10:06:00.717+0000] {manager.py:878} INFO - 
================================================================================
DAG File Processing Stats

File Path                             PID    Runtime      # DAGs    # Errors  Last Runtime    Last Run
------------------------------------  -----  ---------  --------  ----------  --------------  -------------------
/opt/airflow/dags/av_daily_ingest.py                           1           0  0.19s           2025-08-29T10:05:47
================================================================================
[2025-08-29T10:06:31.061+0000] {manager.py:878} INFO - 
================================================================================
DAG File Processing Stats

File Path                             PID    Runtime      # DAGs    # Errors  Last Runtime    Last Run
------------------------------------  -----  ---------  --------  ----------  --------------  -------------------
/opt/airflow/dags/av_daily_ingest.py                           1           0  0.15s           2025-08-29T10:06:18
================================================================================
[2025-08-29T10:07:01.375+0000] {manager.py:878} INFO - 
================================================================================
DAG File Processing Stats

File Path                             PID    Runtime      # DAGs    # Errors  Last Runtime    Last Run
------------------------------------  -----  ---------  --------  ----------  --------------  -------------------
/opt/airflow/dags/av_daily_ingest.py                           1           0  0.37s           2025-08-29T10:06:48
================================================================================
[2025-08-29T10:07:31.342+0000] {manager.py:878} INFO - 
================================================================================
DAG File Processing Stats

File Path                             PID    Runtime      # DAGs    # Errors  Last Runtime    Last Run
------------------------------------  -----  ---------  --------  ----------  --------------  -------------------
/opt/airflow/dags/av_daily_ingest.py                           1           0  9.24s           2025-08-29T10:07:27
================================================================================
[2025-08-29T10:08:01.488+0000] {manager.py:878} INFO - 
================================================================================
DAG File Processing Stats

File Path                             PID    Runtime      # DAGs    # Errors  Last Runtime    Last Run
------------------------------------  -----  ---------  --------  ----------  --------------  -------------------
/opt/airflow/dags/av_daily_ingest.py                           1           0  0.42s           2025-08-29T10:07:58
================================================================================
[2025-08-29T10:08:31.664+0000] {manager.py:878} INFO - 
================================================================================
DAG File Processing Stats

File Path                             PID    Runtime      # DAGs    # Errors  Last Runtime    Last Run
------------------------------------  -----  ---------  --------  ----------  --------------  -------------------
/opt/airflow/dags/av_daily_ingest.py                           1           0  0.15s           2025-08-29T10:08:28
================================================================================
[2025-08-29T10:09:01.966+0000] {manager.py:878} INFO - 
================================================================================
DAG File Processing Stats

File Path                             PID    Runtime      # DAGs    # Errors  Last Runtime    Last Run
------------------------------------  -----  ---------  --------  ----------  --------------  -------------------
/opt/airflow/dags/av_daily_ingest.py                           1           0  0.19s           2025-08-29T10:08:59
================================================================================
[2025-08-29T10:09:15.074+0000] {manager.py:737} INFO - Searching for files in /opt/airflow/dags
[2025-08-29T10:09:15.096+0000] {manager.py:740} INFO - There are 1 files in /opt/airflow/dags
[2025-08-29T10:09:32.242+0000] {manager.py:878} INFO - 
================================================================================
DAG File Processing Stats

File Path                             PID    Runtime      # DAGs    # Errors  Last Runtime    Last Run
------------------------------------  -----  ---------  --------  ----------  --------------  -------------------
/opt/airflow/dags/av_daily_ingest.py                           1           0  0.16s           2025-08-29T10:09:29
================================================================================
[2025-08-29T10:10:02.540+0000] {manager.py:878} INFO - 
================================================================================
DAG File Processing Stats

File Path                             PID    Runtime      # DAGs    # Errors  Last Runtime    Last Run
------------------------------------  -----  ---------  --------  ----------  --------------  -------------------
/opt/airflow/dags/av_daily_ingest.py                           1           0  0.17s           2025-08-29T10:09:59
================================================================================
[2025-08-29T10:10:32.785+0000] {manager.py:878} INFO - 
================================================================================
DAG File Processing Stats

File Path                             PID    Runtime      # DAGs    # Errors  Last Runtime    Last Run
------------------------------------  -----  ---------  --------  ----------  --------------  -------------------
/opt/airflow/dags/av_daily_ingest.py                           1           0  0.18s           2025-08-29T10:10:29
================================================================================
[2025-08-29T10:11:03.132+0000] {manager.py:878} INFO - 
================================================================================
DAG File Processing Stats

File Path                             PID    Runtime      # DAGs    # Errors  Last Runtime    Last Run
------------------------------------  -----  ---------  --------  ----------  --------------  -------------------
/opt/airflow/dags/av_daily_ingest.py                           1           0  0.20s           2025-08-29T10:11:00
================================================================================
[2025-08-29T10:11:33.360+0000] {manager.py:878} INFO - 
================================================================================
DAG File Processing Stats

File Path                             PID    Runtime      # DAGs    # Errors  Last Runtime    Last Run
------------------------------------  -----  ---------  --------  ----------  --------------  -------------------
/opt/airflow/dags/av_daily_ingest.py                           1           0  0.19s           2025-08-29T10:11:30
================================================================================
[2025-08-29T10:12:03.468+0000] {manager.py:878} INFO - 
================================================================================
DAG File Processing Stats

File Path                             PID    Runtime      # DAGs    # Errors  Last Runtime    Last Run
------------------------------------  -----  ---------  --------  ----------  --------------  -------------------
/opt/airflow/dags/av_daily_ingest.py                           1           0  0.77s           2025-08-29T10:12:01
================================================================================
[2025-08-29T10:12:33.660+0000] {manager.py:878} INFO - 
================================================================================
DAG File Processing Stats

File Path                             PID    Runtime      # DAGs    # Errors  Last Runtime    Last Run
------------------------------------  -----  ---------  --------  ----------  --------------  -------------------
/opt/airflow/dags/av_daily_ingest.py                           1           0  0.21s           2025-08-29T10:12:31
================================================================================
[2025-08-29T10:13:04.026+0000] {manager.py:878} INFO - 
================================================================================
DAG File Processing Stats

File Path                             PID    Runtime      # DAGs    # Errors  Last Runtime    Last Run
------------------------------------  -----  ---------  --------  ----------  --------------  -------------------
/opt/airflow/dags/av_daily_ingest.py                           1           0  0.21s           2025-08-29T10:13:02
================================================================================
[2025-08-29T10:13:34.395+0000] {manager.py:878} INFO - 
================================================================================
DAG File Processing Stats

File Path                             PID    Runtime      # DAGs    # Errors  Last Runtime    Last Run
------------------------------------  -----  ---------  --------  ----------  --------------  -------------------
/opt/airflow/dags/av_daily_ingest.py                           1           0  0.22s           2025-08-29T10:13:32
================================================================================
[2025-08-29T10:14:04.792+0000] {manager.py:878} INFO - 
================================================================================
DAG File Processing Stats

File Path                             PID    Runtime      # DAGs    # Errors  Last Runtime    Last Run
------------------------------------  -----  ---------  --------  ----------  --------------  -------------------
/opt/airflow/dags/av_daily_ingest.py                           1           0  0.34s           2025-08-29T10:14:03
================================================================================
[2025-08-29T10:14:15.175+0000] {manager.py:737} INFO - Searching for files in /opt/airflow/dags
[2025-08-29T10:14:15.205+0000] {manager.py:740} INFO - There are 1 files in /opt/airflow/dags
[2025-08-29T10:14:35.353+0000] {manager.py:878} INFO - 
================================================================================
DAG File Processing Stats

File Path                             PID    Runtime      # DAGs    # Errors  Last Runtime    Last Run
------------------------------------  -----  ---------  --------  ----------  --------------  -------------------
/opt/airflow/dags/av_daily_ingest.py                           1           0  0.39s           2025-08-29T10:14:33
================================================================================
[2025-08-29T10:15:05.941+0000] {manager.py:878} INFO - 
================================================================================
DAG File Processing Stats

File Path                             PID    Runtime      # DAGs    # Errors  Last Runtime    Last Run
------------------------------------  -----  ---------  --------  ----------  --------------  -------------------
/opt/airflow/dags/av_daily_ingest.py                           1           0  1.13s           2025-08-29T10:15:05
================================================================================
[2025-08-29T10:15:36.206+0000] {manager.py:878} INFO - 
================================================================================
DAG File Processing Stats

File Path                             PID    Runtime      # DAGs    # Errors  Last Runtime    Last Run
------------------------------------  -----  ---------  --------  ----------  --------------  -------------------
/opt/airflow/dags/av_daily_ingest.py                           1           0  0.18s           2025-08-29T10:15:35
================================================================================
[2025-08-29T10:16:06.423+0000] {manager.py:878} INFO - 
================================================================================
DAG File Processing Stats

File Path                             PID    Runtime      # DAGs    # Errors  Last Runtime    Last Run
------------------------------------  -----  ---------  --------  ----------  --------------  -------------------
/opt/airflow/dags/av_daily_ingest.py                           1           0  0.12s           2025-08-29T10:16:05
================================================================================
[2025-08-29T10:16:36.634+0000] {manager.py:878} INFO - 
================================================================================
DAG File Processing Stats

File Path                             PID    Runtime      # DAGs    # Errors  Last Runtime    Last Run
------------------------------------  -----  ---------  --------  ----------  --------------  -------------------
/opt/airflow/dags/av_daily_ingest.py                           1           0  0.48s           2025-08-29T10:16:36
================================================================================
[2025-08-29T10:17:06.808+0000] {manager.py:878} INFO - 
================================================================================
DAG File Processing Stats

File Path                               PID  Runtime      # DAGs    # Errors  Last Runtime    Last Run
------------------------------------  -----  ---------  --------  ----------  --------------  -------------------
/opt/airflow/dags/av_daily_ingest.py    995  0.51s             1           0  0.48s           2025-08-29T10:16:36
================================================================================
[2025-08-29T10:17:37.276+0000] {manager.py:878} INFO - 
================================================================================
DAG File Processing Stats

File Path                               PID  Runtime      # DAGs    # Errors  Last Runtime    Last Run
------------------------------------  -----  ---------  --------  ----------  --------------  -------------------
/opt/airflow/dags/av_daily_ingest.py   1005  0.08s             1           0  0.56s           2025-08-29T10:17:06
================================================================================
[2025-08-29T10:18:07.453+0000] {manager.py:878} INFO - 
================================================================================
DAG File Processing Stats

File Path                             PID    Runtime      # DAGs    # Errors  Last Runtime    Last Run
------------------------------------  -----  ---------  --------  ----------  --------------  -------------------
/opt/airflow/dags/av_daily_ingest.py                           1           0  1.40s           2025-08-29T10:17:38
================================================================================
[2025-08-29T10:18:37.924+0000] {manager.py:878} INFO - 
================================================================================
DAG File Processing Stats

File Path                             PID    Runtime      # DAGs    # Errors  Last Runtime    Last Run
------------------------------------  -----  ---------  --------  ----------  --------------  -------------------
/opt/airflow/dags/av_daily_ingest.py                           1           0  0.43s           2025-08-29T10:18:09
================================================================================
[2025-08-29T10:19:08.625+0000] {manager.py:878} INFO - 
================================================================================
DAG File Processing Stats

File Path                             PID    Runtime      # DAGs    # Errors  Last Runtime    Last Run
------------------------------------  -----  ---------  --------  ----------  --------------  -------------------
/opt/airflow/dags/av_daily_ingest.py                           1           0  0.19s           2025-08-29T10:18:39
================================================================================
[2025-08-29T10:19:15.185+0000] {manager.py:737} INFO - Searching for files in /opt/airflow/dags
[2025-08-29T10:19:15.338+0000] {manager.py:740} INFO - There are 1 files in /opt/airflow/dags
[2025-08-29T10:19:39.063+0000] {manager.py:878} INFO - 
================================================================================
DAG File Processing Stats

File Path                             PID    Runtime      # DAGs    # Errors  Last Runtime    Last Run
------------------------------------  -----  ---------  --------  ----------  --------------  -------------------
/opt/airflow/dags/av_daily_ingest.py                           1           0  0.51s           2025-08-29T10:19:10
================================================================================
[2025-08-29T10:20:09.666+0000] {manager.py:878} INFO - 
================================================================================
DAG File Processing Stats

File Path                             PID    Runtime      # DAGs    # Errors  Last Runtime    Last Run
------------------------------------  -----  ---------  --------  ----------  --------------  -------------------
/opt/airflow/dags/av_daily_ingest.py                           1           0  0.15s           2025-08-29T10:19:40
================================================================================
[2025-08-29T10:20:39.960+0000] {manager.py:878} INFO - 
================================================================================
DAG File Processing Stats

File Path                             PID    Runtime      # DAGs    # Errors  Last Runtime    Last Run
------------------------------------  -----  ---------  --------  ----------  --------------  -------------------
/opt/airflow/dags/av_daily_ingest.py                           1           0  0.16s           2025-08-29T10:20:10
================================================================================
[2025-08-29T10:21:10.139+0000] {manager.py:878} INFO - 
================================================================================
DAG File Processing Stats

File Path                             PID    Runtime      # DAGs    # Errors  Last Runtime    Last Run
------------------------------------  -----  ---------  --------  ----------  --------------  -------------------
/opt/airflow/dags/av_daily_ingest.py                           1           0  0.13s           2025-08-29T10:20:41
================================================================================
[2025-08-29T10:21:40.404+0000] {manager.py:878} INFO - 
================================================================================
DAG File Processing Stats

File Path                             PID    Runtime      # DAGs    # Errors  Last Runtime    Last Run
------------------------------------  -----  ---------  --------  ----------  --------------  -------------------
/opt/airflow/dags/av_daily_ingest.py                           1           0  0.15s           2025-08-29T10:21:11
================================================================================
[2025-08-29T10:22:10.587+0000] {manager.py:878} INFO - 
================================================================================
DAG File Processing Stats

File Path                             PID    Runtime      # DAGs    # Errors  Last Runtime    Last Run
------------------------------------  -----  ---------  --------  ----------  --------------  -------------------
/opt/airflow/dags/av_daily_ingest.py                           1           0  0.12s           2025-08-29T10:21:41
================================================================================
[2025-08-29T10:22:40.820+0000] {manager.py:878} INFO - 
================================================================================
DAG File Processing Stats

File Path                             PID    Runtime      # DAGs    # Errors  Last Runtime    Last Run
------------------------------------  -----  ---------  --------  ----------  --------------  -------------------
/opt/airflow/dags/av_daily_ingest.py                           1           0  0.17s           2025-08-29T10:22:11
================================================================================
[2025-08-29T10:23:11.095+0000] {manager.py:878} INFO - 
================================================================================
DAG File Processing Stats

File Path                             PID    Runtime      # DAGs    # Errors  Last Runtime    Last Run
------------------------------------  -----  ---------  --------  ----------  --------------  -------------------
/opt/airflow/dags/av_daily_ingest.py                           1           0  0.23s           2025-08-29T10:22:42
================================================================================
[2025-08-29T10:23:41.341+0000] {manager.py:878} INFO - 
================================================================================
DAG File Processing Stats

File Path                             PID    Runtime      # DAGs    # Errors  Last Runtime    Last Run
------------------------------------  -----  ---------  --------  ----------  --------------  -------------------
/opt/airflow/dags/av_daily_ingest.py                           1           0  0.18s           2025-08-29T10:23:12
================================================================================
[2025-08-29T10:24:11.549+0000] {manager.py:878} INFO - 
================================================================================
DAG File Processing Stats

File Path                             PID    Runtime      # DAGs    # Errors  Last Runtime    Last Run
------------------------------------  -----  ---------  --------  ----------  --------------  -------------------
/opt/airflow/dags/av_daily_ingest.py                           1           0  0.13s           2025-08-29T10:23:42
================================================================================
[2025-08-29T10:24:15.637+0000] {manager.py:737} INFO - Searching for files in /opt/airflow/dags
[2025-08-29T10:24:15.655+0000] {manager.py:740} INFO - There are 1 files in /opt/airflow/dags
[2025-08-29T10:24:41.804+0000] {manager.py:878} INFO - 
================================================================================
DAG File Processing Stats

File Path                             PID    Runtime      # DAGs    # Errors  Last Runtime    Last Run
------------------------------------  -----  ---------  --------  ----------  --------------  -------------------
/opt/airflow/dags/av_daily_ingest.py                           1           0  0.12s           2025-08-29T10:24:12
================================================================================
[2025-08-29T10:25:11.976+0000] {manager.py:878} INFO - 
================================================================================
DAG File Processing Stats

File Path                             PID    Runtime      # DAGs    # Errors  Last Runtime    Last Run
------------------------------------  -----  ---------  --------  ----------  --------------  -------------------
/opt/airflow/dags/av_daily_ingest.py                           1           0  0.16s           2025-08-29T10:24:42
================================================================================
[2025-08-29T10:25:42.295+0000] {manager.py:878} INFO - 
================================================================================
DAG File Processing Stats

File Path                             PID    Runtime      # DAGs    # Errors  Last Runtime    Last Run
------------------------------------  -----  ---------  --------  ----------  --------------  -------------------
/opt/airflow/dags/av_daily_ingest.py                           1           0  0.25s           2025-08-29T10:25:13
================================================================================
[2025-08-29T10:26:12.533+0000] {manager.py:878} INFO - 
================================================================================
DAG File Processing Stats

File Path                             PID    Runtime      # DAGs    # Errors  Last Runtime    Last Run
------------------------------------  -----  ---------  --------  ----------  --------------  -------------------
/opt/airflow/dags/av_daily_ingest.py                           1           0  0.15s           2025-08-29T10:25:43
================================================================================
[2025-08-29T10:26:42.753+0000] {manager.py:878} INFO - 
================================================================================
DAG File Processing Stats

File Path                             PID    Runtime      # DAGs    # Errors  Last Runtime    Last Run
------------------------------------  -----  ---------  --------  ----------  --------------  -------------------
/opt/airflow/dags/av_daily_ingest.py                           1           0  0.16s           2025-08-29T10:26:13
================================================================================
[2025-08-29T10:27:13.049+0000] {manager.py:878} INFO - 
================================================================================
DAG File Processing Stats

File Path                             PID    Runtime      # DAGs    # Errors  Last Runtime    Last Run
------------------------------------  -----  ---------  --------  ----------  --------------  -------------------
/opt/airflow/dags/av_daily_ingest.py                           1           0  0.18s           2025-08-29T10:26:43
================================================================================
[2025-08-29T10:27:43.244+0000] {manager.py:878} INFO - 
================================================================================
DAG File Processing Stats

File Path                             PID    Runtime      # DAGs    # Errors  Last Runtime    Last Run
------------------------------------  -----  ---------  --------  ----------  --------------  -------------------
/opt/airflow/dags/av_daily_ingest.py                           1           0  0.12s           2025-08-29T10:27:14
================================================================================
[2025-08-29T10:28:13.490+0000] {manager.py:878} INFO - 
================================================================================
DAG File Processing Stats

File Path                             PID    Runtime      # DAGs    # Errors  Last Runtime    Last Run
------------------------------------  -----  ---------  --------  ----------  --------------  -------------------
/opt/airflow/dags/av_daily_ingest.py                           1           0  0.12s           2025-08-29T10:27:44
================================================================================
[2025-08-29T10:28:43.674+0000] {manager.py:878} INFO - 
================================================================================
DAG File Processing Stats

File Path                             PID    Runtime      # DAGs    # Errors  Last Runtime    Last Run
------------------------------------  -----  ---------  --------  ----------  --------------  -------------------
/opt/airflow/dags/av_daily_ingest.py                           1           0  0.14s           2025-08-29T10:28:14
================================================================================
[2025-08-29T10:29:13.954+0000] {manager.py:878} INFO - 
================================================================================
DAG File Processing Stats

File Path                             PID    Runtime      # DAGs    # Errors  Last Runtime    Last Run
------------------------------------  -----  ---------  --------  ----------  --------------  -------------------
/opt/airflow/dags/av_daily_ingest.py                           1           0  0.24s           2025-08-29T10:28:44
================================================================================
[2025-08-29T10:29:16.083+0000] {manager.py:737} INFO - Searching for files in /opt/airflow/dags
[2025-08-29T10:29:16.100+0000] {manager.py:740} INFO - There are 1 files in /opt/airflow/dags
[2025-08-29T10:29:44.271+0000] {manager.py:878} INFO - 
================================================================================
DAG File Processing Stats

File Path                             PID    Runtime      # DAGs    # Errors  Last Runtime    Last Run
------------------------------------  -----  ---------  --------  ----------  --------------  -------------------
/opt/airflow/dags/av_daily_ingest.py                           1           0  0.17s           2025-08-29T10:29:15
================================================================================
[2025-08-29T10:30:14.461+0000] {manager.py:878} INFO - 
================================================================================
DAG File Processing Stats

File Path                             PID    Runtime      # DAGs    # Errors  Last Runtime    Last Run
------------------------------------  -----  ---------  --------  ----------  --------------  -------------------
/opt/airflow/dags/av_daily_ingest.py                           1           0  0.19s           2025-08-29T10:29:45
================================================================================
[2025-08-29T10:30:44.796+0000] {manager.py:878} INFO - 
================================================================================
DAG File Processing Stats

File Path                             PID    Runtime      # DAGs    # Errors  Last Runtime    Last Run
------------------------------------  -----  ---------  --------  ----------  --------------  -------------------
/opt/airflow/dags/av_daily_ingest.py                           1           0  0.13s           2025-08-29T10:30:15
================================================================================
[2025-08-29T10:31:15.090+0000] {manager.py:878} INFO - 
================================================================================
DAG File Processing Stats

File Path                             PID    Runtime      # DAGs    # Errors  Last Runtime    Last Run
------------------------------------  -----  ---------  --------  ----------  --------------  -------------------
/opt/airflow/dags/av_daily_ingest.py                           1           0  0.19s           2025-08-29T10:30:45
================================================================================
[2025-08-29T10:31:45.326+0000] {manager.py:878} INFO - 
================================================================================
DAG File Processing Stats

File Path                             PID    Runtime      # DAGs    # Errors  Last Runtime    Last Run
------------------------------------  -----  ---------  --------  ----------  --------------  -------------------
/opt/airflow/dags/av_daily_ingest.py                           1           0  0.24s           2025-08-29T10:31:16
================================================================================
[2025-08-29T10:32:15.332+0000] {manager.py:878} INFO - 
================================================================================
DAG File Processing Stats

File Path                             PID    Runtime      # DAGs    # Errors  Last Runtime    Last Run
------------------------------------  -----  ---------  --------  ----------  --------------  -------------------
/opt/airflow/dags/av_daily_ingest.py                           1           0  0.64s           2025-08-29T10:31:47
================================================================================
[2025-08-29T10:32:45.504+0000] {manager.py:878} INFO - 
================================================================================
DAG File Processing Stats

File Path                             PID    Runtime      # DAGs    # Errors  Last Runtime    Last Run
------------------------------------  -----  ---------  --------  ----------  --------------  -------------------
/opt/airflow/dags/av_daily_ingest.py                           1           0  0.19s           2025-08-29T10:32:17
================================================================================
[2025-08-29T10:33:15.848+0000] {manager.py:878} INFO - 
================================================================================
DAG File Processing Stats

File Path                             PID    Runtime      # DAGs    # Errors  Last Runtime    Last Run
------------------------------------  -----  ---------  --------  ----------  --------------  -------------------
/opt/airflow/dags/av_daily_ingest.py                           1           0  0.15s           2025-08-29T10:32:47
================================================================================
[2025-08-29T10:33:46.145+0000] {manager.py:878} INFO - 
================================================================================
DAG File Processing Stats

File Path                             PID    Runtime      # DAGs    # Errors  Last Runtime    Last Run
------------------------------------  -----  ---------  --------  ----------  --------------  -------------------
/opt/airflow/dags/av_daily_ingest.py                           1           0  0.25s           2025-08-29T10:33:18
================================================================================
[2025-08-29T10:34:16.268+0000] {manager.py:737} INFO - Searching for files in /opt/airflow/dags
[2025-08-29T10:34:16.296+0000] {manager.py:740} INFO - There are 1 files in /opt/airflow/dags
[2025-08-29T10:34:17.320+0000] {manager.py:878} INFO - 
================================================================================
DAG File Processing Stats

File Path                             PID    Runtime      # DAGs    # Errors  Last Runtime    Last Run
------------------------------------  -----  ---------  --------  ----------  --------------  -------------------
/opt/airflow/dags/av_daily_ingest.py                           1           0  0.20s           2025-08-29T10:33:48
================================================================================
[2025-08-29T10:34:45.286+0000] {manager.py:878} INFO - 
================================================================================
DAG File Processing Stats

File Path                             PID    Runtime      # DAGs    # Errors  Last Runtime    Last Run
------------------------------------  -----  ---------  --------  ----------  --------------  -------------------
/opt/airflow/dags/av_daily_ingest.py                           1           0  0.19s           2025-08-29T10:34:18
================================================================================
[2025-08-29T10:35:15.387+0000] {manager.py:878} INFO - 
================================================================================
DAG File Processing Stats

File Path                             PID    Runtime      # DAGs    # Errors  Last Runtime    Last Run
------------------------------------  -----  ---------  --------  ----------  --------------  -------------------
/opt/airflow/dags/av_daily_ingest.py                           1           0  0.14s           2025-08-29T10:34:49
================================================================================
[2025-08-29T10:35:45.669+0000] {manager.py:878} INFO - 
================================================================================
DAG File Processing Stats

File Path                             PID    Runtime      # DAGs    # Errors  Last Runtime    Last Run
------------------------------------  -----  ---------  --------  ----------  --------------  -------------------
/opt/airflow/dags/av_daily_ingest.py                           1           0  1.69s           2025-08-29T10:35:21
================================================================================
[2025-08-29T10:36:15.976+0000] {manager.py:878} INFO - 
================================================================================
DAG File Processing Stats

File Path                             PID    Runtime      # DAGs    # Errors  Last Runtime    Last Run
------------------------------------  -----  ---------  --------  ----------  --------------  -------------------
/opt/airflow/dags/av_daily_ingest.py                           1           0  0.28s           2025-08-29T10:35:51
================================================================================
[2025-08-29T10:36:46.778+0000] {manager.py:878} INFO - 
================================================================================
DAG File Processing Stats

File Path                             PID    Runtime      # DAGs    # Errors  Last Runtime    Last Run
------------------------------------  -----  ---------  --------  ----------  --------------  -------------------
/opt/airflow/dags/av_daily_ingest.py                           1           0  5.20s           2025-08-29T10:36:27
================================================================================
[2025-08-29T10:37:17.122+0000] {manager.py:878} INFO - 
================================================================================
DAG File Processing Stats

File Path                             PID    Runtime      # DAGs    # Errors  Last Runtime    Last Run
------------------------------------  -----  ---------  --------  ----------  --------------  -------------------
/opt/airflow/dags/av_daily_ingest.py                           1           0  0.26s           2025-08-29T10:36:58
================================================================================
[2025-08-29T10:37:47.370+0000] {manager.py:878} INFO - 
================================================================================
DAG File Processing Stats

File Path                             PID    Runtime      # DAGs    # Errors  Last Runtime    Last Run
------------------------------------  -----  ---------  --------  ----------  --------------  -------------------
/opt/airflow/dags/av_daily_ingest.py                           1           0  0.28s           2025-08-29T10:37:28
================================================================================
[2025-08-29T10:38:17.738+0000] {manager.py:878} INFO - 
================================================================================
DAG File Processing Stats

File Path                             PID    Runtime      # DAGs    # Errors  Last Runtime    Last Run
------------------------------------  -----  ---------  --------  ----------  --------------  -------------------
/opt/airflow/dags/av_daily_ingest.py                           1           0  0.21s           2025-08-29T10:37:58
================================================================================
[2025-08-29T10:38:48.090+0000] {manager.py:878} INFO - 
================================================================================
DAG File Processing Stats

File Path                             PID    Runtime      # DAGs    # Errors  Last Runtime    Last Run
------------------------------------  -----  ---------  --------  ----------  --------------  -------------------
/opt/airflow/dags/av_daily_ingest.py                           1           0  0.13s           2025-08-29T10:38:29
================================================================================
[2025-08-29T10:39:16.386+0000] {manager.py:737} INFO - Searching for files in /opt/airflow/dags
[2025-08-29T10:39:16.408+0000] {manager.py:740} INFO - There are 1 files in /opt/airflow/dags
[2025-08-29T10:39:18.436+0000] {manager.py:878} INFO - 
================================================================================
DAG File Processing Stats

File Path                             PID    Runtime      # DAGs    # Errors  Last Runtime    Last Run
------------------------------------  -----  ---------  --------  ----------  --------------  -------------------
/opt/airflow/dags/av_daily_ingest.py                           1           0  0.14s           2025-08-29T10:38:59
================================================================================
[2025-08-29T10:39:48.738+0000] {manager.py:878} INFO - 
================================================================================
DAG File Processing Stats

File Path                             PID    Runtime      # DAGs    # Errors  Last Runtime    Last Run
------------------------------------  -----  ---------  --------  ----------  --------------  -------------------
/opt/airflow/dags/av_daily_ingest.py                           1           0  0.23s           2025-08-29T10:39:29
================================================================================
[2025-08-29T10:40:18.996+0000] {manager.py:878} INFO - 
================================================================================
DAG File Processing Stats

File Path                             PID    Runtime      # DAGs    # Errors  Last Runtime    Last Run
------------------------------------  -----  ---------  --------  ----------  --------------  -------------------
/opt/airflow/dags/av_daily_ingest.py                           1           0  0.86s           2025-08-29T10:40:00
================================================================================
[2025-08-29T10:40:49.169+0000] {manager.py:878} INFO - 
================================================================================
DAG File Processing Stats

File Path                             PID    Runtime      # DAGs    # Errors  Last Runtime    Last Run
------------------------------------  -----  ---------  --------  ----------  --------------  -------------------
/opt/airflow/dags/av_daily_ingest.py                           1           0  0.20s           2025-08-29T10:40:31
================================================================================
[2025-08-29T10:41:19.516+0000] {manager.py:878} INFO - 
================================================================================
DAG File Processing Stats

File Path                             PID    Runtime      # DAGs    # Errors  Last Runtime    Last Run
------------------------------------  -----  ---------  --------  ----------  --------------  -------------------
/opt/airflow/dags/av_daily_ingest.py                           1           0  0.49s           2025-08-29T10:41:01
================================================================================
[2025-08-29T10:41:49.675+0000] {manager.py:878} INFO - 
================================================================================
DAG File Processing Stats

File Path                             PID    Runtime      # DAGs    # Errors  Last Runtime    Last Run
------------------------------------  -----  ---------  --------  ----------  --------------  -------------------
/opt/airflow/dags/av_daily_ingest.py                           1           0  0.50s           2025-08-29T10:41:32
================================================================================
[2025-08-29T10:42:19.903+0000] {manager.py:878} INFO - 
================================================================================
DAG File Processing Stats

File Path                             PID    Runtime      # DAGs    # Errors  Last Runtime    Last Run
------------------------------------  -----  ---------  --------  ----------  --------------  -------------------
/opt/airflow/dags/av_daily_ingest.py                           1           0  0.15s           2025-08-29T10:42:02
================================================================================
[2025-08-29T10:42:50.181+0000] {manager.py:878} INFO - 
================================================================================
DAG File Processing Stats

File Path                             PID    Runtime      # DAGs    # Errors  Last Runtime    Last Run
------------------------------------  -----  ---------  --------  ----------  --------------  -------------------
/opt/airflow/dags/av_daily_ingest.py                           1           0  0.13s           2025-08-29T10:42:33
================================================================================
[2025-08-29T10:43:20.369+0000] {manager.py:878} INFO - 
================================================================================
DAG File Processing Stats

File Path                             PID    Runtime      # DAGs    # Errors  Last Runtime    Last Run
------------------------------------  -----  ---------  --------  ----------  --------------  -------------------
/opt/airflow/dags/av_daily_ingest.py                           1           0  0.14s           2025-08-29T10:43:03
================================================================================
[2025-08-29T10:43:50.637+0000] {manager.py:878} INFO - 
================================================================================
DAG File Processing Stats

File Path                             PID    Runtime      # DAGs    # Errors  Last Runtime    Last Run
------------------------------------  -----  ---------  --------  ----------  --------------  -------------------
/opt/airflow/dags/av_daily_ingest.py                           1           0  0.13s           2025-08-29T10:43:33
================================================================================
[2025-08-29T10:44:16.794+0000] {manager.py:737} INFO - Searching for files in /opt/airflow/dags
[2025-08-29T10:44:16.815+0000] {manager.py:740} INFO - There are 1 files in /opt/airflow/dags
[2025-08-29T10:44:20.852+0000] {manager.py:878} INFO - 
================================================================================
DAG File Processing Stats

File Path                             PID    Runtime      # DAGs    # Errors  Last Runtime    Last Run
------------------------------------  -----  ---------  --------  ----------  --------------  -------------------
/opt/airflow/dags/av_daily_ingest.py                           1           0  0.13s           2025-08-29T10:44:03
================================================================================
[2025-08-29T10:44:51.085+0000] {manager.py:878} INFO - 
================================================================================
DAG File Processing Stats

File Path                             PID    Runtime      # DAGs    # Errors  Last Runtime    Last Run
------------------------------------  -----  ---------  --------  ----------  --------------  -------------------
/opt/airflow/dags/av_daily_ingest.py                           1           0  0.13s           2025-08-29T10:44:34
================================================================================
[2025-08-29T10:45:21.305+0000] {manager.py:878} INFO - 
================================================================================
DAG File Processing Stats

File Path                             PID    Runtime      # DAGs    # Errors  Last Runtime    Last Run
------------------------------------  -----  ---------  --------  ----------  --------------  -------------------
/opt/airflow/dags/av_daily_ingest.py                           1           0  0.28s           2025-08-29T10:45:04
================================================================================
[2025-08-29T10:45:51.708+0000] {manager.py:878} INFO - 
================================================================================
DAG File Processing Stats

File Path                             PID    Runtime      # DAGs    # Errors  Last Runtime    Last Run
------------------------------------  -----  ---------  --------  ----------  --------------  -------------------
/opt/airflow/dags/av_daily_ingest.py                           1           0  0.13s           2025-08-29T10:45:34
================================================================================
[2025-08-29T10:46:22.025+0000] {manager.py:878} INFO - 
================================================================================
DAG File Processing Stats

File Path                             PID    Runtime      # DAGs    # Errors  Last Runtime    Last Run
------------------------------------  -----  ---------  --------  ----------  --------------  -------------------
/opt/airflow/dags/av_daily_ingest.py                           1           0  0.26s           2025-08-29T10:46:05
================================================================================
[2025-08-29T10:46:52.310+0000] {manager.py:878} INFO - 
================================================================================
DAG File Processing Stats

File Path                             PID    Runtime      # DAGs    # Errors  Last Runtime    Last Run
------------------------------------  -----  ---------  --------  ----------  --------------  -------------------
/opt/airflow/dags/av_daily_ingest.py                           1           0  0.21s           2025-08-29T10:46:35
================================================================================
[2025-08-29T10:47:22.657+0000] {manager.py:878} INFO - 
================================================================================
DAG File Processing Stats

File Path                             PID    Runtime      # DAGs    # Errors  Last Runtime    Last Run
------------------------------------  -----  ---------  --------  ----------  --------------  -------------------
/opt/airflow/dags/av_daily_ingest.py                           1           0  0.24s           2025-08-29T10:47:05
================================================================================
[2025-08-29T10:47:52.873+0000] {manager.py:878} INFO - 
================================================================================
DAG File Processing Stats

File Path                             PID    Runtime      # DAGs    # Errors  Last Runtime    Last Run
------------------------------------  -----  ---------  --------  ----------  --------------  -------------------
/opt/airflow/dags/av_daily_ingest.py                           1           0  0.27s           2025-08-29T10:47:36
================================================================================
[2025-08-29T10:48:23.278+0000] {manager.py:878} INFO - 
================================================================================
DAG File Processing Stats

File Path                             PID    Runtime      # DAGs    # Errors  Last Runtime    Last Run
------------------------------------  -----  ---------  --------  ----------  --------------  -------------------
/opt/airflow/dags/av_daily_ingest.py                           1           0  0.26s           2025-08-29T10:48:06
================================================================================
[2025-08-29T10:48:53.464+0000] {manager.py:878} INFO - 
================================================================================
DAG File Processing Stats

File Path                             PID    Runtime      # DAGs    # Errors  Last Runtime    Last Run
------------------------------------  -----  ---------  --------  ----------  --------------  -------------------
/opt/airflow/dags/av_daily_ingest.py                           1           0  8.98s           2025-08-29T10:48:46
================================================================================
[2025-08-29T10:49:16.864+0000] {manager.py:737} INFO - Searching for files in /opt/airflow/dags
[2025-08-29T10:49:17.115+0000] {manager.py:740} INFO - There are 1 files in /opt/airflow/dags
[2025-08-29T10:49:24.086+0000] {manager.py:878} INFO - 
================================================================================
DAG File Processing Stats

File Path                               PID  Runtime      # DAGs    # Errors  Last Runtime    Last Run
------------------------------------  -----  ---------  --------  ----------  --------------  -------------------
/opt/airflow/dags/av_daily_ingest.py   1699  4.48s             1           0  8.98s           2025-08-29T10:48:46
================================================================================
[2025-08-29T10:49:54.346+0000] {manager.py:878} INFO - 
================================================================================
DAG File Processing Stats

File Path                             PID    Runtime      # DAGs    # Errors  Last Runtime    Last Run
------------------------------------  -----  ---------  --------  ----------  --------------  -------------------
/opt/airflow/dags/av_daily_ingest.py                           1           0  9.08s           2025-08-29T10:49:28
================================================================================
[2025-08-29T10:50:24.685+0000] {manager.py:878} INFO - 
================================================================================
DAG File Processing Stats

File Path                             PID    Runtime      # DAGs    # Errors  Last Runtime    Last Run
------------------------------------  -----  ---------  --------  ----------  --------------  -------------------
/opt/airflow/dags/av_daily_ingest.py                           1           0  0.86s           2025-08-29T10:49:59
================================================================================
[2025-08-29T10:50:54.829+0000] {manager.py:878} INFO - 
================================================================================
DAG File Processing Stats

File Path                             PID    Runtime      # DAGs    # Errors  Last Runtime    Last Run
------------------------------------  -----  ---------  --------  ----------  --------------  -------------------
/opt/airflow/dags/av_daily_ingest.py                           1           0  0.26s           2025-08-29T10:50:29
================================================================================
[2025-08-29T10:51:25.219+0000] {manager.py:878} INFO - 
================================================================================
DAG File Processing Stats

File Path                             PID    Runtime      # DAGs    # Errors  Last Runtime    Last Run
------------------------------------  -----  ---------  --------  ----------  --------------  -------------------
/opt/airflow/dags/av_daily_ingest.py                           1           0  0.16s           2025-08-29T10:51:00
================================================================================
[2025-08-29T10:51:55.516+0000] {manager.py:878} INFO - 
================================================================================
DAG File Processing Stats

File Path                             PID    Runtime      # DAGs    # Errors  Last Runtime    Last Run
------------------------------------  -----  ---------  --------  ----------  --------------  -------------------
/opt/airflow/dags/av_daily_ingest.py                           1           0  0.16s           2025-08-29T10:51:30
================================================================================
[2025-08-29T10:52:25.808+0000] {manager.py:878} INFO - 
================================================================================
DAG File Processing Stats

File Path                             PID    Runtime      # DAGs    # Errors  Last Runtime    Last Run
------------------------------------  -----  ---------  --------  ----------  --------------  -------------------
/opt/airflow/dags/av_daily_ingest.py                           1           0  0.29s           2025-08-29T10:52:00
================================================================================
[2025-08-29T10:52:56.270+0000] {manager.py:878} INFO - 
================================================================================
DAG File Processing Stats

File Path                             PID    Runtime      # DAGs    # Errors  Last Runtime    Last Run
------------------------------------  -----  ---------  --------  ----------  --------------  -------------------
/opt/airflow/dags/av_daily_ingest.py                           1           0  1.22s           2025-08-29T10:52:32
================================================================================
[2025-08-29T10:53:26.660+0000] {manager.py:878} INFO - 
================================================================================
DAG File Processing Stats

File Path                             PID    Runtime      # DAGs    # Errors  Last Runtime    Last Run
------------------------------------  -----  ---------  --------  ----------  --------------  -------------------
/opt/airflow/dags/av_daily_ingest.py                           1           0  0.44s           2025-08-29T10:53:02
================================================================================
[2025-08-29T10:53:57.126+0000] {manager.py:878} INFO - 
================================================================================
DAG File Processing Stats

File Path                             PID    Runtime      # DAGs    # Errors  Last Runtime    Last Run
------------------------------------  -----  ---------  --------  ----------  --------------  -------------------
/opt/airflow/dags/av_daily_ingest.py                           1           0  0.28s           2025-08-29T10:53:33
================================================================================
[2025-08-29T10:54:17.507+0000] {manager.py:737} INFO - Searching for files in /opt/airflow/dags
[2025-08-29T10:54:17.528+0000] {manager.py:740} INFO - There are 1 files in /opt/airflow/dags
[2025-08-29T10:54:27.598+0000] {manager.py:878} INFO - 
================================================================================
DAG File Processing Stats

File Path                             PID    Runtime      # DAGs    # Errors  Last Runtime    Last Run
------------------------------------  -----  ---------  --------  ----------  --------------  -------------------
/opt/airflow/dags/av_daily_ingest.py                           1           0  0.15s           2025-08-29T10:54:03
================================================================================
[2025-08-29T10:54:57.828+0000] {manager.py:878} INFO - 
================================================================================
DAG File Processing Stats

File Path                             PID    Runtime      # DAGs    # Errors  Last Runtime    Last Run
------------------------------------  -----  ---------  --------  ----------  --------------  -------------------
/opt/airflow/dags/av_daily_ingest.py                           1           0  0.16s           2025-08-29T10:54:33
================================================================================
[2025-08-29T10:55:28.121+0000] {manager.py:878} INFO - 
================================================================================
DAG File Processing Stats

File Path                             PID    Runtime      # DAGs    # Errors  Last Runtime    Last Run
------------------------------------  -----  ---------  --------  ----------  --------------  -------------------
/opt/airflow/dags/av_daily_ingest.py                           1           0  0.18s           2025-08-29T10:55:04
================================================================================
[2025-08-29T10:55:58.348+0000] {manager.py:878} INFO - 
================================================================================
DAG File Processing Stats

File Path                             PID    Runtime      # DAGs    # Errors  Last Runtime    Last Run
------------------------------------  -----  ---------  --------  ----------  --------------  -------------------
/opt/airflow/dags/av_daily_ingest.py                           1           0  0.15s           2025-08-29T10:55:34
================================================================================
[2025-08-29T10:56:28.589+0000] {manager.py:878} INFO - 
================================================================================
DAG File Processing Stats

File Path                             PID    Runtime      # DAGs    # Errors  Last Runtime    Last Run
------------------------------------  -----  ---------  --------  ----------  --------------  -------------------
/opt/airflow/dags/av_daily_ingest.py                           1           0  0.14s           2025-08-29T10:56:04
================================================================================
[2025-08-29T10:56:58.840+0000] {manager.py:878} INFO - 
================================================================================
DAG File Processing Stats

File Path                             PID    Runtime      # DAGs    # Errors  Last Runtime    Last Run
------------------------------------  -----  ---------  --------  ----------  --------------  -------------------
/opt/airflow/dags/av_daily_ingest.py                           1           0  0.26s           2025-08-29T10:56:34
================================================================================
[2025-08-29T10:57:29.326+0000] {manager.py:878} INFO - 
================================================================================
DAG File Processing Stats

File Path                             PID    Runtime      # DAGs    # Errors  Last Runtime    Last Run
------------------------------------  -----  ---------  --------  ----------  --------------  -------------------
/opt/airflow/dags/av_daily_ingest.py                           1           0  1.50s           2025-08-29T10:57:06
================================================================================
[2025-08-29T10:57:59.714+0000] {manager.py:878} INFO - 
================================================================================
DAG File Processing Stats

File Path                             PID    Runtime      # DAGs    # Errors  Last Runtime    Last Run
------------------------------------  -----  ---------  --------  ----------  --------------  -------------------
/opt/airflow/dags/av_daily_ingest.py                           1           0  10.66s          2025-08-29T10:57:48
================================================================================
[2025-08-29T10:58:29.907+0000] {manager.py:878} INFO - 
================================================================================
DAG File Processing Stats

File Path                             PID    Runtime      # DAGs    # Errors  Last Runtime    Last Run
------------------------------------  -----  ---------  --------  ----------  --------------  -------------------
/opt/airflow/dags/av_daily_ingest.py                           1           0  0.49s           2025-08-29T10:58:18
================================================================================
[2025-08-29T10:59:00.163+0000] {manager.py:878} INFO - 
================================================================================
DAG File Processing Stats

File Path                             PID    Runtime      # DAGs    # Errors  Last Runtime    Last Run
------------------------------------  -----  ---------  --------  ----------  --------------  -------------------
/opt/airflow/dags/av_daily_ingest.py                           1           0  0.16s           2025-08-29T10:58:49
================================================================================
[2025-08-29T10:59:18.265+0000] {manager.py:737} INFO - Searching for files in /opt/airflow/dags
[2025-08-29T10:59:18.291+0000] {manager.py:740} INFO - There are 1 files in /opt/airflow/dags
[2025-08-29T10:59:30.391+0000] {manager.py:878} INFO - 
================================================================================
DAG File Processing Stats

File Path                             PID    Runtime      # DAGs    # Errors  Last Runtime    Last Run
------------------------------------  -----  ---------  --------  ----------  --------------  -------------------
/opt/airflow/dags/av_daily_ingest.py                           1           0  0.17s           2025-08-29T10:59:19
================================================================================
[2025-08-29T11:00:00.529+0000] {manager.py:878} INFO - 
================================================================================
DAG File Processing Stats

File Path                             PID    Runtime      # DAGs    # Errors  Last Runtime    Last Run
------------------------------------  -----  ---------  --------  ----------  --------------  -------------------
/opt/airflow/dags/av_daily_ingest.py                           1           0  2.58s           2025-08-29T10:59:52
================================================================================
[2025-08-29T11:00:30.728+0000] {manager.py:878} INFO - 
================================================================================
DAG File Processing Stats

File Path                             PID    Runtime      # DAGs    # Errors  Last Runtime    Last Run
------------------------------------  -----  ---------  --------  ----------  --------------  -------------------
/opt/airflow/dags/av_daily_ingest.py                           1           0  0.17s           2025-08-29T11:00:22
================================================================================
[2025-08-29T11:01:01.031+0000] {manager.py:878} INFO - 
================================================================================
DAG File Processing Stats

File Path                             PID    Runtime      # DAGs    # Errors  Last Runtime    Last Run
------------------------------------  -----  ---------  --------  ----------  --------------  -------------------
/opt/airflow/dags/av_daily_ingest.py                           1           0  0.29s           2025-08-29T11:00:53
================================================================================
[2025-08-29T11:01:31.387+0000] {manager.py:878} INFO - 
================================================================================
DAG File Processing Stats

File Path                             PID    Runtime      # DAGs    # Errors  Last Runtime    Last Run
------------------------------------  -----  ---------  --------  ----------  --------------  -------------------
/opt/airflow/dags/av_daily_ingest.py                           1           0  0.39s           2025-08-29T11:01:23
================================================================================
[2025-08-29T11:02:01.909+0000] {manager.py:878} INFO - 
================================================================================
DAG File Processing Stats

File Path                             PID    Runtime      # DAGs    # Errors  Last Runtime    Last Run
------------------------------------  -----  ---------  --------  ----------  --------------  -------------------
/opt/airflow/dags/av_daily_ingest.py                           1           0  0.16s           2025-08-29T11:01:54
================================================================================
[2025-08-29T11:02:32.179+0000] {manager.py:878} INFO - 
================================================================================
DAG File Processing Stats

File Path                             PID    Runtime      # DAGs    # Errors  Last Runtime    Last Run
------------------------------------  -----  ---------  --------  ----------  --------------  -------------------
/opt/airflow/dags/av_daily_ingest.py                           1           0  0.35s           2025-08-29T11:02:24
================================================================================
[2025-08-29T11:03:02.791+0000] {manager.py:878} INFO - 
================================================================================
DAG File Processing Stats

File Path                             PID    Runtime      # DAGs    # Errors  Last Runtime    Last Run
------------------------------------  -----  ---------  --------  ----------  --------------  -------------------
/opt/airflow/dags/av_daily_ingest.py                           1           0  0.16s           2025-08-29T11:02:54
================================================================================
[2025-08-29T11:03:33.102+0000] {manager.py:878} INFO - 
================================================================================
DAG File Processing Stats

File Path                             PID    Runtime      # DAGs    # Errors  Last Runtime    Last Run
------------------------------------  -----  ---------  --------  ----------  --------------  -------------------
/opt/airflow/dags/av_daily_ingest.py                           1           0  0.14s           2025-08-29T11:03:25
================================================================================
[2025-08-29T11:04:03.376+0000] {manager.py:878} INFO - 
================================================================================
DAG File Processing Stats

File Path                             PID    Runtime      # DAGs    # Errors  Last Runtime    Last Run
------------------------------------  -----  ---------  --------  ----------  --------------  -------------------
/opt/airflow/dags/av_daily_ingest.py                           1           0  1.50s           2025-08-29T11:03:56
================================================================================
[2025-08-29T11:04:18.447+0000] {manager.py:737} INFO - Searching for files in /opt/airflow/dags
[2025-08-29T11:04:18.468+0000] {manager.py:740} INFO - There are 1 files in /opt/airflow/dags
[2025-08-29T11:04:33.918+0000] {manager.py:878} INFO - 
================================================================================
DAG File Processing Stats

File Path                             PID    Runtime      # DAGs    # Errors  Last Runtime    Last Run
------------------------------------  -----  ---------  --------  ----------  --------------  -------------------
/opt/airflow/dags/av_daily_ingest.py                           1           0  0.39s           2025-08-29T11:04:27
================================================================================
[2025-08-29T11:05:04.475+0000] {manager.py:878} INFO - 
================================================================================
DAG File Processing Stats

File Path                             PID    Runtime      # DAGs    # Errors  Last Runtime    Last Run
------------------------------------  -----  ---------  --------  ----------  --------------  -------------------
/opt/airflow/dags/av_daily_ingest.py                           1           0  0.18s           2025-08-29T11:04:57
================================================================================
[2025-08-29T11:05:34.787+0000] {manager.py:878} INFO - 
================================================================================
DAG File Processing Stats

File Path                             PID    Runtime      # DAGs    # Errors  Last Runtime    Last Run
------------------------------------  -----  ---------  --------  ----------  --------------  -------------------
/opt/airflow/dags/av_daily_ingest.py                           1           0  0.42s           2025-08-29T11:05:28
================================================================================
[2025-08-29T11:06:05.338+0000] {manager.py:878} INFO - 
================================================================================
DAG File Processing Stats

File Path                             PID    Runtime      # DAGs    # Errors  Last Runtime    Last Run
------------------------------------  -----  ---------  --------  ----------  --------------  -------------------
/opt/airflow/dags/av_daily_ingest.py                           1           0  0.16s           2025-08-29T11:05:58
================================================================================
[2025-08-29T11:06:35.732+0000] {manager.py:878} INFO - 
================================================================================
DAG File Processing Stats

File Path                               PID  Runtime      # DAGs    # Errors  Last Runtime    Last Run
------------------------------------  -----  ---------  --------  ----------  --------------  -------------------
/opt/airflow/dags/av_daily_ingest.py   2072  6.75s             1           0  0.16s           2025-08-29T11:05:58
================================================================================
[2025-08-29T11:07:06.207+0000] {manager.py:878} INFO - 
================================================================================
DAG File Processing Stats

File Path                             PID    Runtime      # DAGs    # Errors  Last Runtime    Last Run
------------------------------------  -----  ---------  --------  ----------  --------------  -------------------
/opt/airflow/dags/av_daily_ingest.py                           1           0  15.12s          2025-08-29T11:06:43
================================================================================
[2025-08-29T11:07:36.428+0000] {manager.py:878} INFO - 
================================================================================
DAG File Processing Stats

File Path                             PID    Runtime      # DAGs    # Errors  Last Runtime    Last Run
------------------------------------  -----  ---------  --------  ----------  --------------  -------------------
/opt/airflow/dags/av_daily_ingest.py                           1           0  0.19s           2025-08-29T11:07:14
================================================================================
[2025-08-29T11:08:06.829+0000] {manager.py:878} INFO - 
================================================================================
DAG File Processing Stats

File Path                             PID    Runtime      # DAGs    # Errors  Last Runtime    Last Run
------------------------------------  -----  ---------  --------  ----------  --------------  -------------------
/opt/airflow/dags/av_daily_ingest.py                           1           0  0.15s           2025-08-29T11:07:44
================================================================================
[2025-08-29T11:08:37.114+0000] {manager.py:878} INFO - 
================================================================================
DAG File Processing Stats

File Path                             PID    Runtime      # DAGs    # Errors  Last Runtime    Last Run
------------------------------------  -----  ---------  --------  ----------  --------------  -------------------
/opt/airflow/dags/av_daily_ingest.py                           1           0  0.36s           2025-08-29T11:08:15
================================================================================
[2025-08-29T11:09:07.519+0000] {manager.py:878} INFO - 
================================================================================
DAG File Processing Stats

File Path                             PID    Runtime      # DAGs    # Errors  Last Runtime    Last Run
------------------------------------  -----  ---------  --------  ----------  --------------  -------------------
/opt/airflow/dags/av_daily_ingest.py                           1           0  0.15s           2025-08-29T11:08:45
================================================================================
[2025-08-29T11:09:19.097+0000] {manager.py:737} INFO - Searching for files in /opt/airflow/dags
[2025-08-29T11:09:19.218+0000] {manager.py:740} INFO - There are 1 files in /opt/airflow/dags
[2025-08-29T11:09:38.488+0000] {manager.py:878} INFO - 
================================================================================
DAG File Processing Stats

File Path                             PID    Runtime      # DAGs    # Errors  Last Runtime    Last Run
------------------------------------  -----  ---------  --------  ----------  --------------  -------------------
/opt/airflow/dags/av_daily_ingest.py                           1           0  0.29s           2025-08-29T11:09:16
================================================================================
[2025-08-29T11:10:08.572+0000] {manager.py:878} INFO - 
================================================================================
DAG File Processing Stats

File Path                             PID    Runtime      # DAGs    # Errors  Last Runtime    Last Run
------------------------------------  -----  ---------  --------  ----------  --------------  -------------------
/opt/airflow/dags/av_daily_ingest.py                           1           0  0.85s           2025-08-29T11:09:47
================================================================================
[2025-08-29T11:10:39.126+0000] {manager.py:878} INFO - 
================================================================================
DAG File Processing Stats

File Path                             PID    Runtime      # DAGs    # Errors  Last Runtime    Last Run
------------------------------------  -----  ---------  --------  ----------  --------------  -------------------
/opt/airflow/dags/av_daily_ingest.py                           1           0  13.64s          2025-08-29T11:10:32
================================================================================
[2025-08-29T11:11:09.555+0000] {manager.py:878} INFO - 
================================================================================
DAG File Processing Stats

File Path                             PID    Runtime      # DAGs    # Errors  Last Runtime    Last Run
------------------------------------  -----  ---------  --------  ----------  --------------  -------------------
/opt/airflow/dags/av_daily_ingest.py                           1           0  0.35s           2025-08-29T11:11:02
================================================================================
[2025-08-29T11:11:39.785+0000] {manager.py:878} INFO - 
================================================================================
DAG File Processing Stats

File Path                             PID    Runtime      # DAGs    # Errors  Last Runtime    Last Run
------------------------------------  -----  ---------  --------  ----------  --------------  -------------------
/opt/airflow/dags/av_daily_ingest.py                           1           0  0.14s           2025-08-29T11:11:32
================================================================================
[2025-08-29T11:12:10.033+0000] {manager.py:878} INFO - 
================================================================================
DAG File Processing Stats

File Path                             PID    Runtime      # DAGs    # Errors  Last Runtime    Last Run
------------------------------------  -----  ---------  --------  ----------  --------------  -------------------
/opt/airflow/dags/av_daily_ingest.py                           1           0  0.14s           2025-08-29T11:12:03
================================================================================
[2025-08-29T11:12:40.236+0000] {manager.py:878} INFO - 
================================================================================
DAG File Processing Stats

File Path                             PID    Runtime      # DAGs    # Errors  Last Runtime    Last Run
------------------------------------  -----  ---------  --------  ----------  --------------  -------------------
/opt/airflow/dags/av_daily_ingest.py                           1           0  0.13s           2025-08-29T11:12:33
================================================================================
[2025-08-29T11:13:10.470+0000] {manager.py:878} INFO - 
================================================================================
DAG File Processing Stats

File Path                             PID    Runtime      # DAGs    # Errors  Last Runtime    Last Run
------------------------------------  -----  ---------  --------  ----------  --------------  -------------------
/opt/airflow/dags/av_daily_ingest.py                           1           0  0.20s           2025-08-29T11:13:03
================================================================================
[2025-08-29T11:13:40.742+0000] {manager.py:878} INFO - 
================================================================================
DAG File Processing Stats

File Path                             PID    Runtime      # DAGs    # Errors  Last Runtime    Last Run
------------------------------------  -----  ---------  --------  ----------  --------------  -------------------
/opt/airflow/dags/av_daily_ingest.py                           1           0  0.22s           2025-08-29T11:13:33
================================================================================
[2025-08-29T11:14:11.073+0000] {manager.py:878} INFO - 
================================================================================
DAG File Processing Stats

File Path                             PID    Runtime      # DAGs    # Errors  Last Runtime    Last Run
------------------------------------  -----  ---------  --------  ----------  --------------  -------------------
/opt/airflow/dags/av_daily_ingest.py                           1           0  0.32s           2025-08-29T11:14:04
================================================================================
[2025-08-29T11:14:19.114+0000] {manager.py:737} INFO - Searching for files in /opt/airflow/dags
[2025-08-29T11:14:19.138+0000] {manager.py:740} INFO - There are 1 files in /opt/airflow/dags
[2025-08-29T11:14:41.443+0000] {manager.py:878} INFO - 
================================================================================
DAG File Processing Stats

File Path                             PID    Runtime      # DAGs    # Errors  Last Runtime    Last Run
------------------------------------  -----  ---------  --------  ----------  --------------  -------------------
/opt/airflow/dags/av_daily_ingest.py                           1           0  0.27s           2025-08-29T11:14:34
================================================================================
[2025-08-29T11:15:11.770+0000] {manager.py:878} INFO - 
================================================================================
DAG File Processing Stats

File Path                             PID    Runtime      # DAGs    # Errors  Last Runtime    Last Run
------------------------------------  -----  ---------  --------  ----------  --------------  -------------------
/opt/airflow/dags/av_daily_ingest.py                           1           0  0.31s           2025-08-29T11:15:04
================================================================================
[2025-08-29T11:15:42.044+0000] {manager.py:878} INFO - 
================================================================================
DAG File Processing Stats

File Path                             PID    Runtime      # DAGs    # Errors  Last Runtime    Last Run
------------------------------------  -----  ---------  --------  ----------  --------------  -------------------
/opt/airflow/dags/av_daily_ingest.py                           1           0  0.37s           2025-08-29T11:15:35
================================================================================
[2025-08-29T11:16:12.536+0000] {manager.py:878} INFO - 
================================================================================
DAG File Processing Stats

File Path                             PID    Runtime      # DAGs    # Errors  Last Runtime    Last Run
------------------------------------  -----  ---------  --------  ----------  --------------  -------------------
/opt/airflow/dags/av_daily_ingest.py                           1           0  0.14s           2025-08-29T11:16:05
================================================================================
[2025-08-29T11:16:42.792+0000] {manager.py:878} INFO - 
================================================================================
DAG File Processing Stats

File Path                             PID    Runtime      # DAGs    # Errors  Last Runtime    Last Run
------------------------------------  -----  ---------  --------  ----------  --------------  -------------------
/opt/airflow/dags/av_daily_ingest.py                           1           0  0.19s           2025-08-29T11:16:35
================================================================================
[2025-08-29T11:17:13.033+0000] {manager.py:878} INFO - 
================================================================================
DAG File Processing Stats

File Path                             PID    Runtime      # DAGs    # Errors  Last Runtime    Last Run
------------------------------------  -----  ---------  --------  ----------  --------------  -------------------
/opt/airflow/dags/av_daily_ingest.py                           1           0  0.32s           2025-08-29T11:17:06
================================================================================
[2025-08-29T11:17:43.474+0000] {manager.py:878} INFO - 
================================================================================
DAG File Processing Stats

File Path                             PID    Runtime      # DAGs    # Errors  Last Runtime    Last Run
------------------------------------  -----  ---------  --------  ----------  --------------  -------------------
/opt/airflow/dags/av_daily_ingest.py                           1           0  0.45s           2025-08-29T11:17:36
================================================================================
[2025-08-29T11:18:14.075+0000] {manager.py:878} INFO - 
================================================================================
DAG File Processing Stats

File Path                             PID    Runtime      # DAGs    # Errors  Last Runtime    Last Run
------------------------------------  -----  ---------  --------  ----------  --------------  -------------------
/opt/airflow/dags/av_daily_ingest.py                           1           0  0.39s           2025-08-29T11:18:07
================================================================================
[2025-08-29T11:18:44.085+0000] {manager.py:878} INFO - 
================================================================================
DAG File Processing Stats

File Path                             PID    Runtime      # DAGs    # Errors  Last Runtime    Last Run
------------------------------------  -----  ---------  --------  ----------  --------------  -------------------
/opt/airflow/dags/av_daily_ingest.py                           1           0  0.48s           2025-08-29T11:18:38
================================================================================
[2025-08-29T11:19:14.238+0000] {manager.py:878} INFO - 
================================================================================
DAG File Processing Stats

File Path                             PID    Runtime      # DAGs    # Errors  Last Runtime    Last Run
------------------------------------  -----  ---------  --------  ----------  --------------  -------------------
/opt/airflow/dags/av_daily_ingest.py                           1           0  0.19s           2025-08-29T11:19:08
================================================================================
[2025-08-29T11:19:19.265+0000] {manager.py:737} INFO - Searching for files in /opt/airflow/dags
[2025-08-29T11:19:19.292+0000] {manager.py:740} INFO - There are 1 files in /opt/airflow/dags
[2025-08-29T11:19:44.799+0000] {manager.py:878} INFO - 
================================================================================
DAG File Processing Stats

File Path                               PID  Runtime      # DAGs    # Errors  Last Runtime    Last Run
------------------------------------  -----  ---------  --------  ----------  --------------  -------------------
/opt/airflow/dags/av_daily_ingest.py   2361  3.89s             1           0  0.19s           2025-08-29T11:19:08
================================================================================
[2025-08-29T11:20:15.910+0000] {manager.py:878} INFO - 
================================================================================
DAG File Processing Stats

File Path                               PID  Runtime      # DAGs    # Errors  Last Runtime    Last Run
------------------------------------  -----  ---------  --------  ----------  --------------  -------------------
/opt/airflow/dags/av_daily_ingest.py   2361  35.01s            1           0  0.19s           2025-08-29T11:19:08
================================================================================
[2025-08-29T11:20:46.520+0000] {manager.py:878} INFO - 
================================================================================
DAG File Processing Stats

File Path                             PID    Runtime      # DAGs    # Errors  Last Runtime    Last Run
------------------------------------  -----  ---------  --------  ----------  --------------  -------------------
/opt/airflow/dags/av_daily_ingest.py                           1           0  37.25s          2025-08-29T11:20:17
================================================================================
[2025-08-29T11:21:16.747+0000] {manager.py:878} INFO - 
================================================================================
DAG File Processing Stats

File Path                             PID    Runtime      # DAGs    # Errors  Last Runtime    Last Run
------------------------------------  -----  ---------  --------  ----------  --------------  -------------------
/opt/airflow/dags/av_daily_ingest.py                           1           0  0.42s           2025-08-29T11:20:48
================================================================================
[2025-08-29T11:21:47.480+0000] {manager.py:878} INFO - 
================================================================================
DAG File Processing Stats

File Path                             PID    Runtime      # DAGs    # Errors  Last Runtime    Last Run
------------------------------------  -----  ---------  --------  ----------  --------------  -------------------
/opt/airflow/dags/av_daily_ingest.py                           1           0  0.56s           2025-08-29T11:21:19
================================================================================
[2025-08-29T11:22:18.020+0000] {manager.py:878} INFO - 
================================================================================
DAG File Processing Stats

File Path                               PID  Runtime      # DAGs    # Errors  Last Runtime    Last Run
------------------------------------  -----  ---------  --------  ----------  --------------  -------------------
/opt/airflow/dags/av_daily_ingest.py   2400  26.99s            1           0  0.56s           2025-08-29T11:21:19
================================================================================
[2025-08-29T11:22:49.156+0000] {manager.py:878} INFO - 
================================================================================
DAG File Processing Stats

File Path                             PID    Runtime      # DAGs    # Errors  Last Runtime    Last Run
------------------------------------  -----  ---------  --------  ----------  --------------  -------------------
/opt/airflow/dags/av_daily_ingest.py                           1           0  29.67s          2025-08-29T11:22:20
================================================================================
[2025-08-29T11:23:19.887+0000] {manager.py:878} INFO - 
================================================================================
DAG File Processing Stats

File Path                             PID    Runtime      # DAGs    # Errors  Last Runtime    Last Run
------------------------------------  -----  ---------  --------  ----------  --------------  -------------------
/opt/airflow/dags/av_daily_ingest.py                           1           0  6.56s           2025-08-29T11:22:58
================================================================================
[2025-08-29T11:23:50.367+0000] {manager.py:878} INFO - 
================================================================================
DAG File Processing Stats

File Path                             PID    Runtime      # DAGs    # Errors  Last Runtime    Last Run
------------------------------------  -----  ---------  --------  ----------  --------------  -------------------
/opt/airflow/dags/av_daily_ingest.py                           1           0  0.29s           2025-08-29T11:23:28
================================================================================
[2025-08-29T11:24:19.844+0000] {manager.py:737} INFO - Searching for files in /opt/airflow/dags
[2025-08-29T11:24:19.866+0000] {manager.py:740} INFO - There are 1 files in /opt/airflow/dags
[2025-08-29T11:24:20.895+0000] {manager.py:878} INFO - 
================================================================================
DAG File Processing Stats

File Path                             PID    Runtime      # DAGs    # Errors  Last Runtime    Last Run
------------------------------------  -----  ---------  --------  ----------  --------------  -------------------
/opt/airflow/dags/av_daily_ingest.py                           1           0  0.41s           2025-08-29T11:23:59
================================================================================
[2025-08-29T11:24:51.814+0000] {manager.py:878} INFO - 
================================================================================
DAG File Processing Stats

File Path                             PID    Runtime      # DAGs    # Errors  Last Runtime    Last Run
------------------------------------  -----  ---------  --------  ----------  --------------  -------------------
/opt/airflow/dags/av_daily_ingest.py                           1           0  3.21s           2025-08-29T11:24:32
================================================================================
[2025-08-29T11:25:22.010+0000] {manager.py:878} INFO - 
================================================================================
DAG File Processing Stats

File Path                             PID    Runtime      # DAGs    # Errors  Last Runtime    Last Run
------------------------------------  -----  ---------  --------  ----------  --------------  -------------------
/opt/airflow/dags/av_daily_ingest.py                           1           0  1.10s           2025-08-29T11:25:03
================================================================================
[2025-08-29T11:25:52.237+0000] {manager.py:878} INFO - 
================================================================================
DAG File Processing Stats

File Path                             PID    Runtime      # DAGs    # Errors  Last Runtime    Last Run
------------------------------------  -----  ---------  --------  ----------  --------------  -------------------
/opt/airflow/dags/av_daily_ingest.py                           1           0  0.17s           2025-08-29T11:25:34
================================================================================
[2025-08-29T11:26:22.600+0000] {manager.py:878} INFO - 
================================================================================
DAG File Processing Stats

File Path                             PID    Runtime      # DAGs    # Errors  Last Runtime    Last Run
------------------------------------  -----  ---------  --------  ----------  --------------  -------------------
/opt/airflow/dags/av_daily_ingest.py                           1           0  0.19s           2025-08-29T11:26:04
================================================================================
[2025-08-29T11:26:52.784+0000] {manager.py:878} INFO - 
================================================================================
DAG File Processing Stats

File Path                             PID    Runtime      # DAGs    # Errors  Last Runtime    Last Run
------------------------------------  -----  ---------  --------  ----------  --------------  -------------------
/opt/airflow/dags/av_daily_ingest.py                           1           0  0.17s           2025-08-29T11:26:34
================================================================================
[2025-08-29T11:27:23.116+0000] {manager.py:878} INFO - 
================================================================================
DAG File Processing Stats

File Path                             PID    Runtime      # DAGs    # Errors  Last Runtime    Last Run
------------------------------------  -----  ---------  --------  ----------  --------------  -------------------
/opt/airflow/dags/av_daily_ingest.py                           1           0  0.35s           2025-08-29T11:27:05
================================================================================
[2025-08-29T11:27:53.514+0000] {manager.py:878} INFO - 
================================================================================
DAG File Processing Stats

File Path                             PID    Runtime      # DAGs    # Errors  Last Runtime    Last Run
------------------------------------  -----  ---------  --------  ----------  --------------  -------------------
/opt/airflow/dags/av_daily_ingest.py                           1           0  0.34s           2025-08-29T11:27:35
================================================================================
[2025-08-29T11:28:24.099+0000] {manager.py:878} INFO - 
================================================================================
DAG File Processing Stats

File Path                             PID    Runtime      # DAGs    # Errors  Last Runtime    Last Run
------------------------------------  -----  ---------  --------  ----------  --------------  -------------------
/opt/airflow/dags/av_daily_ingest.py                           1           0  0.18s           2025-08-29T11:28:06
================================================================================
[2025-08-29T11:28:54.532+0000] {manager.py:878} INFO - 
================================================================================
DAG File Processing Stats

File Path                             PID    Runtime      # DAGs    # Errors  Last Runtime    Last Run
------------------------------------  -----  ---------  --------  ----------  --------------  -------------------
/opt/airflow/dags/av_daily_ingest.py                           1           0  0.17s           2025-08-29T11:28:36
================================================================================
[2025-08-29T11:29:20.027+0000] {manager.py:737} INFO - Searching for files in /opt/airflow/dags
[2025-08-29T11:29:20.142+0000] {manager.py:740} INFO - There are 1 files in /opt/airflow/dags
[2025-08-29T11:29:24.635+0000] {manager.py:878} INFO - 
================================================================================
DAG File Processing Stats

File Path                             PID    Runtime      # DAGs    # Errors  Last Runtime    Last Run
------------------------------------  -----  ---------  --------  ----------  --------------  -------------------
/opt/airflow/dags/av_daily_ingest.py                           1           0  12.76s          2025-08-29T11:29:19
================================================================================
[2025-08-29T11:29:55.383+0000] {manager.py:878} INFO - 
================================================================================
DAG File Processing Stats

File Path                             PID    Runtime      # DAGs    # Errors  Last Runtime    Last Run
------------------------------------  -----  ---------  --------  ----------  --------------  -------------------
/opt/airflow/dags/av_daily_ingest.py                           1           0  0.23s           2025-08-29T11:29:50
================================================================================
[2025-08-29T11:30:25.592+0000] {manager.py:878} INFO - 
================================================================================
DAG File Processing Stats

File Path                               PID  Runtime      # DAGs    # Errors  Last Runtime    Last Run
------------------------------------  -----  ---------  --------  ----------  --------------  -------------------
/opt/airflow/dags/av_daily_ingest.py   2575  4.11s             1           0  0.23s           2025-08-29T11:29:50
================================================================================
[2025-08-29T11:30:56.187+0000] {manager.py:878} INFO - 
================================================================================
DAG File Processing Stats

File Path                             PID    Runtime      # DAGs    # Errors  Last Runtime    Last Run
------------------------------------  -----  ---------  --------  ----------  --------------  -------------------
/opt/airflow/dags/av_daily_ingest.py                           1           0  13.06s          2025-08-29T11:30:34
================================================================================
[2025-08-29T11:31:26.804+0000] {manager.py:878} INFO - 
================================================================================
DAG File Processing Stats

File Path                             PID    Runtime      # DAGs    # Errors  Last Runtime    Last Run
------------------------------------  -----  ---------  --------  ----------  --------------  -------------------
/opt/airflow/dags/av_daily_ingest.py                           1           0  0.42s           2025-08-29T11:31:05
================================================================================
[2025-08-29T11:31:57.364+0000] {manager.py:878} INFO - 
================================================================================
DAG File Processing Stats

File Path                             PID    Runtime      # DAGs    # Errors  Last Runtime    Last Run
------------------------------------  -----  ---------  --------  ----------  --------------  -------------------
/opt/airflow/dags/av_daily_ingest.py                           1           0  0.18s           2025-08-29T11:31:35
================================================================================
[2025-08-29T11:32:27.772+0000] {manager.py:878} INFO - 
================================================================================
DAG File Processing Stats

File Path                             PID    Runtime      # DAGs    # Errors  Last Runtime    Last Run
------------------------------------  -----  ---------  --------  ----------  --------------  -------------------
/opt/airflow/dags/av_daily_ingest.py                           1           0  0.47s           2025-08-29T11:32:06
================================================================================
[2025-08-29T11:32:58.380+0000] {manager.py:878} INFO - 
================================================================================
DAG File Processing Stats

File Path                             PID    Runtime      # DAGs    # Errors  Last Runtime    Last Run
------------------------------------  -----  ---------  --------  ----------  --------------  -------------------
/opt/airflow/dags/av_daily_ingest.py                           1           0  0.25s           2025-08-29T11:32:36
================================================================================
[2025-08-29T11:33:28.901+0000] {manager.py:878} INFO - 
================================================================================
DAG File Processing Stats

File Path                             PID    Runtime      # DAGs    # Errors  Last Runtime    Last Run
------------------------------------  -----  ---------  --------  ----------  --------------  -------------------
/opt/airflow/dags/av_daily_ingest.py                           1           0  0.59s           2025-08-29T11:33:07
================================================================================
[2025-08-29T11:33:59.109+0000] {manager.py:878} INFO - 
================================================================================
DAG File Processing Stats

File Path                             PID    Runtime      # DAGs    # Errors  Last Runtime    Last Run
------------------------------------  -----  ---------  --------  ----------  --------------  -------------------
/opt/airflow/dags/av_daily_ingest.py                           1           0  0.87s           2025-08-29T11:33:38
================================================================================
[2025-08-29T11:34:20.042+0000] {manager.py:737} INFO - Searching for files in /opt/airflow/dags
[2025-08-29T11:34:20.072+0000] {manager.py:740} INFO - There are 1 files in /opt/airflow/dags
[2025-08-29T11:34:29.140+0000] {manager.py:878} INFO - 
================================================================================
DAG File Processing Stats

File Path                             PID    Runtime      # DAGs    # Errors  Last Runtime    Last Run
------------------------------------  -----  ---------  --------  ----------  --------------  -------------------
/opt/airflow/dags/av_daily_ingest.py                           1           0  2.20s           2025-08-29T11:34:11
================================================================================
[2025-08-29T11:34:59.312+0000] {manager.py:878} INFO - 
================================================================================
DAG File Processing Stats

File Path                             PID    Runtime      # DAGs    # Errors  Last Runtime    Last Run
------------------------------------  -----  ---------  --------  ----------  --------------  -------------------
/opt/airflow/dags/av_daily_ingest.py                           1           0  0.18s           2025-08-29T11:34:41
================================================================================
[2025-08-29T11:35:29.572+0000] {manager.py:878} INFO - 
================================================================================
DAG File Processing Stats

File Path                             PID    Runtime      # DAGs    # Errors  Last Runtime    Last Run
------------------------------------  -----  ---------  --------  ----------  --------------  -------------------
/opt/airflow/dags/av_daily_ingest.py                           1           0  4.95s           2025-08-29T11:35:16
================================================================================
[2025-08-29T11:36:00.112+0000] {manager.py:878} INFO - 
================================================================================
DAG File Processing Stats

File Path                             PID    Runtime      # DAGs    # Errors  Last Runtime    Last Run
------------------------------------  -----  ---------  --------  ----------  --------------  -------------------
/opt/airflow/dags/av_daily_ingest.py                           1           0  0.35s           2025-08-29T11:35:47
================================================================================
[2025-08-29T11:36:30.601+0000] {manager.py:878} INFO - 
================================================================================
DAG File Processing Stats

File Path                             PID    Runtime      # DAGs    # Errors  Last Runtime    Last Run
------------------------------------  -----  ---------  --------  ----------  --------------  -------------------
/opt/airflow/dags/av_daily_ingest.py                           1           0  0.15s           2025-08-29T11:36:17
================================================================================
[2025-08-29T11:37:00.911+0000] {manager.py:878} INFO - 
================================================================================
DAG File Processing Stats

File Path                             PID    Runtime      # DAGs    # Errors  Last Runtime    Last Run
------------------------------------  -----  ---------  --------  ----------  --------------  -------------------
/opt/airflow/dags/av_daily_ingest.py                           1           0  0.14s           2025-08-29T11:36:47
================================================================================
[2025-08-29T11:37:31.193+0000] {manager.py:878} INFO - 
================================================================================
DAG File Processing Stats

File Path                             PID    Runtime      # DAGs    # Errors  Last Runtime    Last Run
------------------------------------  -----  ---------  --------  ----------  --------------  -------------------
/opt/airflow/dags/av_daily_ingest.py                           1           0  0.14s           2025-08-29T11:37:18
================================================================================
[2025-08-29T11:38:01.492+0000] {manager.py:878} INFO - 
================================================================================
DAG File Processing Stats

File Path                             PID    Runtime      # DAGs    # Errors  Last Runtime    Last Run
------------------------------------  -----  ---------  --------  ----------  --------------  -------------------
/opt/airflow/dags/av_daily_ingest.py                           1           0  0.35s           2025-08-29T11:37:48
================================================================================
[2025-08-29T11:38:32.449+0000] {manager.py:878} INFO - 
================================================================================
DAG File Processing Stats

File Path                             PID    Runtime      # DAGs    # Errors  Last Runtime    Last Run
------------------------------------  -----  ---------  --------  ----------  --------------  -------------------
/opt/airflow/dags/av_daily_ingest.py                           1           0  7.21s           2025-08-29T11:38:26
================================================================================
[2025-08-29T11:39:02.629+0000] {manager.py:878} INFO - 
================================================================================
DAG File Processing Stats

File Path                             PID    Runtime      # DAGs    # Errors  Last Runtime    Last Run
------------------------------------  -----  ---------  --------  ----------  --------------  -------------------
/opt/airflow/dags/av_daily_ingest.py                           1           0  0.14s           2025-08-29T11:38:56
================================================================================
[2025-08-29T11:39:20.776+0000] {manager.py:737} INFO - Searching for files in /opt/airflow/dags
[2025-08-29T11:39:20.823+0000] {manager.py:740} INFO - There are 1 files in /opt/airflow/dags
