[2025-08-29T09:39:13.456+0000] {processor.py:161} INFO - Started process (PID=167) to work on /opt/airflow/dags/av_daily_ingest.py
[2025-08-29T09:39:13.458+0000] {processor.py:830} INFO - Processing file /opt/airflow/dags/av_daily_ingest.py for tasks to queue
[2025-08-29T09:39:13.467+0000] {logging_mixin.py:188} INFO - [2025-08-29T09:39:13.466+0000] {dagbag.py:545} INFO - Filling up the DagBag from /opt/airflow/dags/av_daily_ingest.py
[2025-08-29T09:39:13.582+0000] {processor.py:840} INFO - DAG(s) 'av_daily_ingest' retrieved from /opt/airflow/dags/av_daily_ingest.py
[2025-08-29T09:39:14.881+0000] {logging_mixin.py:188} INFO - [2025-08-29T09:39:14.878+0000] {override.py:1829} INFO - Created Permission View: can read on DAG:av_daily_ingest
[2025-08-29T09:39:14.945+0000] {logging_mixin.py:188} INFO - [2025-08-29T09:39:14.944+0000] {override.py:1829} INFO - Created Permission View: can delete on DAG:av_daily_ingest
[2025-08-29T09:39:14.961+0000] {logging_mixin.py:188} INFO - [2025-08-29T09:39:14.960+0000] {override.py:1829} INFO - Created Permission View: can edit on DAG:av_daily_ingest
[2025-08-29T09:39:14.964+0000] {logging_mixin.py:188} INFO - [2025-08-29T09:39:14.963+0000] {dag.py:3096} INFO - Sync 1 DAGs
[2025-08-29T09:39:15.044+0000] {logging_mixin.py:188} INFO - [2025-08-29T09:39:15.043+0000] {dag.py:3118} INFO - Creating ORM DAG for av_daily_ingest
[2025-08-29T09:39:15.134+0000] {logging_mixin.py:188} INFO - [2025-08-29T09:39:15.133+0000] {dag.py:3954} INFO - Setting next_dagrun for av_daily_ingest to 2025-08-29 08:00:00+00:00, run_after=2025-08-29 09:00:00+00:00
[2025-08-29T09:39:15.291+0000] {processor.py:183} INFO - Processing /opt/airflow/dags/av_daily_ingest.py took 1.858 seconds
[2025-08-29T09:39:45.496+0000] {processor.py:161} INFO - Started process (PID=179) to work on /opt/airflow/dags/av_daily_ingest.py
[2025-08-29T09:39:45.498+0000] {processor.py:830} INFO - Processing file /opt/airflow/dags/av_daily_ingest.py for tasks to queue
[2025-08-29T09:39:45.501+0000] {logging_mixin.py:188} INFO - [2025-08-29T09:39:45.501+0000] {dagbag.py:545} INFO - Filling up the DagBag from /opt/airflow/dags/av_daily_ingest.py
[2025-08-29T09:39:45.527+0000] {processor.py:840} INFO - DAG(s) 'av_daily_ingest' retrieved from /opt/airflow/dags/av_daily_ingest.py
[2025-08-29T09:39:45.564+0000] {logging_mixin.py:188} INFO - [2025-08-29T09:39:45.563+0000] {dag.py:3096} INFO - Sync 1 DAGs
[2025-08-29T09:39:45.592+0000] {logging_mixin.py:188} INFO - [2025-08-29T09:39:45.592+0000] {dag.py:3954} INFO - Setting next_dagrun for av_daily_ingest to 2025-08-29 08:00:00+00:00, run_after=2025-08-29 09:00:00+00:00
[2025-08-29T09:39:45.617+0000] {processor.py:183} INFO - Processing /opt/airflow/dags/av_daily_ingest.py took 0.130 seconds
[2025-08-29T09:40:16.000+0000] {processor.py:161} INFO - Started process (PID=201) to work on /opt/airflow/dags/av_daily_ingest.py
[2025-08-29T09:40:16.031+0000] {processor.py:830} INFO - Processing file /opt/airflow/dags/av_daily_ingest.py for tasks to queue
[2025-08-29T09:40:16.038+0000] {logging_mixin.py:188} INFO - [2025-08-29T09:40:16.037+0000] {dagbag.py:545} INFO - Filling up the DagBag from /opt/airflow/dags/av_daily_ingest.py
[2025-08-29T09:40:16.126+0000] {processor.py:840} INFO - DAG(s) 'av_daily_ingest' retrieved from /opt/airflow/dags/av_daily_ingest.py
[2025-08-29T09:40:16.216+0000] {logging_mixin.py:188} INFO - [2025-08-29T09:40:16.216+0000] {dag.py:3096} INFO - Sync 1 DAGs
[2025-08-29T09:40:16.260+0000] {logging_mixin.py:188} INFO - [2025-08-29T09:40:16.259+0000] {dag.py:3954} INFO - Setting next_dagrun for av_daily_ingest to 2025-08-29 08:00:00+00:00, run_after=2025-08-29 09:00:00+00:00
[2025-08-29T09:40:16.513+0000] {processor.py:183} INFO - Processing /opt/airflow/dags/av_daily_ingest.py took 0.524 seconds
[2025-08-29T09:40:46.700+0000] {processor.py:161} INFO - Started process (PID=212) to work on /opt/airflow/dags/av_daily_ingest.py
[2025-08-29T09:40:46.702+0000] {processor.py:830} INFO - Processing file /opt/airflow/dags/av_daily_ingest.py for tasks to queue
[2025-08-29T09:40:46.704+0000] {logging_mixin.py:188} INFO - [2025-08-29T09:40:46.704+0000] {dagbag.py:545} INFO - Filling up the DagBag from /opt/airflow/dags/av_daily_ingest.py
[2025-08-29T09:40:46.729+0000] {processor.py:840} INFO - DAG(s) 'av_daily_ingest' retrieved from /opt/airflow/dags/av_daily_ingest.py
[2025-08-29T09:40:46.768+0000] {logging_mixin.py:188} INFO - [2025-08-29T09:40:46.767+0000] {dag.py:3096} INFO - Sync 1 DAGs
[2025-08-29T09:40:46.798+0000] {logging_mixin.py:188} INFO - [2025-08-29T09:40:46.797+0000] {dag.py:3954} INFO - Setting next_dagrun for av_daily_ingest to 2025-08-29 08:00:00+00:00, run_after=2025-08-29 09:00:00+00:00
[2025-08-29T09:40:46.822+0000] {processor.py:183} INFO - Processing /opt/airflow/dags/av_daily_ingest.py took 0.127 seconds
[2025-08-29T09:41:17.022+0000] {processor.py:161} INFO - Started process (PID=223) to work on /opt/airflow/dags/av_daily_ingest.py
[2025-08-29T09:41:17.023+0000] {processor.py:830} INFO - Processing file /opt/airflow/dags/av_daily_ingest.py for tasks to queue
[2025-08-29T09:41:17.026+0000] {logging_mixin.py:188} INFO - [2025-08-29T09:41:17.025+0000] {dagbag.py:545} INFO - Filling up the DagBag from /opt/airflow/dags/av_daily_ingest.py
[2025-08-29T09:41:17.044+0000] {processor.py:840} INFO - DAG(s) 'av_daily_ingest' retrieved from /opt/airflow/dags/av_daily_ingest.py
[2025-08-29T09:41:17.078+0000] {logging_mixin.py:188} INFO - [2025-08-29T09:41:17.078+0000] {dag.py:3096} INFO - Sync 1 DAGs
[2025-08-29T09:41:17.103+0000] {logging_mixin.py:188} INFO - [2025-08-29T09:41:17.103+0000] {dag.py:3954} INFO - Setting next_dagrun for av_daily_ingest to 2025-08-29 08:00:00+00:00, run_after=2025-08-29 09:00:00+00:00
[2025-08-29T09:41:17.126+0000] {processor.py:183} INFO - Processing /opt/airflow/dags/av_daily_ingest.py took 0.110 seconds
[2025-08-29T09:41:47.272+0000] {processor.py:161} INFO - Started process (PID=234) to work on /opt/airflow/dags/av_daily_ingest.py
[2025-08-29T09:41:47.279+0000] {processor.py:830} INFO - Processing file /opt/airflow/dags/av_daily_ingest.py for tasks to queue
[2025-08-29T09:41:47.287+0000] {logging_mixin.py:188} INFO - [2025-08-29T09:41:47.286+0000] {dagbag.py:545} INFO - Filling up the DagBag from /opt/airflow/dags/av_daily_ingest.py
[2025-08-29T09:41:47.335+0000] {processor.py:840} INFO - DAG(s) 'av_daily_ingest' retrieved from /opt/airflow/dags/av_daily_ingest.py
[2025-08-29T09:41:47.416+0000] {logging_mixin.py:188} INFO - [2025-08-29T09:41:47.416+0000] {dag.py:3096} INFO - Sync 1 DAGs
[2025-08-29T09:41:47.462+0000] {logging_mixin.py:188} INFO - [2025-08-29T09:41:47.461+0000] {dag.py:3954} INFO - Setting next_dagrun for av_daily_ingest to 2025-08-29 08:00:00+00:00, run_after=2025-08-29 09:00:00+00:00
[2025-08-29T09:41:47.509+0000] {processor.py:183} INFO - Processing /opt/airflow/dags/av_daily_ingest.py took 0.251 seconds
[2025-08-29T09:42:17.589+0000] {processor.py:161} INFO - Started process (PID=245) to work on /opt/airflow/dags/av_daily_ingest.py
[2025-08-29T09:42:17.590+0000] {processor.py:830} INFO - Processing file /opt/airflow/dags/av_daily_ingest.py for tasks to queue
[2025-08-29T09:42:17.592+0000] {logging_mixin.py:188} INFO - [2025-08-29T09:42:17.592+0000] {dagbag.py:545} INFO - Filling up the DagBag from /opt/airflow/dags/av_daily_ingest.py
[2025-08-29T09:42:17.611+0000] {processor.py:840} INFO - DAG(s) 'av_daily_ingest' retrieved from /opt/airflow/dags/av_daily_ingest.py
[2025-08-29T09:42:17.644+0000] {logging_mixin.py:188} INFO - [2025-08-29T09:42:17.644+0000] {dag.py:3096} INFO - Sync 1 DAGs
[2025-08-29T09:42:17.666+0000] {logging_mixin.py:188} INFO - [2025-08-29T09:42:17.666+0000] {dag.py:3954} INFO - Setting next_dagrun for av_daily_ingest to 2025-08-29 08:00:00+00:00, run_after=2025-08-29 09:00:00+00:00
[2025-08-29T09:42:17.689+0000] {processor.py:183} INFO - Processing /opt/airflow/dags/av_daily_ingest.py took 0.107 seconds
[2025-08-29T09:42:47.870+0000] {processor.py:161} INFO - Started process (PID=256) to work on /opt/airflow/dags/av_daily_ingest.py
[2025-08-29T09:42:47.871+0000] {processor.py:830} INFO - Processing file /opt/airflow/dags/av_daily_ingest.py for tasks to queue
[2025-08-29T09:42:47.873+0000] {logging_mixin.py:188} INFO - [2025-08-29T09:42:47.873+0000] {dagbag.py:545} INFO - Filling up the DagBag from /opt/airflow/dags/av_daily_ingest.py
[2025-08-29T09:42:47.892+0000] {processor.py:840} INFO - DAG(s) 'av_daily_ingest' retrieved from /opt/airflow/dags/av_daily_ingest.py
[2025-08-29T09:42:47.930+0000] {logging_mixin.py:188} INFO - [2025-08-29T09:42:47.930+0000] {dag.py:3096} INFO - Sync 1 DAGs
[2025-08-29T09:42:47.955+0000] {logging_mixin.py:188} INFO - [2025-08-29T09:42:47.954+0000] {dag.py:3954} INFO - Setting next_dagrun for av_daily_ingest to 2025-08-29 08:00:00+00:00, run_after=2025-08-29 09:00:00+00:00
[2025-08-29T09:42:47.980+0000] {processor.py:183} INFO - Processing /opt/airflow/dags/av_daily_ingest.py took 0.116 seconds
[2025-08-29T09:43:18.054+0000] {processor.py:161} INFO - Started process (PID=268) to work on /opt/airflow/dags/av_daily_ingest.py
[2025-08-29T09:43:18.055+0000] {processor.py:830} INFO - Processing file /opt/airflow/dags/av_daily_ingest.py for tasks to queue
[2025-08-29T09:43:18.059+0000] {logging_mixin.py:188} INFO - [2025-08-29T09:43:18.058+0000] {dagbag.py:545} INFO - Filling up the DagBag from /opt/airflow/dags/av_daily_ingest.py
[2025-08-29T09:43:18.081+0000] {processor.py:840} INFO - DAG(s) 'av_daily_ingest' retrieved from /opt/airflow/dags/av_daily_ingest.py
[2025-08-29T09:43:18.119+0000] {logging_mixin.py:188} INFO - [2025-08-29T09:43:18.119+0000] {dag.py:3096} INFO - Sync 1 DAGs
[2025-08-29T09:43:18.147+0000] {logging_mixin.py:188} INFO - [2025-08-29T09:43:18.147+0000] {dag.py:3954} INFO - Setting next_dagrun for av_daily_ingest to 2025-08-29 08:00:00+00:00, run_after=2025-08-29 09:00:00+00:00
[2025-08-29T09:43:18.171+0000] {processor.py:183} INFO - Processing /opt/airflow/dags/av_daily_ingest.py took 0.123 seconds
[2025-08-29T09:43:48.372+0000] {processor.py:161} INFO - Started process (PID=279) to work on /opt/airflow/dags/av_daily_ingest.py
[2025-08-29T09:43:48.374+0000] {processor.py:830} INFO - Processing file /opt/airflow/dags/av_daily_ingest.py for tasks to queue
[2025-08-29T09:43:48.376+0000] {logging_mixin.py:188} INFO - [2025-08-29T09:43:48.376+0000] {dagbag.py:545} INFO - Filling up the DagBag from /opt/airflow/dags/av_daily_ingest.py
[2025-08-29T09:43:48.392+0000] {processor.py:840} INFO - DAG(s) 'av_daily_ingest' retrieved from /opt/airflow/dags/av_daily_ingest.py
[2025-08-29T09:43:48.422+0000] {logging_mixin.py:188} INFO - [2025-08-29T09:43:48.421+0000] {dag.py:3096} INFO - Sync 1 DAGs
[2025-08-29T09:43:48.447+0000] {logging_mixin.py:188} INFO - [2025-08-29T09:43:48.446+0000] {dag.py:3954} INFO - Setting next_dagrun for av_daily_ingest to 2025-08-29 08:00:00+00:00, run_after=2025-08-29 09:00:00+00:00
[2025-08-29T09:43:48.466+0000] {processor.py:183} INFO - Processing /opt/airflow/dags/av_daily_ingest.py took 0.100 seconds
[2025-08-29T09:44:18.592+0000] {processor.py:161} INFO - Started process (PID=290) to work on /opt/airflow/dags/av_daily_ingest.py
[2025-08-29T09:44:18.593+0000] {processor.py:830} INFO - Processing file /opt/airflow/dags/av_daily_ingest.py for tasks to queue
[2025-08-29T09:44:18.594+0000] {logging_mixin.py:188} INFO - [2025-08-29T09:44:18.594+0000] {dagbag.py:545} INFO - Filling up the DagBag from /opt/airflow/dags/av_daily_ingest.py
[2025-08-29T09:44:18.609+0000] {processor.py:840} INFO - DAG(s) 'av_daily_ingest' retrieved from /opt/airflow/dags/av_daily_ingest.py
[2025-08-29T09:44:18.642+0000] {logging_mixin.py:188} INFO - [2025-08-29T09:44:18.642+0000] {dag.py:3096} INFO - Sync 1 DAGs
[2025-08-29T09:44:18.662+0000] {logging_mixin.py:188} INFO - [2025-08-29T09:44:18.662+0000] {dag.py:3954} INFO - Setting next_dagrun for av_daily_ingest to 2025-08-29 08:00:00+00:00, run_after=2025-08-29 09:00:00+00:00
[2025-08-29T09:44:18.682+0000] {processor.py:183} INFO - Processing /opt/airflow/dags/av_daily_ingest.py took 0.097 seconds
[2025-08-29T09:44:48.799+0000] {processor.py:161} INFO - Started process (PID=300) to work on /opt/airflow/dags/av_daily_ingest.py
[2025-08-29T09:44:48.800+0000] {processor.py:830} INFO - Processing file /opt/airflow/dags/av_daily_ingest.py for tasks to queue
[2025-08-29T09:44:48.803+0000] {logging_mixin.py:188} INFO - [2025-08-29T09:44:48.803+0000] {dagbag.py:545} INFO - Filling up the DagBag from /opt/airflow/dags/av_daily_ingest.py
[2025-08-29T09:44:48.832+0000] {processor.py:840} INFO - DAG(s) 'av_daily_ingest' retrieved from /opt/airflow/dags/av_daily_ingest.py
[2025-08-29T09:44:48.878+0000] {logging_mixin.py:188} INFO - [2025-08-29T09:44:48.878+0000] {dag.py:3096} INFO - Sync 1 DAGs
[2025-08-29T09:44:48.912+0000] {logging_mixin.py:188} INFO - [2025-08-29T09:44:48.912+0000] {dag.py:3954} INFO - Setting next_dagrun for av_daily_ingest to 2025-08-29 08:00:00+00:00, run_after=2025-08-29 09:00:00+00:00
[2025-08-29T09:44:48.947+0000] {processor.py:183} INFO - Processing /opt/airflow/dags/av_daily_ingest.py took 0.158 seconds
[2025-08-29T09:45:19.099+0000] {processor.py:161} INFO - Started process (PID=311) to work on /opt/airflow/dags/av_daily_ingest.py
[2025-08-29T09:45:19.100+0000] {processor.py:830} INFO - Processing file /opt/airflow/dags/av_daily_ingest.py for tasks to queue
[2025-08-29T09:45:19.102+0000] {logging_mixin.py:188} INFO - [2025-08-29T09:45:19.102+0000] {dagbag.py:545} INFO - Filling up the DagBag from /opt/airflow/dags/av_daily_ingest.py
[2025-08-29T09:45:19.120+0000] {processor.py:840} INFO - DAG(s) 'av_daily_ingest' retrieved from /opt/airflow/dags/av_daily_ingest.py
[2025-08-29T09:45:19.152+0000] {logging_mixin.py:188} INFO - [2025-08-29T09:45:19.151+0000] {dag.py:3096} INFO - Sync 1 DAGs
[2025-08-29T09:45:19.172+0000] {logging_mixin.py:188} INFO - [2025-08-29T09:45:19.172+0000] {dag.py:3954} INFO - Setting next_dagrun for av_daily_ingest to 2025-08-29 08:00:00+00:00, run_after=2025-08-29 09:00:00+00:00
[2025-08-29T09:45:19.193+0000] {processor.py:183} INFO - Processing /opt/airflow/dags/av_daily_ingest.py took 0.102 seconds
[2025-08-29T09:45:49.330+0000] {processor.py:161} INFO - Started process (PID=322) to work on /opt/airflow/dags/av_daily_ingest.py
[2025-08-29T09:45:49.331+0000] {processor.py:830} INFO - Processing file /opt/airflow/dags/av_daily_ingest.py for tasks to queue
[2025-08-29T09:45:49.333+0000] {logging_mixin.py:188} INFO - [2025-08-29T09:45:49.333+0000] {dagbag.py:545} INFO - Filling up the DagBag from /opt/airflow/dags/av_daily_ingest.py
[2025-08-29T09:45:49.354+0000] {processor.py:840} INFO - DAG(s) 'av_daily_ingest' retrieved from /opt/airflow/dags/av_daily_ingest.py
[2025-08-29T09:45:49.385+0000] {logging_mixin.py:188} INFO - [2025-08-29T09:45:49.384+0000] {dag.py:3096} INFO - Sync 1 DAGs
[2025-08-29T09:45:49.409+0000] {logging_mixin.py:188} INFO - [2025-08-29T09:45:49.408+0000] {dag.py:3954} INFO - Setting next_dagrun for av_daily_ingest to 2025-08-29 08:00:00+00:00, run_after=2025-08-29 09:00:00+00:00
[2025-08-29T09:45:49.432+0000] {processor.py:183} INFO - Processing /opt/airflow/dags/av_daily_ingest.py took 0.108 seconds
[2025-08-29T09:46:20.201+0000] {processor.py:161} INFO - Started process (PID=333) to work on /opt/airflow/dags/av_daily_ingest.py
[2025-08-29T09:46:20.227+0000] {processor.py:830} INFO - Processing file /opt/airflow/dags/av_daily_ingest.py for tasks to queue
[2025-08-29T09:46:20.261+0000] {logging_mixin.py:188} INFO - [2025-08-29T09:46:20.239+0000] {dagbag.py:545} INFO - Filling up the DagBag from /opt/airflow/dags/av_daily_ingest.py
[2025-08-29T09:46:20.406+0000] {processor.py:840} INFO - DAG(s) 'av_daily_ingest' retrieved from /opt/airflow/dags/av_daily_ingest.py
[2025-08-29T09:46:20.601+0000] {logging_mixin.py:188} INFO - [2025-08-29T09:46:20.600+0000] {dag.py:3096} INFO - Sync 1 DAGs
[2025-08-29T09:46:20.697+0000] {logging_mixin.py:188} INFO - [2025-08-29T09:46:20.697+0000] {dag.py:3954} INFO - Setting next_dagrun for av_daily_ingest to 2025-08-29 08:00:00+00:00, run_after=2025-08-29 09:00:00+00:00
[2025-08-29T09:46:20.809+0000] {processor.py:183} INFO - Processing /opt/airflow/dags/av_daily_ingest.py took 0.642 seconds
[2025-08-29T09:46:51.320+0000] {processor.py:161} INFO - Started process (PID=344) to work on /opt/airflow/dags/av_daily_ingest.py
[2025-08-29T09:46:51.330+0000] {processor.py:830} INFO - Processing file /opt/airflow/dags/av_daily_ingest.py for tasks to queue
[2025-08-29T09:46:51.358+0000] {logging_mixin.py:188} INFO - [2025-08-29T09:46:51.357+0000] {dagbag.py:545} INFO - Filling up the DagBag from /opt/airflow/dags/av_daily_ingest.py
[2025-08-29T09:46:51.450+0000] {processor.py:840} INFO - DAG(s) 'av_daily_ingest' retrieved from /opt/airflow/dags/av_daily_ingest.py
[2025-08-29T09:46:51.609+0000] {logging_mixin.py:188} INFO - [2025-08-29T09:46:51.609+0000] {dag.py:3096} INFO - Sync 1 DAGs
[2025-08-29T09:46:51.701+0000] {logging_mixin.py:188} INFO - [2025-08-29T09:46:51.701+0000] {dag.py:3954} INFO - Setting next_dagrun for av_daily_ingest to 2025-08-29 08:00:00+00:00, run_after=2025-08-29 09:00:00+00:00
[2025-08-29T09:46:53.381+0000] {processor.py:183} INFO - Processing /opt/airflow/dags/av_daily_ingest.py took 2.091 seconds
[2025-08-29T09:47:23.840+0000] {processor.py:161} INFO - Started process (PID=356) to work on /opt/airflow/dags/av_daily_ingest.py
[2025-08-29T09:47:23.843+0000] {processor.py:830} INFO - Processing file /opt/airflow/dags/av_daily_ingest.py for tasks to queue
[2025-08-29T09:47:23.857+0000] {logging_mixin.py:188} INFO - [2025-08-29T09:47:23.853+0000] {dagbag.py:545} INFO - Filling up the DagBag from /opt/airflow/dags/av_daily_ingest.py
[2025-08-29T09:47:23.968+0000] {processor.py:840} INFO - DAG(s) 'av_daily_ingest' retrieved from /opt/airflow/dags/av_daily_ingest.py
[2025-08-29T09:47:24.147+0000] {logging_mixin.py:188} INFO - [2025-08-29T09:47:24.146+0000] {dag.py:3096} INFO - Sync 1 DAGs
[2025-08-29T09:47:24.230+0000] {logging_mixin.py:188} INFO - [2025-08-29T09:47:24.230+0000] {dag.py:3954} INFO - Setting next_dagrun for av_daily_ingest to 2025-08-29 08:00:00+00:00, run_after=2025-08-29 09:00:00+00:00
[2025-08-29T09:47:24.272+0000] {processor.py:183} INFO - Processing /opt/airflow/dags/av_daily_ingest.py took 0.461 seconds
[2025-08-29T09:47:54.544+0000] {processor.py:161} INFO - Started process (PID=367) to work on /opt/airflow/dags/av_daily_ingest.py
[2025-08-29T09:47:54.562+0000] {processor.py:830} INFO - Processing file /opt/airflow/dags/av_daily_ingest.py for tasks to queue
[2025-08-29T09:47:54.575+0000] {logging_mixin.py:188} INFO - [2025-08-29T09:47:54.574+0000] {dagbag.py:545} INFO - Filling up the DagBag from /opt/airflow/dags/av_daily_ingest.py
[2025-08-29T09:47:54.633+0000] {processor.py:840} INFO - DAG(s) 'av_daily_ingest' retrieved from /opt/airflow/dags/av_daily_ingest.py
[2025-08-29T09:47:54.754+0000] {logging_mixin.py:188} INFO - [2025-08-29T09:47:54.754+0000] {dag.py:3096} INFO - Sync 1 DAGs
[2025-08-29T09:47:54.880+0000] {logging_mixin.py:188} INFO - [2025-08-29T09:47:54.880+0000] {dag.py:3954} INFO - Setting next_dagrun for av_daily_ingest to 2025-08-29 08:00:00+00:00, run_after=2025-08-29 09:00:00+00:00
[2025-08-29T09:47:54.943+0000] {processor.py:183} INFO - Processing /opt/airflow/dags/av_daily_ingest.py took 0.433 seconds
[2025-08-29T09:48:25.188+0000] {processor.py:161} INFO - Started process (PID=378) to work on /opt/airflow/dags/av_daily_ingest.py
[2025-08-29T09:48:25.190+0000] {processor.py:830} INFO - Processing file /opt/airflow/dags/av_daily_ingest.py for tasks to queue
[2025-08-29T09:48:25.192+0000] {logging_mixin.py:188} INFO - [2025-08-29T09:48:25.192+0000] {dagbag.py:545} INFO - Filling up the DagBag from /opt/airflow/dags/av_daily_ingest.py
[2025-08-29T09:48:25.222+0000] {processor.py:840} INFO - DAG(s) 'av_daily_ingest' retrieved from /opt/airflow/dags/av_daily_ingest.py
[2025-08-29T09:48:25.326+0000] {logging_mixin.py:188} INFO - [2025-08-29T09:48:25.324+0000] {dag.py:3096} INFO - Sync 1 DAGs
[2025-08-29T09:48:25.456+0000] {logging_mixin.py:188} INFO - [2025-08-29T09:48:25.455+0000] {dag.py:3954} INFO - Setting next_dagrun for av_daily_ingest to 2025-08-29 08:00:00+00:00, run_after=2025-08-29 09:00:00+00:00
[2025-08-29T09:48:25.522+0000] {processor.py:183} INFO - Processing /opt/airflow/dags/av_daily_ingest.py took 0.352 seconds
[2025-08-29T09:48:55.738+0000] {processor.py:161} INFO - Started process (PID=389) to work on /opt/airflow/dags/av_daily_ingest.py
[2025-08-29T09:48:55.741+0000] {processor.py:830} INFO - Processing file /opt/airflow/dags/av_daily_ingest.py for tasks to queue
[2025-08-29T09:48:55.743+0000] {logging_mixin.py:188} INFO - [2025-08-29T09:48:55.743+0000] {dagbag.py:545} INFO - Filling up the DagBag from /opt/airflow/dags/av_daily_ingest.py
[2025-08-29T09:48:55.764+0000] {processor.py:840} INFO - DAG(s) 'av_daily_ingest' retrieved from /opt/airflow/dags/av_daily_ingest.py
[2025-08-29T09:48:55.803+0000] {logging_mixin.py:188} INFO - [2025-08-29T09:48:55.802+0000] {dag.py:3096} INFO - Sync 1 DAGs
[2025-08-29T09:48:55.831+0000] {logging_mixin.py:188} INFO - [2025-08-29T09:48:55.831+0000] {dag.py:3954} INFO - Setting next_dagrun for av_daily_ingest to 2025-08-29 08:00:00+00:00, run_after=2025-08-29 09:00:00+00:00
[2025-08-29T09:48:55.858+0000] {processor.py:183} INFO - Processing /opt/airflow/dags/av_daily_ingest.py took 0.126 seconds
[2025-08-29T09:49:25.988+0000] {processor.py:161} INFO - Started process (PID=400) to work on /opt/airflow/dags/av_daily_ingest.py
[2025-08-29T09:49:25.994+0000] {processor.py:830} INFO - Processing file /opt/airflow/dags/av_daily_ingest.py for tasks to queue
[2025-08-29T09:49:26.003+0000] {logging_mixin.py:188} INFO - [2025-08-29T09:49:26.002+0000] {dagbag.py:545} INFO - Filling up the DagBag from /opt/airflow/dags/av_daily_ingest.py
[2025-08-29T09:49:26.047+0000] {processor.py:840} INFO - DAG(s) 'av_daily_ingest' retrieved from /opt/airflow/dags/av_daily_ingest.py
[2025-08-29T09:49:26.909+0000] {logging_mixin.py:188} INFO - [2025-08-29T09:49:26.909+0000] {dag.py:3096} INFO - Sync 1 DAGs
[2025-08-29T09:49:26.944+0000] {logging_mixin.py:188} INFO - [2025-08-29T09:49:26.944+0000] {dag.py:3954} INFO - Setting next_dagrun for av_daily_ingest to 2025-08-29 08:00:00+00:00, run_after=2025-08-29 09:00:00+00:00
[2025-08-29T09:49:27.021+0000] {processor.py:183} INFO - Processing /opt/airflow/dags/av_daily_ingest.py took 1.044 seconds
[2025-08-29T09:49:57.228+0000] {processor.py:161} INFO - Started process (PID=410) to work on /opt/airflow/dags/av_daily_ingest.py
[2025-08-29T09:49:57.229+0000] {processor.py:830} INFO - Processing file /opt/airflow/dags/av_daily_ingest.py for tasks to queue
[2025-08-29T09:49:57.231+0000] {logging_mixin.py:188} INFO - [2025-08-29T09:49:57.231+0000] {dagbag.py:545} INFO - Filling up the DagBag from /opt/airflow/dags/av_daily_ingest.py
[2025-08-29T09:49:57.247+0000] {processor.py:840} INFO - DAG(s) 'av_daily_ingest' retrieved from /opt/airflow/dags/av_daily_ingest.py
[2025-08-29T09:49:57.285+0000] {logging_mixin.py:188} INFO - [2025-08-29T09:49:57.284+0000] {dag.py:3096} INFO - Sync 1 DAGs
[2025-08-29T09:49:57.323+0000] {logging_mixin.py:188} INFO - [2025-08-29T09:49:57.323+0000] {dag.py:3954} INFO - Setting next_dagrun for av_daily_ingest to 2025-08-29 08:00:00+00:00, run_after=2025-08-29 09:00:00+00:00
[2025-08-29T09:49:57.351+0000] {processor.py:183} INFO - Processing /opt/airflow/dags/av_daily_ingest.py took 0.128 seconds
[2025-08-29T09:50:27.406+0000] {processor.py:161} INFO - Started process (PID=421) to work on /opt/airflow/dags/av_daily_ingest.py
[2025-08-29T09:50:27.409+0000] {processor.py:830} INFO - Processing file /opt/airflow/dags/av_daily_ingest.py for tasks to queue
[2025-08-29T09:50:27.414+0000] {logging_mixin.py:188} INFO - [2025-08-29T09:50:27.413+0000] {dagbag.py:545} INFO - Filling up the DagBag from /opt/airflow/dags/av_daily_ingest.py
[2025-08-29T09:50:27.446+0000] {processor.py:840} INFO - DAG(s) 'av_daily_ingest' retrieved from /opt/airflow/dags/av_daily_ingest.py
[2025-08-29T09:50:27.494+0000] {logging_mixin.py:188} INFO - [2025-08-29T09:50:27.494+0000] {dag.py:3096} INFO - Sync 1 DAGs
[2025-08-29T09:50:27.521+0000] {logging_mixin.py:188} INFO - [2025-08-29T09:50:27.521+0000] {dag.py:3954} INFO - Setting next_dagrun for av_daily_ingest to 2025-08-29 08:00:00+00:00, run_after=2025-08-29 09:00:00+00:00
[2025-08-29T09:50:27.545+0000] {processor.py:183} INFO - Processing /opt/airflow/dags/av_daily_ingest.py took 0.151 seconds
[2025-08-29T09:50:57.699+0000] {processor.py:161} INFO - Started process (PID=432) to work on /opt/airflow/dags/av_daily_ingest.py
[2025-08-29T09:50:57.700+0000] {processor.py:830} INFO - Processing file /opt/airflow/dags/av_daily_ingest.py for tasks to queue
[2025-08-29T09:50:57.702+0000] {logging_mixin.py:188} INFO - [2025-08-29T09:50:57.702+0000] {dagbag.py:545} INFO - Filling up the DagBag from /opt/airflow/dags/av_daily_ingest.py
[2025-08-29T09:50:57.722+0000] {processor.py:840} INFO - DAG(s) 'av_daily_ingest' retrieved from /opt/airflow/dags/av_daily_ingest.py
[2025-08-29T09:50:57.751+0000] {logging_mixin.py:188} INFO - [2025-08-29T09:50:57.750+0000] {dag.py:3096} INFO - Sync 1 DAGs
[2025-08-29T09:50:57.774+0000] {logging_mixin.py:188} INFO - [2025-08-29T09:50:57.774+0000] {dag.py:3954} INFO - Setting next_dagrun for av_daily_ingest to 2025-08-29 08:00:00+00:00, run_after=2025-08-29 09:00:00+00:00
[2025-08-29T09:50:57.800+0000] {processor.py:183} INFO - Processing /opt/airflow/dags/av_daily_ingest.py took 0.106 seconds
[2025-08-29T09:51:27.914+0000] {processor.py:161} INFO - Started process (PID=443) to work on /opt/airflow/dags/av_daily_ingest.py
[2025-08-29T09:51:27.915+0000] {processor.py:830} INFO - Processing file /opt/airflow/dags/av_daily_ingest.py for tasks to queue
[2025-08-29T09:51:27.917+0000] {logging_mixin.py:188} INFO - [2025-08-29T09:51:27.917+0000] {dagbag.py:545} INFO - Filling up the DagBag from /opt/airflow/dags/av_daily_ingest.py
[2025-08-29T09:51:27.941+0000] {processor.py:840} INFO - DAG(s) 'av_daily_ingest' retrieved from /opt/airflow/dags/av_daily_ingest.py
[2025-08-29T09:51:27.983+0000] {logging_mixin.py:188} INFO - [2025-08-29T09:51:27.983+0000] {dag.py:3096} INFO - Sync 1 DAGs
[2025-08-29T09:51:28.015+0000] {logging_mixin.py:188} INFO - [2025-08-29T09:51:28.014+0000] {dag.py:3954} INFO - Setting next_dagrun for av_daily_ingest to 2025-08-29 08:00:00+00:00, run_after=2025-08-29 09:00:00+00:00
[2025-08-29T09:51:28.049+0000] {processor.py:183} INFO - Processing /opt/airflow/dags/av_daily_ingest.py took 0.142 seconds
[2025-08-29T09:51:58.212+0000] {processor.py:161} INFO - Started process (PID=454) to work on /opt/airflow/dags/av_daily_ingest.py
[2025-08-29T09:51:58.213+0000] {processor.py:830} INFO - Processing file /opt/airflow/dags/av_daily_ingest.py for tasks to queue
[2025-08-29T09:51:58.215+0000] {logging_mixin.py:188} INFO - [2025-08-29T09:51:58.214+0000] {dagbag.py:545} INFO - Filling up the DagBag from /opt/airflow/dags/av_daily_ingest.py
[2025-08-29T09:51:58.235+0000] {processor.py:840} INFO - DAG(s) 'av_daily_ingest' retrieved from /opt/airflow/dags/av_daily_ingest.py
[2025-08-29T09:51:58.286+0000] {logging_mixin.py:188} INFO - [2025-08-29T09:51:58.286+0000] {dag.py:3096} INFO - Sync 1 DAGs
[2025-08-29T09:51:58.318+0000] {logging_mixin.py:188} INFO - [2025-08-29T09:51:58.317+0000] {dag.py:3954} INFO - Setting next_dagrun for av_daily_ingest to 2025-08-29 08:00:00+00:00, run_after=2025-08-29 09:00:00+00:00
[2025-08-29T09:51:58.341+0000] {processor.py:183} INFO - Processing /opt/airflow/dags/av_daily_ingest.py took 0.135 seconds
[2025-08-29T09:52:28.418+0000] {processor.py:161} INFO - Started process (PID=465) to work on /opt/airflow/dags/av_daily_ingest.py
[2025-08-29T09:52:28.420+0000] {processor.py:830} INFO - Processing file /opt/airflow/dags/av_daily_ingest.py for tasks to queue
[2025-08-29T09:52:28.424+0000] {logging_mixin.py:188} INFO - [2025-08-29T09:52:28.423+0000] {dagbag.py:545} INFO - Filling up the DagBag from /opt/airflow/dags/av_daily_ingest.py
[2025-08-29T09:52:28.456+0000] {processor.py:840} INFO - DAG(s) 'av_daily_ingest' retrieved from /opt/airflow/dags/av_daily_ingest.py
[2025-08-29T09:52:28.512+0000] {logging_mixin.py:188} INFO - [2025-08-29T09:52:28.512+0000] {dag.py:3096} INFO - Sync 1 DAGs
[2025-08-29T09:52:28.557+0000] {logging_mixin.py:188} INFO - [2025-08-29T09:52:28.556+0000] {dag.py:3954} INFO - Setting next_dagrun for av_daily_ingest to 2025-08-29 08:00:00+00:00, run_after=2025-08-29 09:00:00+00:00
[2025-08-29T09:52:28.598+0000] {processor.py:183} INFO - Processing /opt/airflow/dags/av_daily_ingest.py took 0.189 seconds
[2025-08-29T09:52:59.926+0000] {processor.py:161} INFO - Started process (PID=475) to work on /opt/airflow/dags/av_daily_ingest.py
[2025-08-29T09:52:59.938+0000] {processor.py:830} INFO - Processing file /opt/airflow/dags/av_daily_ingest.py for tasks to queue
[2025-08-29T09:52:59.998+0000] {logging_mixin.py:188} INFO - [2025-08-29T09:52:59.979+0000] {dagbag.py:545} INFO - Filling up the DagBag from /opt/airflow/dags/av_daily_ingest.py
[2025-08-29T09:53:01.243+0000] {processor.py:840} INFO - DAG(s) 'av_daily_ingest' retrieved from /opt/airflow/dags/av_daily_ingest.py
[2025-08-29T09:53:03.191+0000] {logging_mixin.py:188} INFO - [2025-08-29T09:53:03.190+0000] {dag.py:3096} INFO - Sync 1 DAGs
[2025-08-29T09:53:04.299+0000] {logging_mixin.py:188} INFO - [2025-08-29T09:53:04.297+0000] {dag.py:3954} INFO - Setting next_dagrun for av_daily_ingest to 2025-08-29 08:00:00+00:00, run_after=2025-08-29 09:00:00+00:00
[2025-08-29T09:53:04.644+0000] {processor.py:183} INFO - Processing /opt/airflow/dags/av_daily_ingest.py took 4.842 seconds
[2025-08-29T09:53:34.985+0000] {processor.py:161} INFO - Started process (PID=486) to work on /opt/airflow/dags/av_daily_ingest.py
[2025-08-29T09:53:34.987+0000] {processor.py:830} INFO - Processing file /opt/airflow/dags/av_daily_ingest.py for tasks to queue
[2025-08-29T09:53:34.991+0000] {logging_mixin.py:188} INFO - [2025-08-29T09:53:34.990+0000] {dagbag.py:545} INFO - Filling up the DagBag from /opt/airflow/dags/av_daily_ingest.py
[2025-08-29T09:53:35.030+0000] {processor.py:840} INFO - DAG(s) 'av_daily_ingest' retrieved from /opt/airflow/dags/av_daily_ingest.py
[2025-08-29T09:53:35.098+0000] {logging_mixin.py:188} INFO - [2025-08-29T09:53:35.098+0000] {dag.py:3096} INFO - Sync 1 DAGs
[2025-08-29T09:53:35.156+0000] {logging_mixin.py:188} INFO - [2025-08-29T09:53:35.155+0000] {dag.py:3954} INFO - Setting next_dagrun for av_daily_ingest to 2025-08-29 08:00:00+00:00, run_after=2025-08-29 09:00:00+00:00
[2025-08-29T09:53:35.224+0000] {processor.py:183} INFO - Processing /opt/airflow/dags/av_daily_ingest.py took 0.248 seconds
[2025-08-29T09:54:05.433+0000] {processor.py:161} INFO - Started process (PID=497) to work on /opt/airflow/dags/av_daily_ingest.py
[2025-08-29T09:54:05.434+0000] {processor.py:830} INFO - Processing file /opt/airflow/dags/av_daily_ingest.py for tasks to queue
[2025-08-29T09:54:05.437+0000] {logging_mixin.py:188} INFO - [2025-08-29T09:54:05.436+0000] {dagbag.py:545} INFO - Filling up the DagBag from /opt/airflow/dags/av_daily_ingest.py
[2025-08-29T09:54:05.464+0000] {processor.py:840} INFO - DAG(s) 'av_daily_ingest' retrieved from /opt/airflow/dags/av_daily_ingest.py
[2025-08-29T09:54:05.601+0000] {logging_mixin.py:188} INFO - [2025-08-29T09:54:05.601+0000] {dag.py:3096} INFO - Sync 1 DAGs
[2025-08-29T09:54:05.682+0000] {logging_mixin.py:188} INFO - [2025-08-29T09:54:05.682+0000] {dag.py:3954} INFO - Setting next_dagrun for av_daily_ingest to 2025-08-29 08:00:00+00:00, run_after=2025-08-29 09:00:00+00:00
[2025-08-29T09:54:05.709+0000] {processor.py:183} INFO - Processing /opt/airflow/dags/av_daily_ingest.py took 0.286 seconds
[2025-08-29T09:54:36.023+0000] {processor.py:161} INFO - Started process (PID=508) to work on /opt/airflow/dags/av_daily_ingest.py
[2025-08-29T09:54:36.033+0000] {processor.py:830} INFO - Processing file /opt/airflow/dags/av_daily_ingest.py for tasks to queue
[2025-08-29T09:54:36.038+0000] {logging_mixin.py:188} INFO - [2025-08-29T09:54:36.038+0000] {dagbag.py:545} INFO - Filling up the DagBag from /opt/airflow/dags/av_daily_ingest.py
[2025-08-29T09:54:36.143+0000] {processor.py:840} INFO - DAG(s) 'av_daily_ingest' retrieved from /opt/airflow/dags/av_daily_ingest.py
[2025-08-29T09:54:36.388+0000] {logging_mixin.py:188} INFO - [2025-08-29T09:54:36.387+0000] {dag.py:3096} INFO - Sync 1 DAGs
[2025-08-29T09:54:36.501+0000] {logging_mixin.py:188} INFO - [2025-08-29T09:54:36.501+0000] {dag.py:3954} INFO - Setting next_dagrun for av_daily_ingest to 2025-08-29 08:00:00+00:00, run_after=2025-08-29 09:00:00+00:00
[2025-08-29T09:54:36.546+0000] {processor.py:183} INFO - Processing /opt/airflow/dags/av_daily_ingest.py took 0.589 seconds
[2025-08-29T09:55:06.902+0000] {processor.py:161} INFO - Started process (PID=519) to work on /opt/airflow/dags/av_daily_ingest.py
[2025-08-29T09:55:06.907+0000] {processor.py:830} INFO - Processing file /opt/airflow/dags/av_daily_ingest.py for tasks to queue
[2025-08-29T09:55:06.923+0000] {logging_mixin.py:188} INFO - [2025-08-29T09:55:06.922+0000] {dagbag.py:545} INFO - Filling up the DagBag from /opt/airflow/dags/av_daily_ingest.py
[2025-08-29T09:55:06.992+0000] {processor.py:840} INFO - DAG(s) 'av_daily_ingest' retrieved from /opt/airflow/dags/av_daily_ingest.py
[2025-08-29T09:55:07.138+0000] {logging_mixin.py:188} INFO - [2025-08-29T09:55:07.138+0000] {dag.py:3096} INFO - Sync 1 DAGs
[2025-08-29T09:55:07.230+0000] {logging_mixin.py:188} INFO - [2025-08-29T09:55:07.229+0000] {dag.py:3954} INFO - Setting next_dagrun for av_daily_ingest to 2025-08-29 08:00:00+00:00, run_after=2025-08-29 09:00:00+00:00
[2025-08-29T09:55:07.297+0000] {processor.py:183} INFO - Processing /opt/airflow/dags/av_daily_ingest.py took 0.420 seconds
[2025-08-29T09:55:37.546+0000] {processor.py:161} INFO - Started process (PID=530) to work on /opt/airflow/dags/av_daily_ingest.py
[2025-08-29T09:55:37.552+0000] {processor.py:830} INFO - Processing file /opt/airflow/dags/av_daily_ingest.py for tasks to queue
[2025-08-29T09:55:37.576+0000] {logging_mixin.py:188} INFO - [2025-08-29T09:55:37.576+0000] {dagbag.py:545} INFO - Filling up the DagBag from /opt/airflow/dags/av_daily_ingest.py
[2025-08-29T09:55:37.621+0000] {processor.py:840} INFO - DAG(s) 'av_daily_ingest' retrieved from /opt/airflow/dags/av_daily_ingest.py
[2025-08-29T09:55:37.662+0000] {logging_mixin.py:188} INFO - [2025-08-29T09:55:37.662+0000] {dag.py:3096} INFO - Sync 1 DAGs
[2025-08-29T09:55:37.695+0000] {logging_mixin.py:188} INFO - [2025-08-29T09:55:37.694+0000] {dag.py:3954} INFO - Setting next_dagrun for av_daily_ingest to 2025-08-29 08:00:00+00:00, run_after=2025-08-29 09:00:00+00:00
[2025-08-29T09:55:37.721+0000] {processor.py:183} INFO - Processing /opt/airflow/dags/av_daily_ingest.py took 0.204 seconds
[2025-08-29T09:56:07.922+0000] {processor.py:161} INFO - Started process (PID=542) to work on /opt/airflow/dags/av_daily_ingest.py
[2025-08-29T09:56:07.923+0000] {processor.py:830} INFO - Processing file /opt/airflow/dags/av_daily_ingest.py for tasks to queue
[2025-08-29T09:56:07.925+0000] {logging_mixin.py:188} INFO - [2025-08-29T09:56:07.925+0000] {dagbag.py:545} INFO - Filling up the DagBag from /opt/airflow/dags/av_daily_ingest.py
[2025-08-29T09:56:07.946+0000] {processor.py:840} INFO - DAG(s) 'av_daily_ingest' retrieved from /opt/airflow/dags/av_daily_ingest.py
[2025-08-29T09:56:08.130+0000] {logging_mixin.py:188} INFO - [2025-08-29T09:56:08.129+0000] {dag.py:3096} INFO - Sync 1 DAGs
[2025-08-29T09:56:08.235+0000] {logging_mixin.py:188} INFO - [2025-08-29T09:56:08.234+0000] {dag.py:3954} INFO - Setting next_dagrun for av_daily_ingest to 2025-08-29 08:00:00+00:00, run_after=2025-08-29 09:00:00+00:00
[2025-08-29T09:56:08.298+0000] {processor.py:183} INFO - Processing /opt/airflow/dags/av_daily_ingest.py took 0.382 seconds
[2025-08-29T09:56:38.535+0000] {processor.py:161} INFO - Started process (PID=553) to work on /opt/airflow/dags/av_daily_ingest.py
[2025-08-29T09:56:38.537+0000] {processor.py:830} INFO - Processing file /opt/airflow/dags/av_daily_ingest.py for tasks to queue
[2025-08-29T09:56:38.541+0000] {logging_mixin.py:188} INFO - [2025-08-29T09:56:38.540+0000] {dagbag.py:545} INFO - Filling up the DagBag from /opt/airflow/dags/av_daily_ingest.py
[2025-08-29T09:56:38.588+0000] {processor.py:840} INFO - DAG(s) 'av_daily_ingest' retrieved from /opt/airflow/dags/av_daily_ingest.py
[2025-08-29T09:56:38.657+0000] {logging_mixin.py:188} INFO - [2025-08-29T09:56:38.656+0000] {dag.py:3096} INFO - Sync 1 DAGs
[2025-08-29T09:56:38.713+0000] {logging_mixin.py:188} INFO - [2025-08-29T09:56:38.712+0000] {dag.py:3954} INFO - Setting next_dagrun for av_daily_ingest to 2025-08-29 08:00:00+00:00, run_after=2025-08-29 09:00:00+00:00
[2025-08-29T09:56:38.751+0000] {processor.py:183} INFO - Processing /opt/airflow/dags/av_daily_ingest.py took 0.229 seconds
[2025-08-29T09:57:08.999+0000] {processor.py:161} INFO - Started process (PID=564) to work on /opt/airflow/dags/av_daily_ingest.py
[2025-08-29T09:57:09.001+0000] {processor.py:830} INFO - Processing file /opt/airflow/dags/av_daily_ingest.py for tasks to queue
[2025-08-29T09:57:09.004+0000] {logging_mixin.py:188} INFO - [2025-08-29T09:57:09.004+0000] {dagbag.py:545} INFO - Filling up the DagBag from /opt/airflow/dags/av_daily_ingest.py
[2025-08-29T09:57:09.045+0000] {processor.py:840} INFO - DAG(s) 'av_daily_ingest' retrieved from /opt/airflow/dags/av_daily_ingest.py
[2025-08-29T09:57:09.163+0000] {logging_mixin.py:188} INFO - [2025-08-29T09:57:09.162+0000] {dag.py:3096} INFO - Sync 1 DAGs
[2025-08-29T09:57:09.303+0000] {logging_mixin.py:188} INFO - [2025-08-29T09:57:09.303+0000] {dag.py:3954} INFO - Setting next_dagrun for av_daily_ingest to 2025-08-29 08:00:00+00:00, run_after=2025-08-29 09:00:00+00:00
[2025-08-29T09:57:09.367+0000] {processor.py:183} INFO - Processing /opt/airflow/dags/av_daily_ingest.py took 0.385 seconds
[2025-08-29T09:57:39.571+0000] {processor.py:161} INFO - Started process (PID=575) to work on /opt/airflow/dags/av_daily_ingest.py
[2025-08-29T09:57:39.573+0000] {processor.py:830} INFO - Processing file /opt/airflow/dags/av_daily_ingest.py for tasks to queue
[2025-08-29T09:57:39.577+0000] {logging_mixin.py:188} INFO - [2025-08-29T09:57:39.576+0000] {dagbag.py:545} INFO - Filling up the DagBag from /opt/airflow/dags/av_daily_ingest.py
[2025-08-29T09:57:39.600+0000] {processor.py:840} INFO - DAG(s) 'av_daily_ingest' retrieved from /opt/airflow/dags/av_daily_ingest.py
[2025-08-29T09:57:39.645+0000] {logging_mixin.py:188} INFO - [2025-08-29T09:57:39.644+0000] {dag.py:3096} INFO - Sync 1 DAGs
[2025-08-29T09:57:39.698+0000] {logging_mixin.py:188} INFO - [2025-08-29T09:57:39.697+0000] {dag.py:3954} INFO - Setting next_dagrun for av_daily_ingest to 2025-08-29 08:00:00+00:00, run_after=2025-08-29 09:00:00+00:00
[2025-08-29T09:57:39.750+0000] {processor.py:183} INFO - Processing /opt/airflow/dags/av_daily_ingest.py took 0.185 seconds
[2025-08-29T09:58:09.946+0000] {processor.py:161} INFO - Started process (PID=586) to work on /opt/airflow/dags/av_daily_ingest.py
[2025-08-29T09:58:09.947+0000] {processor.py:830} INFO - Processing file /opt/airflow/dags/av_daily_ingest.py for tasks to queue
[2025-08-29T09:58:09.949+0000] {logging_mixin.py:188} INFO - [2025-08-29T09:58:09.949+0000] {dagbag.py:545} INFO - Filling up the DagBag from /opt/airflow/dags/av_daily_ingest.py
[2025-08-29T09:58:09.970+0000] {processor.py:840} INFO - DAG(s) 'av_daily_ingest' retrieved from /opt/airflow/dags/av_daily_ingest.py
[2025-08-29T09:58:10.010+0000] {logging_mixin.py:188} INFO - [2025-08-29T09:58:10.010+0000] {dag.py:3096} INFO - Sync 1 DAGs
[2025-08-29T09:58:10.039+0000] {logging_mixin.py:188} INFO - [2025-08-29T09:58:10.039+0000] {dag.py:3954} INFO - Setting next_dagrun for av_daily_ingest to 2025-08-29 08:00:00+00:00, run_after=2025-08-29 09:00:00+00:00
[2025-08-29T09:58:10.064+0000] {processor.py:183} INFO - Processing /opt/airflow/dags/av_daily_ingest.py took 0.125 seconds
[2025-08-29T09:58:40.136+0000] {processor.py:161} INFO - Started process (PID=596) to work on /opt/airflow/dags/av_daily_ingest.py
[2025-08-29T09:58:40.138+0000] {processor.py:830} INFO - Processing file /opt/airflow/dags/av_daily_ingest.py for tasks to queue
[2025-08-29T09:58:40.142+0000] {logging_mixin.py:188} INFO - [2025-08-29T09:58:40.141+0000] {dagbag.py:545} INFO - Filling up the DagBag from /opt/airflow/dags/av_daily_ingest.py
[2025-08-29T09:58:40.168+0000] {processor.py:840} INFO - DAG(s) 'av_daily_ingest' retrieved from /opt/airflow/dags/av_daily_ingest.py
[2025-08-29T09:58:40.199+0000] {logging_mixin.py:188} INFO - [2025-08-29T09:58:40.199+0000] {dag.py:3096} INFO - Sync 1 DAGs
[2025-08-29T09:58:40.221+0000] {logging_mixin.py:188} INFO - [2025-08-29T09:58:40.221+0000] {dag.py:3954} INFO - Setting next_dagrun for av_daily_ingest to 2025-08-29 08:00:00+00:00, run_after=2025-08-29 09:00:00+00:00
[2025-08-29T09:58:40.245+0000] {processor.py:183} INFO - Processing /opt/airflow/dags/av_daily_ingest.py took 0.117 seconds
[2025-08-29T09:59:10.437+0000] {processor.py:161} INFO - Started process (PID=607) to work on /opt/airflow/dags/av_daily_ingest.py
[2025-08-29T09:59:10.438+0000] {processor.py:830} INFO - Processing file /opt/airflow/dags/av_daily_ingest.py for tasks to queue
[2025-08-29T09:59:10.440+0000] {logging_mixin.py:188} INFO - [2025-08-29T09:59:10.440+0000] {dagbag.py:545} INFO - Filling up the DagBag from /opt/airflow/dags/av_daily_ingest.py
[2025-08-29T09:59:10.466+0000] {processor.py:840} INFO - DAG(s) 'av_daily_ingest' retrieved from /opt/airflow/dags/av_daily_ingest.py
[2025-08-29T09:59:10.517+0000] {logging_mixin.py:188} INFO - [2025-08-29T09:59:10.517+0000] {dag.py:3096} INFO - Sync 1 DAGs
[2025-08-29T09:59:10.565+0000] {logging_mixin.py:188} INFO - [2025-08-29T09:59:10.564+0000] {dag.py:3954} INFO - Setting next_dagrun for av_daily_ingest to 2025-08-29 08:00:00+00:00, run_after=2025-08-29 09:00:00+00:00
[2025-08-29T09:59:10.608+0000] {processor.py:183} INFO - Processing /opt/airflow/dags/av_daily_ingest.py took 0.177 seconds
[2025-08-29T09:59:40.846+0000] {processor.py:161} INFO - Started process (PID=618) to work on /opt/airflow/dags/av_daily_ingest.py
[2025-08-29T09:59:40.848+0000] {processor.py:830} INFO - Processing file /opt/airflow/dags/av_daily_ingest.py for tasks to queue
[2025-08-29T09:59:40.851+0000] {logging_mixin.py:188} INFO - [2025-08-29T09:59:40.850+0000] {dagbag.py:545} INFO - Filling up the DagBag from /opt/airflow/dags/av_daily_ingest.py
[2025-08-29T09:59:40.885+0000] {processor.py:840} INFO - DAG(s) 'av_daily_ingest' retrieved from /opt/airflow/dags/av_daily_ingest.py
[2025-08-29T09:59:40.961+0000] {logging_mixin.py:188} INFO - [2025-08-29T09:59:40.961+0000] {dag.py:3096} INFO - Sync 1 DAGs
[2025-08-29T09:59:41.012+0000] {logging_mixin.py:188} INFO - [2025-08-29T09:59:41.011+0000] {dag.py:3954} INFO - Setting next_dagrun for av_daily_ingest to 2025-08-29 08:00:00+00:00, run_after=2025-08-29 09:00:00+00:00
[2025-08-29T09:59:41.157+0000] {processor.py:183} INFO - Processing /opt/airflow/dags/av_daily_ingest.py took 0.320 seconds
[2025-08-29T10:00:11.375+0000] {processor.py:161} INFO - Started process (PID=629) to work on /opt/airflow/dags/av_daily_ingest.py
[2025-08-29T10:00:11.376+0000] {processor.py:830} INFO - Processing file /opt/airflow/dags/av_daily_ingest.py for tasks to queue
[2025-08-29T10:00:11.378+0000] {logging_mixin.py:188} INFO - [2025-08-29T10:00:11.378+0000] {dagbag.py:545} INFO - Filling up the DagBag from /opt/airflow/dags/av_daily_ingest.py
[2025-08-29T10:00:11.397+0000] {processor.py:840} INFO - DAG(s) 'av_daily_ingest' retrieved from /opt/airflow/dags/av_daily_ingest.py
[2025-08-29T10:00:11.426+0000] {logging_mixin.py:188} INFO - [2025-08-29T10:00:11.426+0000] {dag.py:3096} INFO - Sync 1 DAGs
[2025-08-29T10:00:11.448+0000] {logging_mixin.py:188} INFO - [2025-08-29T10:00:11.447+0000] {dag.py:3954} INFO - Setting next_dagrun for av_daily_ingest to 2025-08-29 09:00:00+00:00, run_after=2025-08-29 10:00:00+00:00
[2025-08-29T10:00:11.485+0000] {processor.py:183} INFO - Processing /opt/airflow/dags/av_daily_ingest.py took 0.116 seconds
[2025-08-29T10:00:41.556+0000] {processor.py:161} INFO - Started process (PID=639) to work on /opt/airflow/dags/av_daily_ingest.py
[2025-08-29T10:00:41.558+0000] {processor.py:830} INFO - Processing file /opt/airflow/dags/av_daily_ingest.py for tasks to queue
[2025-08-29T10:00:41.560+0000] {logging_mixin.py:188} INFO - [2025-08-29T10:00:41.560+0000] {dagbag.py:545} INFO - Filling up the DagBag from /opt/airflow/dags/av_daily_ingest.py
[2025-08-29T10:00:41.579+0000] {processor.py:840} INFO - DAG(s) 'av_daily_ingest' retrieved from /opt/airflow/dags/av_daily_ingest.py
[2025-08-29T10:00:41.615+0000] {logging_mixin.py:188} INFO - [2025-08-29T10:00:41.615+0000] {dag.py:3096} INFO - Sync 1 DAGs
[2025-08-29T10:00:41.674+0000] {logging_mixin.py:188} INFO - [2025-08-29T10:00:41.673+0000] {dag.py:3954} INFO - Setting next_dagrun for av_daily_ingest to 2025-08-29 09:00:00+00:00, run_after=2025-08-29 10:00:00+00:00
[2025-08-29T10:00:41.717+0000] {processor.py:183} INFO - Processing /opt/airflow/dags/av_daily_ingest.py took 0.167 seconds
[2025-08-29T10:01:11.861+0000] {processor.py:161} INFO - Started process (PID=650) to work on /opt/airflow/dags/av_daily_ingest.py
[2025-08-29T10:01:11.862+0000] {processor.py:830} INFO - Processing file /opt/airflow/dags/av_daily_ingest.py for tasks to queue
[2025-08-29T10:01:11.865+0000] {logging_mixin.py:188} INFO - [2025-08-29T10:01:11.865+0000] {dagbag.py:545} INFO - Filling up the DagBag from /opt/airflow/dags/av_daily_ingest.py
[2025-08-29T10:01:11.892+0000] {processor.py:840} INFO - DAG(s) 'av_daily_ingest' retrieved from /opt/airflow/dags/av_daily_ingest.py
[2025-08-29T10:01:11.935+0000] {logging_mixin.py:188} INFO - [2025-08-29T10:01:11.935+0000] {dag.py:3096} INFO - Sync 1 DAGs
[2025-08-29T10:01:11.967+0000] {logging_mixin.py:188} INFO - [2025-08-29T10:01:11.967+0000] {dag.py:3954} INFO - Setting next_dagrun for av_daily_ingest to 2025-08-29 09:00:00+00:00, run_after=2025-08-29 10:00:00+00:00
[2025-08-29T10:01:11.997+0000] {processor.py:183} INFO - Processing /opt/airflow/dags/av_daily_ingest.py took 0.146 seconds
[2025-08-29T10:01:42.265+0000] {processor.py:161} INFO - Started process (PID=662) to work on /opt/airflow/dags/av_daily_ingest.py
[2025-08-29T10:01:42.271+0000] {processor.py:830} INFO - Processing file /opt/airflow/dags/av_daily_ingest.py for tasks to queue
[2025-08-29T10:01:42.289+0000] {logging_mixin.py:188} INFO - [2025-08-29T10:01:42.285+0000] {dagbag.py:545} INFO - Filling up the DagBag from /opt/airflow/dags/av_daily_ingest.py
[2025-08-29T10:01:42.406+0000] {processor.py:840} INFO - DAG(s) 'av_daily_ingest' retrieved from /opt/airflow/dags/av_daily_ingest.py
[2025-08-29T10:01:42.596+0000] {logging_mixin.py:188} INFO - [2025-08-29T10:01:42.595+0000] {dag.py:3096} INFO - Sync 1 DAGs
[2025-08-29T10:01:42.712+0000] {logging_mixin.py:188} INFO - [2025-08-29T10:01:42.711+0000] {dag.py:3954} INFO - Setting next_dagrun for av_daily_ingest to 2025-08-29 09:00:00+00:00, run_after=2025-08-29 10:00:00+00:00
[2025-08-29T10:01:42.796+0000] {processor.py:183} INFO - Processing /opt/airflow/dags/av_daily_ingest.py took 0.592 seconds
[2025-08-29T10:02:13.189+0000] {processor.py:161} INFO - Started process (PID=673) to work on /opt/airflow/dags/av_daily_ingest.py
[2025-08-29T10:02:13.193+0000] {processor.py:830} INFO - Processing file /opt/airflow/dags/av_daily_ingest.py for tasks to queue
[2025-08-29T10:02:13.204+0000] {logging_mixin.py:188} INFO - [2025-08-29T10:02:13.202+0000] {dagbag.py:545} INFO - Filling up the DagBag from /opt/airflow/dags/av_daily_ingest.py
[2025-08-29T10:02:13.306+0000] {processor.py:840} INFO - DAG(s) 'av_daily_ingest' retrieved from /opt/airflow/dags/av_daily_ingest.py
[2025-08-29T10:02:13.431+0000] {logging_mixin.py:188} INFO - [2025-08-29T10:02:13.431+0000] {dag.py:3096} INFO - Sync 1 DAGs
[2025-08-29T10:02:13.501+0000] {logging_mixin.py:188} INFO - [2025-08-29T10:02:13.501+0000] {dag.py:3954} INFO - Setting next_dagrun for av_daily_ingest to 2025-08-29 09:00:00+00:00, run_after=2025-08-29 10:00:00+00:00
[2025-08-29T10:02:13.548+0000] {processor.py:183} INFO - Processing /opt/airflow/dags/av_daily_ingest.py took 0.392 seconds
[2025-08-29T10:02:43.603+0000] {processor.py:161} INFO - Started process (PID=684) to work on /opt/airflow/dags/av_daily_ingest.py
[2025-08-29T10:02:43.605+0000] {processor.py:830} INFO - Processing file /opt/airflow/dags/av_daily_ingest.py for tasks to queue
[2025-08-29T10:02:43.609+0000] {logging_mixin.py:188} INFO - [2025-08-29T10:02:43.608+0000] {dagbag.py:545} INFO - Filling up the DagBag from /opt/airflow/dags/av_daily_ingest.py
[2025-08-29T10:02:43.639+0000] {processor.py:840} INFO - DAG(s) 'av_daily_ingest' retrieved from /opt/airflow/dags/av_daily_ingest.py
[2025-08-29T10:02:43.683+0000] {logging_mixin.py:188} INFO - [2025-08-29T10:02:43.683+0000] {dag.py:3096} INFO - Sync 1 DAGs
[2025-08-29T10:02:43.714+0000] {logging_mixin.py:188} INFO - [2025-08-29T10:02:43.714+0000] {dag.py:3954} INFO - Setting next_dagrun for av_daily_ingest to 2025-08-29 09:00:00+00:00, run_after=2025-08-29 10:00:00+00:00
[2025-08-29T10:02:43.747+0000] {processor.py:183} INFO - Processing /opt/airflow/dags/av_daily_ingest.py took 0.152 seconds
[2025-08-29T10:03:14.434+0000] {processor.py:161} INFO - Started process (PID=695) to work on /opt/airflow/dags/av_daily_ingest.py
[2025-08-29T10:03:14.440+0000] {processor.py:830} INFO - Processing file /opt/airflow/dags/av_daily_ingest.py for tasks to queue
[2025-08-29T10:03:14.464+0000] {logging_mixin.py:188} INFO - [2025-08-29T10:03:14.461+0000] {dagbag.py:545} INFO - Filling up the DagBag from /opt/airflow/dags/av_daily_ingest.py
[2025-08-29T10:03:14.569+0000] {processor.py:840} INFO - DAG(s) 'av_daily_ingest' retrieved from /opt/airflow/dags/av_daily_ingest.py
[2025-08-29T10:03:14.770+0000] {logging_mixin.py:188} INFO - [2025-08-29T10:03:14.770+0000] {dag.py:3096} INFO - Sync 1 DAGs
[2025-08-29T10:03:14.928+0000] {logging_mixin.py:188} INFO - [2025-08-29T10:03:14.927+0000] {dag.py:3954} INFO - Setting next_dagrun for av_daily_ingest to 2025-08-29 09:00:00+00:00, run_after=2025-08-29 10:00:00+00:00
[2025-08-29T10:03:15.015+0000] {processor.py:183} INFO - Processing /opt/airflow/dags/av_daily_ingest.py took 0.634 seconds
[2025-08-29T10:03:45.673+0000] {processor.py:161} INFO - Started process (PID=706) to work on /opt/airflow/dags/av_daily_ingest.py
[2025-08-29T10:03:45.674+0000] {processor.py:830} INFO - Processing file /opt/airflow/dags/av_daily_ingest.py for tasks to queue
[2025-08-29T10:03:45.676+0000] {logging_mixin.py:188} INFO - [2025-08-29T10:03:45.676+0000] {dagbag.py:545} INFO - Filling up the DagBag from /opt/airflow/dags/av_daily_ingest.py
[2025-08-29T10:03:45.693+0000] {processor.py:840} INFO - DAG(s) 'av_daily_ingest' retrieved from /opt/airflow/dags/av_daily_ingest.py
[2025-08-29T10:03:45.733+0000] {logging_mixin.py:188} INFO - [2025-08-29T10:03:45.733+0000] {dag.py:3096} INFO - Sync 1 DAGs
[2025-08-29T10:03:45.763+0000] {logging_mixin.py:188} INFO - [2025-08-29T10:03:45.763+0000] {dag.py:3954} INFO - Setting next_dagrun for av_daily_ingest to 2025-08-29 09:00:00+00:00, run_after=2025-08-29 10:00:00+00:00
[2025-08-29T10:03:45.820+0000] {processor.py:183} INFO - Processing /opt/airflow/dags/av_daily_ingest.py took 0.153 seconds
[2025-08-29T10:04:15.905+0000] {processor.py:161} INFO - Started process (PID=717) to work on /opt/airflow/dags/av_daily_ingest.py
[2025-08-29T10:04:15.906+0000] {processor.py:830} INFO - Processing file /opt/airflow/dags/av_daily_ingest.py for tasks to queue
[2025-08-29T10:04:15.908+0000] {logging_mixin.py:188} INFO - [2025-08-29T10:04:15.908+0000] {dagbag.py:545} INFO - Filling up the DagBag from /opt/airflow/dags/av_daily_ingest.py
[2025-08-29T10:04:15.931+0000] {processor.py:840} INFO - DAG(s) 'av_daily_ingest' retrieved from /opt/airflow/dags/av_daily_ingest.py
[2025-08-29T10:04:15.977+0000] {logging_mixin.py:188} INFO - [2025-08-29T10:04:15.977+0000] {dag.py:3096} INFO - Sync 1 DAGs
[2025-08-29T10:04:16.081+0000] {logging_mixin.py:188} INFO - [2025-08-29T10:04:16.081+0000] {dag.py:3954} INFO - Setting next_dagrun for av_daily_ingest to 2025-08-29 09:00:00+00:00, run_after=2025-08-29 10:00:00+00:00
[2025-08-29T10:04:16.131+0000] {processor.py:183} INFO - Processing /opt/airflow/dags/av_daily_ingest.py took 0.237 seconds
[2025-08-29T10:04:46.356+0000] {processor.py:161} INFO - Started process (PID=728) to work on /opt/airflow/dags/av_daily_ingest.py
[2025-08-29T10:04:46.357+0000] {processor.py:830} INFO - Processing file /opt/airflow/dags/av_daily_ingest.py for tasks to queue
[2025-08-29T10:04:46.359+0000] {logging_mixin.py:188} INFO - [2025-08-29T10:04:46.358+0000] {dagbag.py:545} INFO - Filling up the DagBag from /opt/airflow/dags/av_daily_ingest.py
[2025-08-29T10:04:46.391+0000] {processor.py:840} INFO - DAG(s) 'av_daily_ingest' retrieved from /opt/airflow/dags/av_daily_ingest.py
[2025-08-29T10:04:46.449+0000] {logging_mixin.py:188} INFO - [2025-08-29T10:04:46.449+0000] {dag.py:3096} INFO - Sync 1 DAGs
[2025-08-29T10:04:46.489+0000] {logging_mixin.py:188} INFO - [2025-08-29T10:04:46.489+0000] {dag.py:3954} INFO - Setting next_dagrun for av_daily_ingest to 2025-08-29 09:00:00+00:00, run_after=2025-08-29 10:00:00+00:00
[2025-08-29T10:04:46.515+0000] {processor.py:183} INFO - Processing /opt/airflow/dags/av_daily_ingest.py took 0.164 seconds
[2025-08-29T10:05:16.647+0000] {processor.py:161} INFO - Started process (PID=739) to work on /opt/airflow/dags/av_daily_ingest.py
[2025-08-29T10:05:16.668+0000] {processor.py:830} INFO - Processing file /opt/airflow/dags/av_daily_ingest.py for tasks to queue
[2025-08-29T10:05:16.671+0000] {logging_mixin.py:188} INFO - [2025-08-29T10:05:16.670+0000] {dagbag.py:545} INFO - Filling up the DagBag from /opt/airflow/dags/av_daily_ingest.py
[2025-08-29T10:05:16.735+0000] {processor.py:840} INFO - DAG(s) 'av_daily_ingest' retrieved from /opt/airflow/dags/av_daily_ingest.py
[2025-08-29T10:05:17.298+0000] {logging_mixin.py:188} INFO - [2025-08-29T10:05:17.297+0000] {dag.py:3096} INFO - Sync 1 DAGs
[2025-08-29T10:05:17.357+0000] {logging_mixin.py:188} INFO - [2025-08-29T10:05:17.357+0000] {dag.py:3954} INFO - Setting next_dagrun for av_daily_ingest to 2025-08-29 09:00:00+00:00, run_after=2025-08-29 10:00:00+00:00
[2025-08-29T10:05:17.438+0000] {processor.py:183} INFO - Processing /opt/airflow/dags/av_daily_ingest.py took 0.800 seconds
[2025-08-29T10:05:47.672+0000] {processor.py:161} INFO - Started process (PID=749) to work on /opt/airflow/dags/av_daily_ingest.py
[2025-08-29T10:05:47.673+0000] {processor.py:830} INFO - Processing file /opt/airflow/dags/av_daily_ingest.py for tasks to queue
[2025-08-29T10:05:47.675+0000] {logging_mixin.py:188} INFO - [2025-08-29T10:05:47.674+0000] {dagbag.py:545} INFO - Filling up the DagBag from /opt/airflow/dags/av_daily_ingest.py
[2025-08-29T10:05:47.699+0000] {processor.py:840} INFO - DAG(s) 'av_daily_ingest' retrieved from /opt/airflow/dags/av_daily_ingest.py
[2025-08-29T10:05:47.740+0000] {logging_mixin.py:188} INFO - [2025-08-29T10:05:47.740+0000] {dag.py:3096} INFO - Sync 1 DAGs
[2025-08-29T10:05:47.774+0000] {logging_mixin.py:188} INFO - [2025-08-29T10:05:47.773+0000] {dag.py:3954} INFO - Setting next_dagrun for av_daily_ingest to 2025-08-29 09:00:00+00:00, run_after=2025-08-29 10:00:00+00:00
[2025-08-29T10:05:47.825+0000] {processor.py:183} INFO - Processing /opt/airflow/dags/av_daily_ingest.py took 0.158 seconds
[2025-08-29T10:06:18.005+0000] {processor.py:161} INFO - Started process (PID=761) to work on /opt/airflow/dags/av_daily_ingest.py
[2025-08-29T10:06:18.006+0000] {processor.py:830} INFO - Processing file /opt/airflow/dags/av_daily_ingest.py for tasks to queue
[2025-08-29T10:06:18.008+0000] {logging_mixin.py:188} INFO - [2025-08-29T10:06:18.008+0000] {dagbag.py:545} INFO - Filling up the DagBag from /opt/airflow/dags/av_daily_ingest.py
[2025-08-29T10:06:18.030+0000] {processor.py:840} INFO - DAG(s) 'av_daily_ingest' retrieved from /opt/airflow/dags/av_daily_ingest.py
[2025-08-29T10:06:18.065+0000] {logging_mixin.py:188} INFO - [2025-08-29T10:06:18.064+0000] {dag.py:3096} INFO - Sync 1 DAGs
[2025-08-29T10:06:18.091+0000] {logging_mixin.py:188} INFO - [2025-08-29T10:06:18.090+0000] {dag.py:3954} INFO - Setting next_dagrun for av_daily_ingest to 2025-08-29 09:00:00+00:00, run_after=2025-08-29 10:00:00+00:00
[2025-08-29T10:06:18.121+0000] {processor.py:183} INFO - Processing /opt/airflow/dags/av_daily_ingest.py took 0.122 seconds
[2025-08-29T10:06:48.196+0000] {processor.py:161} INFO - Started process (PID=772) to work on /opt/airflow/dags/av_daily_ingest.py
[2025-08-29T10:06:48.197+0000] {processor.py:830} INFO - Processing file /opt/airflow/dags/av_daily_ingest.py for tasks to queue
[2025-08-29T10:06:48.200+0000] {logging_mixin.py:188} INFO - [2025-08-29T10:06:48.200+0000] {dagbag.py:545} INFO - Filling up the DagBag from /opt/airflow/dags/av_daily_ingest.py
[2025-08-29T10:06:48.218+0000] {processor.py:840} INFO - DAG(s) 'av_daily_ingest' retrieved from /opt/airflow/dags/av_daily_ingest.py
[2025-08-29T10:06:48.256+0000] {logging_mixin.py:188} INFO - [2025-08-29T10:06:48.256+0000] {dag.py:3096} INFO - Sync 1 DAGs
[2025-08-29T10:06:48.460+0000] {logging_mixin.py:188} INFO - [2025-08-29T10:06:48.459+0000] {dag.py:3954} INFO - Setting next_dagrun for av_daily_ingest to 2025-08-29 09:00:00+00:00, run_after=2025-08-29 10:00:00+00:00
[2025-08-29T10:06:48.532+0000] {processor.py:183} INFO - Processing /opt/airflow/dags/av_daily_ingest.py took 0.343 seconds
[2025-08-29T10:07:19.500+0000] {processor.py:161} INFO - Started process (PID=782) to work on /opt/airflow/dags/av_daily_ingest.py
[2025-08-29T10:07:19.767+0000] {processor.py:830} INFO - Processing file /opt/airflow/dags/av_daily_ingest.py for tasks to queue
[2025-08-29T10:07:20.340+0000] {logging_mixin.py:188} INFO - [2025-08-29T10:07:20.257+0000] {dagbag.py:545} INFO - Filling up the DagBag from /opt/airflow/dags/av_daily_ingest.py
[2025-08-29T10:07:23.887+0000] {processor.py:840} INFO - DAG(s) 'av_daily_ingest' retrieved from /opt/airflow/dags/av_daily_ingest.py
[2025-08-29T10:07:26.118+0000] {logging_mixin.py:188} INFO - [2025-08-29T10:07:26.096+0000] {dag.py:3096} INFO - Sync 1 DAGs
[2025-08-29T10:07:27.307+0000] {logging_mixin.py:188} INFO - [2025-08-29T10:07:27.306+0000] {dag.py:3954} INFO - Setting next_dagrun for av_daily_ingest to 2025-08-29 09:00:00+00:00, run_after=2025-08-29 10:00:00+00:00
[2025-08-29T10:07:27.633+0000] {processor.py:183} INFO - Processing /opt/airflow/dags/av_daily_ingest.py took 8.596 seconds
[2025-08-29T10:07:58.078+0000] {processor.py:161} INFO - Started process (PID=793) to work on /opt/airflow/dags/av_daily_ingest.py
[2025-08-29T10:07:58.079+0000] {processor.py:830} INFO - Processing file /opt/airflow/dags/av_daily_ingest.py for tasks to queue
[2025-08-29T10:07:58.081+0000] {logging_mixin.py:188} INFO - [2025-08-29T10:07:58.081+0000] {dagbag.py:545} INFO - Filling up the DagBag from /opt/airflow/dags/av_daily_ingest.py
[2025-08-29T10:07:58.218+0000] {processor.py:840} INFO - DAG(s) 'av_daily_ingest' retrieved from /opt/airflow/dags/av_daily_ingest.py
[2025-08-29T10:07:58.273+0000] {logging_mixin.py:188} INFO - [2025-08-29T10:07:58.272+0000] {dag.py:3096} INFO - Sync 1 DAGs
[2025-08-29T10:07:58.379+0000] {logging_mixin.py:188} INFO - [2025-08-29T10:07:58.378+0000] {dag.py:3954} INFO - Setting next_dagrun for av_daily_ingest to 2025-08-29 09:00:00+00:00, run_after=2025-08-29 10:00:00+00:00
[2025-08-29T10:07:58.449+0000] {processor.py:183} INFO - Processing /opt/airflow/dags/av_daily_ingest.py took 0.378 seconds
[2025-08-29T10:08:28.667+0000] {processor.py:161} INFO - Started process (PID=805) to work on /opt/airflow/dags/av_daily_ingest.py
[2025-08-29T10:08:28.669+0000] {processor.py:830} INFO - Processing file /opt/airflow/dags/av_daily_ingest.py for tasks to queue
[2025-08-29T10:08:28.671+0000] {logging_mixin.py:188} INFO - [2025-08-29T10:08:28.671+0000] {dagbag.py:545} INFO - Filling up the DagBag from /opt/airflow/dags/av_daily_ingest.py
[2025-08-29T10:08:28.692+0000] {processor.py:840} INFO - DAG(s) 'av_daily_ingest' retrieved from /opt/airflow/dags/av_daily_ingest.py
[2025-08-29T10:08:28.729+0000] {logging_mixin.py:188} INFO - [2025-08-29T10:08:28.729+0000] {dag.py:3096} INFO - Sync 1 DAGs
[2025-08-29T10:08:28.759+0000] {logging_mixin.py:188} INFO - [2025-08-29T10:08:28.759+0000] {dag.py:3954} INFO - Setting next_dagrun for av_daily_ingest to 2025-08-29 09:00:00+00:00, run_after=2025-08-29 10:00:00+00:00
[2025-08-29T10:08:28.786+0000] {processor.py:183} INFO - Processing /opt/airflow/dags/av_daily_ingest.py took 0.126 seconds
[2025-08-29T10:08:58.858+0000] {processor.py:161} INFO - Started process (PID=816) to work on /opt/airflow/dags/av_daily_ingest.py
[2025-08-29T10:08:58.860+0000] {processor.py:830} INFO - Processing file /opt/airflow/dags/av_daily_ingest.py for tasks to queue
[2025-08-29T10:08:58.864+0000] {logging_mixin.py:188} INFO - [2025-08-29T10:08:58.863+0000] {dagbag.py:545} INFO - Filling up the DagBag from /opt/airflow/dags/av_daily_ingest.py
[2025-08-29T10:08:58.893+0000] {processor.py:840} INFO - DAG(s) 'av_daily_ingest' retrieved from /opt/airflow/dags/av_daily_ingest.py
[2025-08-29T10:08:58.942+0000] {logging_mixin.py:188} INFO - [2025-08-29T10:08:58.942+0000] {dag.py:3096} INFO - Sync 1 DAGs
[2025-08-29T10:08:58.978+0000] {logging_mixin.py:188} INFO - [2025-08-29T10:08:58.977+0000] {dag.py:3954} INFO - Setting next_dagrun for av_daily_ingest to 2025-08-29 09:00:00+00:00, run_after=2025-08-29 10:00:00+00:00
[2025-08-29T10:08:59.006+0000] {processor.py:183} INFO - Processing /opt/airflow/dags/av_daily_ingest.py took 0.156 seconds
[2025-08-29T10:09:29.235+0000] {processor.py:161} INFO - Started process (PID=828) to work on /opt/airflow/dags/av_daily_ingest.py
[2025-08-29T10:09:29.238+0000] {processor.py:830} INFO - Processing file /opt/airflow/dags/av_daily_ingest.py for tasks to queue
[2025-08-29T10:09:29.243+0000] {logging_mixin.py:188} INFO - [2025-08-29T10:09:29.242+0000] {dagbag.py:545} INFO - Filling up the DagBag from /opt/airflow/dags/av_daily_ingest.py
[2025-08-29T10:09:29.261+0000] {processor.py:840} INFO - DAG(s) 'av_daily_ingest' retrieved from /opt/airflow/dags/av_daily_ingest.py
[2025-08-29T10:09:29.298+0000] {logging_mixin.py:188} INFO - [2025-08-29T10:09:29.297+0000] {dag.py:3096} INFO - Sync 1 DAGs
[2025-08-29T10:09:29.321+0000] {logging_mixin.py:188} INFO - [2025-08-29T10:09:29.321+0000] {dag.py:3954} INFO - Setting next_dagrun for av_daily_ingest to 2025-08-29 09:00:00+00:00, run_after=2025-08-29 10:00:00+00:00
[2025-08-29T10:09:29.359+0000] {processor.py:183} INFO - Processing /opt/airflow/dags/av_daily_ingest.py took 0.129 seconds
[2025-08-29T10:09:59.458+0000] {processor.py:161} INFO - Started process (PID=839) to work on /opt/airflow/dags/av_daily_ingest.py
[2025-08-29T10:09:59.460+0000] {processor.py:830} INFO - Processing file /opt/airflow/dags/av_daily_ingest.py for tasks to queue
[2025-08-29T10:09:59.463+0000] {logging_mixin.py:188} INFO - [2025-08-29T10:09:59.463+0000] {dagbag.py:545} INFO - Filling up the DagBag from /opt/airflow/dags/av_daily_ingest.py
[2025-08-29T10:09:59.483+0000] {processor.py:840} INFO - DAG(s) 'av_daily_ingest' retrieved from /opt/airflow/dags/av_daily_ingest.py
[2025-08-29T10:09:59.543+0000] {logging_mixin.py:188} INFO - [2025-08-29T10:09:59.542+0000] {dag.py:3096} INFO - Sync 1 DAGs
[2025-08-29T10:09:59.574+0000] {logging_mixin.py:188} INFO - [2025-08-29T10:09:59.574+0000] {dag.py:3954} INFO - Setting next_dagrun for av_daily_ingest to 2025-08-29 09:00:00+00:00, run_after=2025-08-29 10:00:00+00:00
[2025-08-29T10:09:59.597+0000] {processor.py:183} INFO - Processing /opt/airflow/dags/av_daily_ingest.py took 0.145 seconds
[2025-08-29T10:10:29.776+0000] {processor.py:161} INFO - Started process (PID=850) to work on /opt/airflow/dags/av_daily_ingest.py
[2025-08-29T10:10:29.778+0000] {processor.py:830} INFO - Processing file /opt/airflow/dags/av_daily_ingest.py for tasks to queue
[2025-08-29T10:10:29.780+0000] {logging_mixin.py:188} INFO - [2025-08-29T10:10:29.780+0000] {dagbag.py:545} INFO - Filling up the DagBag from /opt/airflow/dags/av_daily_ingest.py
[2025-08-29T10:10:29.806+0000] {processor.py:840} INFO - DAG(s) 'av_daily_ingest' retrieved from /opt/airflow/dags/av_daily_ingest.py
[2025-08-29T10:10:29.866+0000] {logging_mixin.py:188} INFO - [2025-08-29T10:10:29.865+0000] {dag.py:3096} INFO - Sync 1 DAGs
[2025-08-29T10:10:29.891+0000] {logging_mixin.py:188} INFO - [2025-08-29T10:10:29.891+0000] {dag.py:3954} INFO - Setting next_dagrun for av_daily_ingest to 2025-08-29 09:00:00+00:00, run_after=2025-08-29 10:00:00+00:00
[2025-08-29T10:10:29.917+0000] {processor.py:183} INFO - Processing /opt/airflow/dags/av_daily_ingest.py took 0.146 seconds
[2025-08-29T10:10:59.987+0000] {processor.py:161} INFO - Started process (PID=860) to work on /opt/airflow/dags/av_daily_ingest.py
[2025-08-29T10:10:59.988+0000] {processor.py:830} INFO - Processing file /opt/airflow/dags/av_daily_ingest.py for tasks to queue
[2025-08-29T10:10:59.990+0000] {logging_mixin.py:188} INFO - [2025-08-29T10:10:59.990+0000] {dagbag.py:545} INFO - Filling up the DagBag from /opt/airflow/dags/av_daily_ingest.py
[2025-08-29T10:11:00.012+0000] {processor.py:840} INFO - DAG(s) 'av_daily_ingest' retrieved from /opt/airflow/dags/av_daily_ingest.py
[2025-08-29T10:11:00.061+0000] {logging_mixin.py:188} INFO - [2025-08-29T10:11:00.061+0000] {dag.py:3096} INFO - Sync 1 DAGs
[2025-08-29T10:11:00.098+0000] {logging_mixin.py:188} INFO - [2025-08-29T10:11:00.098+0000] {dag.py:3954} INFO - Setting next_dagrun for av_daily_ingest to 2025-08-29 09:00:00+00:00, run_after=2025-08-29 10:00:00+00:00
[2025-08-29T10:11:00.145+0000] {processor.py:183} INFO - Processing /opt/airflow/dags/av_daily_ingest.py took 0.164 seconds
[2025-08-29T10:11:30.365+0000] {processor.py:161} INFO - Started process (PID=872) to work on /opt/airflow/dags/av_daily_ingest.py
[2025-08-29T10:11:30.367+0000] {processor.py:830} INFO - Processing file /opt/airflow/dags/av_daily_ingest.py for tasks to queue
[2025-08-29T10:11:30.374+0000] {logging_mixin.py:188} INFO - [2025-08-29T10:11:30.374+0000] {dagbag.py:545} INFO - Filling up the DagBag from /opt/airflow/dags/av_daily_ingest.py
[2025-08-29T10:11:30.403+0000] {processor.py:840} INFO - DAG(s) 'av_daily_ingest' retrieved from /opt/airflow/dags/av_daily_ingest.py
[2025-08-29T10:11:30.446+0000] {logging_mixin.py:188} INFO - [2025-08-29T10:11:30.446+0000] {dag.py:3096} INFO - Sync 1 DAGs
[2025-08-29T10:11:30.477+0000] {logging_mixin.py:188} INFO - [2025-08-29T10:11:30.477+0000] {dag.py:3954} INFO - Setting next_dagrun for av_daily_ingest to 2025-08-29 09:00:00+00:00, run_after=2025-08-29 10:00:00+00:00
[2025-08-29T10:11:30.505+0000] {processor.py:183} INFO - Processing /opt/airflow/dags/av_daily_ingest.py took 0.148 seconds
[2025-08-29T10:12:00.740+0000] {processor.py:161} INFO - Started process (PID=883) to work on /opt/airflow/dags/av_daily_ingest.py
[2025-08-29T10:12:00.751+0000] {processor.py:830} INFO - Processing file /opt/airflow/dags/av_daily_ingest.py for tasks to queue
[2025-08-29T10:12:00.766+0000] {logging_mixin.py:188} INFO - [2025-08-29T10:12:00.764+0000] {dagbag.py:545} INFO - Filling up the DagBag from /opt/airflow/dags/av_daily_ingest.py
[2025-08-29T10:12:00.850+0000] {processor.py:840} INFO - DAG(s) 'av_daily_ingest' retrieved from /opt/airflow/dags/av_daily_ingest.py
[2025-08-29T10:12:01.131+0000] {logging_mixin.py:188} INFO - [2025-08-29T10:12:01.130+0000] {dag.py:3096} INFO - Sync 1 DAGs
[2025-08-29T10:12:01.317+0000] {logging_mixin.py:188} INFO - [2025-08-29T10:12:01.315+0000] {dag.py:3954} INFO - Setting next_dagrun for av_daily_ingest to 2025-08-29 09:00:00+00:00, run_after=2025-08-29 10:00:00+00:00
[2025-08-29T10:12:01.431+0000] {processor.py:183} INFO - Processing /opt/airflow/dags/av_daily_ingest.py took 0.731 seconds
[2025-08-29T10:12:31.670+0000] {processor.py:161} INFO - Started process (PID=894) to work on /opt/airflow/dags/av_daily_ingest.py
[2025-08-29T10:12:31.671+0000] {processor.py:830} INFO - Processing file /opt/airflow/dags/av_daily_ingest.py for tasks to queue
[2025-08-29T10:12:31.673+0000] {logging_mixin.py:188} INFO - [2025-08-29T10:12:31.673+0000] {dagbag.py:545} INFO - Filling up the DagBag from /opt/airflow/dags/av_daily_ingest.py
[2025-08-29T10:12:31.700+0000] {processor.py:840} INFO - DAG(s) 'av_daily_ingest' retrieved from /opt/airflow/dags/av_daily_ingest.py
[2025-08-29T10:12:31.744+0000] {logging_mixin.py:188} INFO - [2025-08-29T10:12:31.743+0000] {dag.py:3096} INFO - Sync 1 DAGs
[2025-08-29T10:12:31.790+0000] {logging_mixin.py:188} INFO - [2025-08-29T10:12:31.789+0000] {dag.py:3954} INFO - Setting next_dagrun for av_daily_ingest to 2025-08-29 09:00:00+00:00, run_after=2025-08-29 10:00:00+00:00
[2025-08-29T10:12:31.835+0000] {processor.py:183} INFO - Processing /opt/airflow/dags/av_daily_ingest.py took 0.171 seconds
[2025-08-29T10:13:02.049+0000] {processor.py:161} INFO - Started process (PID=906) to work on /opt/airflow/dags/av_daily_ingest.py
[2025-08-29T10:13:02.051+0000] {processor.py:830} INFO - Processing file /opt/airflow/dags/av_daily_ingest.py for tasks to queue
[2025-08-29T10:13:02.053+0000] {logging_mixin.py:188} INFO - [2025-08-29T10:13:02.053+0000] {dagbag.py:545} INFO - Filling up the DagBag from /opt/airflow/dags/av_daily_ingest.py
[2025-08-29T10:13:02.077+0000] {processor.py:840} INFO - DAG(s) 'av_daily_ingest' retrieved from /opt/airflow/dags/av_daily_ingest.py
[2025-08-29T10:13:02.123+0000] {logging_mixin.py:188} INFO - [2025-08-29T10:13:02.123+0000] {dag.py:3096} INFO - Sync 1 DAGs
[2025-08-29T10:13:02.171+0000] {logging_mixin.py:188} INFO - [2025-08-29T10:13:02.170+0000] {dag.py:3954} INFO - Setting next_dagrun for av_daily_ingest to 2025-08-29 09:00:00+00:00, run_after=2025-08-29 10:00:00+00:00
[2025-08-29T10:13:02.210+0000] {processor.py:183} INFO - Processing /opt/airflow/dags/av_daily_ingest.py took 0.169 seconds
[2025-08-29T10:13:32.423+0000] {processor.py:161} INFO - Started process (PID=918) to work on /opt/airflow/dags/av_daily_ingest.py
[2025-08-29T10:13:32.425+0000] {processor.py:830} INFO - Processing file /opt/airflow/dags/av_daily_ingest.py for tasks to queue
[2025-08-29T10:13:32.429+0000] {logging_mixin.py:188} INFO - [2025-08-29T10:13:32.428+0000] {dagbag.py:545} INFO - Filling up the DagBag from /opt/airflow/dags/av_daily_ingest.py
[2025-08-29T10:13:32.472+0000] {processor.py:840} INFO - DAG(s) 'av_daily_ingest' retrieved from /opt/airflow/dags/av_daily_ingest.py
[2025-08-29T10:13:32.527+0000] {logging_mixin.py:188} INFO - [2025-08-29T10:13:32.527+0000] {dag.py:3096} INFO - Sync 1 DAGs
[2025-08-29T10:13:32.564+0000] {logging_mixin.py:188} INFO - [2025-08-29T10:13:32.564+0000] {dag.py:3954} INFO - Setting next_dagrun for av_daily_ingest to 2025-08-29 09:00:00+00:00, run_after=2025-08-29 10:00:00+00:00
[2025-08-29T10:13:32.592+0000] {processor.py:183} INFO - Processing /opt/airflow/dags/av_daily_ingest.py took 0.182 seconds
[2025-08-29T10:14:02.807+0000] {processor.py:161} INFO - Started process (PID=929) to work on /opt/airflow/dags/av_daily_ingest.py
[2025-08-29T10:14:02.810+0000] {processor.py:830} INFO - Processing file /opt/airflow/dags/av_daily_ingest.py for tasks to queue
[2025-08-29T10:14:02.813+0000] {logging_mixin.py:188} INFO - [2025-08-29T10:14:02.813+0000] {dagbag.py:545} INFO - Filling up the DagBag from /opt/airflow/dags/av_daily_ingest.py
[2025-08-29T10:14:02.843+0000] {processor.py:840} INFO - DAG(s) 'av_daily_ingest' retrieved from /opt/airflow/dags/av_daily_ingest.py
[2025-08-29T10:14:02.896+0000] {logging_mixin.py:188} INFO - [2025-08-29T10:14:02.896+0000] {dag.py:3096} INFO - Sync 1 DAGs
[2025-08-29T10:14:02.996+0000] {logging_mixin.py:188} INFO - [2025-08-29T10:14:02.995+0000] {dag.py:3954} INFO - Setting next_dagrun for av_daily_ingest to 2025-08-29 09:00:00+00:00, run_after=2025-08-29 10:00:00+00:00
[2025-08-29T10:14:03.092+0000] {processor.py:183} INFO - Processing /opt/airflow/dags/av_daily_ingest.py took 0.293 seconds
[2025-08-29T10:14:33.383+0000] {processor.py:161} INFO - Started process (PID=940) to work on /opt/airflow/dags/av_daily_ingest.py
[2025-08-29T10:14:33.385+0000] {processor.py:830} INFO - Processing file /opt/airflow/dags/av_daily_ingest.py for tasks to queue
[2025-08-29T10:14:33.388+0000] {logging_mixin.py:188} INFO - [2025-08-29T10:14:33.388+0000] {dagbag.py:545} INFO - Filling up the DagBag from /opt/airflow/dags/av_daily_ingest.py
[2025-08-29T10:14:33.429+0000] {processor.py:840} INFO - DAG(s) 'av_daily_ingest' retrieved from /opt/airflow/dags/av_daily_ingest.py
[2025-08-29T10:14:33.532+0000] {logging_mixin.py:188} INFO - [2025-08-29T10:14:33.531+0000] {dag.py:3096} INFO - Sync 1 DAGs
[2025-08-29T10:14:33.633+0000] {logging_mixin.py:188} INFO - [2025-08-29T10:14:33.632+0000] {dag.py:3954} INFO - Setting next_dagrun for av_daily_ingest to 2025-08-29 09:00:00+00:00, run_after=2025-08-29 10:00:00+00:00
[2025-08-29T10:14:33.704+0000] {processor.py:183} INFO - Processing /opt/airflow/dags/av_daily_ingest.py took 0.334 seconds
[2025-08-29T10:15:03.965+0000] {processor.py:161} INFO - Started process (PID=951) to work on /opt/airflow/dags/av_daily_ingest.py
[2025-08-29T10:15:03.970+0000] {processor.py:830} INFO - Processing file /opt/airflow/dags/av_daily_ingest.py for tasks to queue
[2025-08-29T10:15:03.974+0000] {logging_mixin.py:188} INFO - [2025-08-29T10:15:03.973+0000] {dagbag.py:545} INFO - Filling up the DagBag from /opt/airflow/dags/av_daily_ingest.py
[2025-08-29T10:15:04.025+0000] {processor.py:840} INFO - DAG(s) 'av_daily_ingest' retrieved from /opt/airflow/dags/av_daily_ingest.py
[2025-08-29T10:15:04.097+0000] {logging_mixin.py:188} INFO - [2025-08-29T10:15:04.097+0000] {dag.py:3096} INFO - Sync 1 DAGs
[2025-08-29T10:15:04.801+0000] {logging_mixin.py:188} INFO - [2025-08-29T10:15:04.801+0000] {dag.py:3954} INFO - Setting next_dagrun for av_daily_ingest to 2025-08-29 09:00:00+00:00, run_after=2025-08-29 10:00:00+00:00
[2025-08-29T10:15:05.010+0000] {processor.py:183} INFO - Processing /opt/airflow/dags/av_daily_ingest.py took 1.053 seconds
[2025-08-29T10:15:35.124+0000] {processor.py:161} INFO - Started process (PID=962) to work on /opt/airflow/dags/av_daily_ingest.py
[2025-08-29T10:15:35.126+0000] {processor.py:830} INFO - Processing file /opt/airflow/dags/av_daily_ingest.py for tasks to queue
[2025-08-29T10:15:35.128+0000] {logging_mixin.py:188} INFO - [2025-08-29T10:15:35.127+0000] {dagbag.py:545} INFO - Filling up the DagBag from /opt/airflow/dags/av_daily_ingest.py
[2025-08-29T10:15:35.148+0000] {processor.py:840} INFO - DAG(s) 'av_daily_ingest' retrieved from /opt/airflow/dags/av_daily_ingest.py
[2025-08-29T10:15:35.192+0000] {logging_mixin.py:188} INFO - [2025-08-29T10:15:35.192+0000] {dag.py:3096} INFO - Sync 1 DAGs
[2025-08-29T10:15:35.248+0000] {logging_mixin.py:188} INFO - [2025-08-29T10:15:35.248+0000] {dag.py:3954} INFO - Setting next_dagrun for av_daily_ingest to 2025-08-29 09:00:00+00:00, run_after=2025-08-29 10:00:00+00:00
[2025-08-29T10:15:35.271+0000] {processor.py:183} INFO - Processing /opt/airflow/dags/av_daily_ingest.py took 0.153 seconds
[2025-08-29T10:16:05.393+0000] {processor.py:161} INFO - Started process (PID=973) to work on /opt/airflow/dags/av_daily_ingest.py
[2025-08-29T10:16:05.394+0000] {processor.py:830} INFO - Processing file /opt/airflow/dags/av_daily_ingest.py for tasks to queue
[2025-08-29T10:16:05.396+0000] {logging_mixin.py:188} INFO - [2025-08-29T10:16:05.396+0000] {dagbag.py:545} INFO - Filling up the DagBag from /opt/airflow/dags/av_daily_ingest.py
[2025-08-29T10:16:05.413+0000] {processor.py:840} INFO - DAG(s) 'av_daily_ingest' retrieved from /opt/airflow/dags/av_daily_ingest.py
[2025-08-29T10:16:05.443+0000] {logging_mixin.py:188} INFO - [2025-08-29T10:16:05.442+0000] {dag.py:3096} INFO - Sync 1 DAGs
[2025-08-29T10:16:05.467+0000] {logging_mixin.py:188} INFO - [2025-08-29T10:16:05.466+0000] {dag.py:3954} INFO - Setting next_dagrun for av_daily_ingest to 2025-08-29 09:00:00+00:00, run_after=2025-08-29 10:00:00+00:00
[2025-08-29T10:16:05.485+0000] {processor.py:183} INFO - Processing /opt/airflow/dags/av_daily_ingest.py took 0.098 seconds
[2025-08-29T10:16:35.620+0000] {processor.py:161} INFO - Started process (PID=984) to work on /opt/airflow/dags/av_daily_ingest.py
[2025-08-29T10:16:35.621+0000] {processor.py:830} INFO - Processing file /opt/airflow/dags/av_daily_ingest.py for tasks to queue
[2025-08-29T10:16:35.623+0000] {logging_mixin.py:188} INFO - [2025-08-29T10:16:35.622+0000] {dagbag.py:545} INFO - Filling up the DagBag from /opt/airflow/dags/av_daily_ingest.py
[2025-08-29T10:16:35.679+0000] {processor.py:840} INFO - DAG(s) 'av_daily_ingest' retrieved from /opt/airflow/dags/av_daily_ingest.py
[2025-08-29T10:16:35.748+0000] {logging_mixin.py:188} INFO - [2025-08-29T10:16:35.747+0000] {dag.py:3096} INFO - Sync 1 DAGs
[2025-08-29T10:16:35.817+0000] {logging_mixin.py:188} INFO - [2025-08-29T10:16:35.817+0000] {dag.py:3954} INFO - Setting next_dagrun for av_daily_ingest to 2025-08-29 09:00:00+00:00, run_after=2025-08-29 10:00:00+00:00
[2025-08-29T10:16:36.042+0000] {processor.py:183} INFO - Processing /opt/airflow/dags/av_daily_ingest.py took 0.428 seconds
[2025-08-29T10:17:06.414+0000] {processor.py:161} INFO - Started process (PID=995) to work on /opt/airflow/dags/av_daily_ingest.py
[2025-08-29T10:17:06.419+0000] {processor.py:830} INFO - Processing file /opt/airflow/dags/av_daily_ingest.py for tasks to queue
[2025-08-29T10:17:06.430+0000] {logging_mixin.py:188} INFO - [2025-08-29T10:17:06.429+0000] {dagbag.py:545} INFO - Filling up the DagBag from /opt/airflow/dags/av_daily_ingest.py
[2025-08-29T10:17:06.504+0000] {processor.py:840} INFO - DAG(s) 'av_daily_ingest' retrieved from /opt/airflow/dags/av_daily_ingest.py
[2025-08-29T10:17:06.668+0000] {logging_mixin.py:188} INFO - [2025-08-29T10:17:06.667+0000] {dag.py:3096} INFO - Sync 1 DAGs
[2025-08-29T10:17:06.764+0000] {logging_mixin.py:188} INFO - [2025-08-29T10:17:06.763+0000] {dag.py:3954} INFO - Setting next_dagrun for av_daily_ingest to 2025-08-29 09:00:00+00:00, run_after=2025-08-29 10:00:00+00:00
[2025-08-29T10:17:06.834+0000] {processor.py:183} INFO - Processing /opt/airflow/dags/av_daily_ingest.py took 0.444 seconds
[2025-08-29T10:17:37.936+0000] {processor.py:161} INFO - Started process (PID=1005) to work on /opt/airflow/dags/av_daily_ingest.py
[2025-08-29T10:17:37.970+0000] {processor.py:830} INFO - Processing file /opt/airflow/dags/av_daily_ingest.py for tasks to queue
[2025-08-29T10:17:38.060+0000] {logging_mixin.py:188} INFO - [2025-08-29T10:17:38.056+0000] {dagbag.py:545} INFO - Filling up the DagBag from /opt/airflow/dags/av_daily_ingest.py
[2025-08-29T10:17:38.285+0000] {processor.py:840} INFO - DAG(s) 'av_daily_ingest' retrieved from /opt/airflow/dags/av_daily_ingest.py
[2025-08-29T10:17:38.439+0000] {logging_mixin.py:188} INFO - [2025-08-29T10:17:38.439+0000] {dag.py:3096} INFO - Sync 1 DAGs
[2025-08-29T10:17:38.500+0000] {logging_mixin.py:188} INFO - [2025-08-29T10:17:38.498+0000] {dag.py:3954} INFO - Setting next_dagrun for av_daily_ingest to 2025-08-29 09:00:00+00:00, run_after=2025-08-29 10:00:00+00:00
[2025-08-29T10:17:38.569+0000] {processor.py:183} INFO - Processing /opt/airflow/dags/av_daily_ingest.py took 0.838 seconds
[2025-08-29T10:18:08.945+0000] {processor.py:161} INFO - Started process (PID=1015) to work on /opt/airflow/dags/av_daily_ingest.py
[2025-08-29T10:18:08.953+0000] {processor.py:830} INFO - Processing file /opt/airflow/dags/av_daily_ingest.py for tasks to queue
[2025-08-29T10:18:08.977+0000] {logging_mixin.py:188} INFO - [2025-08-29T10:18:08.972+0000] {dagbag.py:545} INFO - Filling up the DagBag from /opt/airflow/dags/av_daily_ingest.py
[2025-08-29T10:18:09.060+0000] {processor.py:840} INFO - DAG(s) 'av_daily_ingest' retrieved from /opt/airflow/dags/av_daily_ingest.py
[2025-08-29T10:18:09.108+0000] {logging_mixin.py:188} INFO - [2025-08-29T10:18:09.107+0000] {dag.py:3096} INFO - Sync 1 DAGs
[2025-08-29T10:18:09.143+0000] {logging_mixin.py:188} INFO - [2025-08-29T10:18:09.143+0000] {dag.py:3954} INFO - Setting next_dagrun for av_daily_ingest to 2025-08-29 09:00:00+00:00, run_after=2025-08-29 10:00:00+00:00
[2025-08-29T10:18:09.171+0000] {processor.py:183} INFO - Processing /opt/airflow/dags/av_daily_ingest.py took 0.341 seconds
[2025-08-29T10:18:39.429+0000] {processor.py:161} INFO - Started process (PID=1026) to work on /opt/airflow/dags/av_daily_ingest.py
[2025-08-29T10:18:39.431+0000] {processor.py:830} INFO - Processing file /opt/airflow/dags/av_daily_ingest.py for tasks to queue
[2025-08-29T10:18:39.434+0000] {logging_mixin.py:188} INFO - [2025-08-29T10:18:39.433+0000] {dagbag.py:545} INFO - Filling up the DagBag from /opt/airflow/dags/av_daily_ingest.py
[2025-08-29T10:18:39.459+0000] {processor.py:840} INFO - DAG(s) 'av_daily_ingest' retrieved from /opt/airflow/dags/av_daily_ingest.py
[2025-08-29T10:18:39.505+0000] {logging_mixin.py:188} INFO - [2025-08-29T10:18:39.504+0000] {dag.py:3096} INFO - Sync 1 DAGs
[2025-08-29T10:18:39.540+0000] {logging_mixin.py:188} INFO - [2025-08-29T10:18:39.540+0000] {dag.py:3954} INFO - Setting next_dagrun for av_daily_ingest to 2025-08-29 09:00:00+00:00, run_after=2025-08-29 10:00:00+00:00
[2025-08-29T10:18:39.569+0000] {processor.py:183} INFO - Processing /opt/airflow/dags/av_daily_ingest.py took 0.149 seconds
[2025-08-29T10:19:09.681+0000] {processor.py:161} INFO - Started process (PID=1037) to work on /opt/airflow/dags/av_daily_ingest.py
[2025-08-29T10:19:09.686+0000] {processor.py:830} INFO - Processing file /opt/airflow/dags/av_daily_ingest.py for tasks to queue
[2025-08-29T10:19:09.688+0000] {logging_mixin.py:188} INFO - [2025-08-29T10:19:09.688+0000] {dagbag.py:545} INFO - Filling up the DagBag from /opt/airflow/dags/av_daily_ingest.py
[2025-08-29T10:19:09.730+0000] {processor.py:840} INFO - DAG(s) 'av_daily_ingest' retrieved from /opt/airflow/dags/av_daily_ingest.py
[2025-08-29T10:19:09.811+0000] {logging_mixin.py:188} INFO - [2025-08-29T10:19:09.810+0000] {dag.py:3096} INFO - Sync 1 DAGs
[2025-08-29T10:19:09.878+0000] {logging_mixin.py:188} INFO - [2025-08-29T10:19:09.878+0000] {dag.py:3954} INFO - Setting next_dagrun for av_daily_ingest to 2025-08-29 09:00:00+00:00, run_after=2025-08-29 10:00:00+00:00
[2025-08-29T10:19:10.110+0000] {processor.py:183} INFO - Processing /opt/airflow/dags/av_daily_ingest.py took 0.436 seconds
[2025-08-29T10:19:40.527+0000] {processor.py:161} INFO - Started process (PID=1050) to work on /opt/airflow/dags/av_daily_ingest.py
[2025-08-29T10:19:40.528+0000] {processor.py:830} INFO - Processing file /opt/airflow/dags/av_daily_ingest.py for tasks to queue
[2025-08-29T10:19:40.533+0000] {logging_mixin.py:188} INFO - [2025-08-29T10:19:40.533+0000] {dagbag.py:545} INFO - Filling up the DagBag from /opt/airflow/dags/av_daily_ingest.py
[2025-08-29T10:19:40.553+0000] {processor.py:840} INFO - DAG(s) 'av_daily_ingest' retrieved from /opt/airflow/dags/av_daily_ingest.py
[2025-08-29T10:19:40.586+0000] {logging_mixin.py:188} INFO - [2025-08-29T10:19:40.586+0000] {dag.py:3096} INFO - Sync 1 DAGs
[2025-08-29T10:19:40.610+0000] {logging_mixin.py:188} INFO - [2025-08-29T10:19:40.610+0000] {dag.py:3954} INFO - Setting next_dagrun for av_daily_ingest to 2025-08-29 09:00:00+00:00, run_after=2025-08-29 10:00:00+00:00
[2025-08-29T10:19:40.636+0000] {processor.py:183} INFO - Processing /opt/airflow/dags/av_daily_ingest.py took 0.117 seconds
[2025-08-29T10:20:10.719+0000] {processor.py:161} INFO - Started process (PID=1061) to work on /opt/airflow/dags/av_daily_ingest.py
[2025-08-29T10:20:10.720+0000] {processor.py:830} INFO - Processing file /opt/airflow/dags/av_daily_ingest.py for tasks to queue
[2025-08-29T10:20:10.722+0000] {logging_mixin.py:188} INFO - [2025-08-29T10:20:10.722+0000] {dagbag.py:545} INFO - Filling up the DagBag from /opt/airflow/dags/av_daily_ingest.py
[2025-08-29T10:20:10.755+0000] {processor.py:840} INFO - DAG(s) 'av_daily_ingest' retrieved from /opt/airflow/dags/av_daily_ingest.py
[2025-08-29T10:20:10.787+0000] {logging_mixin.py:188} INFO - [2025-08-29T10:20:10.787+0000] {dag.py:3096} INFO - Sync 1 DAGs
[2025-08-29T10:20:10.808+0000] {logging_mixin.py:188} INFO - [2025-08-29T10:20:10.808+0000] {dag.py:3954} INFO - Setting next_dagrun for av_daily_ingest to 2025-08-29 09:00:00+00:00, run_after=2025-08-29 10:00:00+00:00
[2025-08-29T10:20:10.832+0000] {processor.py:183} INFO - Processing /opt/airflow/dags/av_daily_ingest.py took 0.121 seconds
[2025-08-29T10:20:40.998+0000] {processor.py:161} INFO - Started process (PID=1072) to work on /opt/airflow/dags/av_daily_ingest.py
[2025-08-29T10:20:41.000+0000] {processor.py:830} INFO - Processing file /opt/airflow/dags/av_daily_ingest.py for tasks to queue
[2025-08-29T10:20:41.002+0000] {logging_mixin.py:188} INFO - [2025-08-29T10:20:41.002+0000] {dagbag.py:545} INFO - Filling up the DagBag from /opt/airflow/dags/av_daily_ingest.py
[2025-08-29T10:20:41.019+0000] {processor.py:840} INFO - DAG(s) 'av_daily_ingest' retrieved from /opt/airflow/dags/av_daily_ingest.py
[2025-08-29T10:20:41.051+0000] {logging_mixin.py:188} INFO - [2025-08-29T10:20:41.050+0000] {dag.py:3096} INFO - Sync 1 DAGs
[2025-08-29T10:20:41.073+0000] {logging_mixin.py:188} INFO - [2025-08-29T10:20:41.073+0000] {dag.py:3954} INFO - Setting next_dagrun for av_daily_ingest to 2025-08-29 09:00:00+00:00, run_after=2025-08-29 10:00:00+00:00
[2025-08-29T10:20:41.094+0000] {processor.py:183} INFO - Processing /opt/airflow/dags/av_daily_ingest.py took 0.102 seconds
[2025-08-29T10:21:11.175+0000] {processor.py:161} INFO - Started process (PID=1083) to work on /opt/airflow/dags/av_daily_ingest.py
[2025-08-29T10:21:11.176+0000] {processor.py:830} INFO - Processing file /opt/airflow/dags/av_daily_ingest.py for tasks to queue
[2025-08-29T10:21:11.178+0000] {logging_mixin.py:188} INFO - [2025-08-29T10:21:11.178+0000] {dagbag.py:545} INFO - Filling up the DagBag from /opt/airflow/dags/av_daily_ingest.py
[2025-08-29T10:21:11.201+0000] {processor.py:840} INFO - DAG(s) 'av_daily_ingest' retrieved from /opt/airflow/dags/av_daily_ingest.py
[2025-08-29T10:21:11.231+0000] {logging_mixin.py:188} INFO - [2025-08-29T10:21:11.230+0000] {dag.py:3096} INFO - Sync 1 DAGs
[2025-08-29T10:21:11.254+0000] {logging_mixin.py:188} INFO - [2025-08-29T10:21:11.254+0000] {dag.py:3954} INFO - Setting next_dagrun for av_daily_ingest to 2025-08-29 09:00:00+00:00, run_after=2025-08-29 10:00:00+00:00
[2025-08-29T10:21:11.292+0000] {processor.py:183} INFO - Processing /opt/airflow/dags/av_daily_ingest.py took 0.122 seconds
[2025-08-29T10:21:41.439+0000] {processor.py:161} INFO - Started process (PID=1095) to work on /opt/airflow/dags/av_daily_ingest.py
[2025-08-29T10:21:41.440+0000] {processor.py:830} INFO - Processing file /opt/airflow/dags/av_daily_ingest.py for tasks to queue
[2025-08-29T10:21:41.443+0000] {logging_mixin.py:188} INFO - [2025-08-29T10:21:41.442+0000] {dagbag.py:545} INFO - Filling up the DagBag from /opt/airflow/dags/av_daily_ingest.py
[2025-08-29T10:21:41.458+0000] {processor.py:840} INFO - DAG(s) 'av_daily_ingest' retrieved from /opt/airflow/dags/av_daily_ingest.py
[2025-08-29T10:21:41.486+0000] {logging_mixin.py:188} INFO - [2025-08-29T10:21:41.486+0000] {dag.py:3096} INFO - Sync 1 DAGs
[2025-08-29T10:21:41.506+0000] {logging_mixin.py:188} INFO - [2025-08-29T10:21:41.506+0000] {dag.py:3954} INFO - Setting next_dagrun for av_daily_ingest to 2025-08-29 09:00:00+00:00, run_after=2025-08-29 10:00:00+00:00
[2025-08-29T10:21:41.529+0000] {processor.py:183} INFO - Processing /opt/airflow/dags/av_daily_ingest.py took 0.095 seconds
[2025-08-29T10:22:11.620+0000] {processor.py:161} INFO - Started process (PID=1106) to work on /opt/airflow/dags/av_daily_ingest.py
[2025-08-29T10:22:11.621+0000] {processor.py:830} INFO - Processing file /opt/airflow/dags/av_daily_ingest.py for tasks to queue
[2025-08-29T10:22:11.624+0000] {logging_mixin.py:188} INFO - [2025-08-29T10:22:11.623+0000] {dagbag.py:545} INFO - Filling up the DagBag from /opt/airflow/dags/av_daily_ingest.py
[2025-08-29T10:22:11.643+0000] {processor.py:840} INFO - DAG(s) 'av_daily_ingest' retrieved from /opt/airflow/dags/av_daily_ingest.py
[2025-08-29T10:22:11.683+0000] {logging_mixin.py:188} INFO - [2025-08-29T10:22:11.683+0000] {dag.py:3096} INFO - Sync 1 DAGs
[2025-08-29T10:22:11.732+0000] {logging_mixin.py:188} INFO - [2025-08-29T10:22:11.731+0000] {dag.py:3954} INFO - Setting next_dagrun for av_daily_ingest to 2025-08-29 09:00:00+00:00, run_after=2025-08-29 10:00:00+00:00
[2025-08-29T10:22:11.754+0000] {processor.py:183} INFO - Processing /opt/airflow/dags/av_daily_ingest.py took 0.140 seconds
[2025-08-29T10:22:41.860+0000] {processor.py:161} INFO - Started process (PID=1122) to work on /opt/airflow/dags/av_daily_ingest.py
[2025-08-29T10:22:41.862+0000] {processor.py:830} INFO - Processing file /opt/airflow/dags/av_daily_ingest.py for tasks to queue
[2025-08-29T10:22:41.867+0000] {logging_mixin.py:188} INFO - [2025-08-29T10:22:41.867+0000] {dagbag.py:545} INFO - Filling up the DagBag from /opt/airflow/dags/av_daily_ingest.py
[2025-08-29T10:22:41.886+0000] {processor.py:840} INFO - DAG(s) 'av_daily_ingest' retrieved from /opt/airflow/dags/av_daily_ingest.py
[2025-08-29T10:22:41.915+0000] {logging_mixin.py:188} INFO - [2025-08-29T10:22:41.915+0000] {dag.py:3096} INFO - Sync 1 DAGs
[2025-08-29T10:22:41.986+0000] {logging_mixin.py:188} INFO - [2025-08-29T10:22:41.986+0000] {dag.py:3954} INFO - Setting next_dagrun for av_daily_ingest to 2025-08-29 09:00:00+00:00, run_after=2025-08-29 10:00:00+00:00
[2025-08-29T10:22:42.053+0000] {processor.py:183} INFO - Processing /opt/airflow/dags/av_daily_ingest.py took 0.199 seconds
[2025-08-29T10:23:12.126+0000] {processor.py:161} INFO - Started process (PID=1134) to work on /opt/airflow/dags/av_daily_ingest.py
[2025-08-29T10:23:12.127+0000] {processor.py:830} INFO - Processing file /opt/airflow/dags/av_daily_ingest.py for tasks to queue
[2025-08-29T10:23:12.130+0000] {logging_mixin.py:188} INFO - [2025-08-29T10:23:12.130+0000] {dagbag.py:545} INFO - Filling up the DagBag from /opt/airflow/dags/av_daily_ingest.py
[2025-08-29T10:23:12.149+0000] {processor.py:840} INFO - DAG(s) 'av_daily_ingest' retrieved from /opt/airflow/dags/av_daily_ingest.py
[2025-08-29T10:23:12.177+0000] {logging_mixin.py:188} INFO - [2025-08-29T10:23:12.177+0000] {dag.py:3096} INFO - Sync 1 DAGs
[2025-08-29T10:23:12.205+0000] {logging_mixin.py:188} INFO - [2025-08-29T10:23:12.205+0000] {dag.py:3954} INFO - Setting next_dagrun for av_daily_ingest to 2025-08-29 09:00:00+00:00, run_after=2025-08-29 10:00:00+00:00
[2025-08-29T10:23:12.274+0000] {processor.py:183} INFO - Processing /opt/airflow/dags/av_daily_ingest.py took 0.154 seconds
[2025-08-29T10:23:42.372+0000] {processor.py:161} INFO - Started process (PID=1145) to work on /opt/airflow/dags/av_daily_ingest.py
[2025-08-29T10:23:42.373+0000] {processor.py:830} INFO - Processing file /opt/airflow/dags/av_daily_ingest.py for tasks to queue
[2025-08-29T10:23:42.375+0000] {logging_mixin.py:188} INFO - [2025-08-29T10:23:42.375+0000] {dagbag.py:545} INFO - Filling up the DagBag from /opt/airflow/dags/av_daily_ingest.py
[2025-08-29T10:23:42.398+0000] {processor.py:840} INFO - DAG(s) 'av_daily_ingest' retrieved from /opt/airflow/dags/av_daily_ingest.py
[2025-08-29T10:23:42.430+0000] {logging_mixin.py:188} INFO - [2025-08-29T10:23:42.430+0000] {dag.py:3096} INFO - Sync 1 DAGs
[2025-08-29T10:23:42.454+0000] {logging_mixin.py:188} INFO - [2025-08-29T10:23:42.454+0000] {dag.py:3954} INFO - Setting next_dagrun for av_daily_ingest to 2025-08-29 09:00:00+00:00, run_after=2025-08-29 10:00:00+00:00
[2025-08-29T10:23:42.475+0000] {processor.py:183} INFO - Processing /opt/airflow/dags/av_daily_ingest.py took 0.110 seconds
[2025-08-29T10:24:12.580+0000] {processor.py:161} INFO - Started process (PID=1156) to work on /opt/airflow/dags/av_daily_ingest.py
[2025-08-29T10:24:12.581+0000] {processor.py:830} INFO - Processing file /opt/airflow/dags/av_daily_ingest.py for tasks to queue
[2025-08-29T10:24:12.583+0000] {logging_mixin.py:188} INFO - [2025-08-29T10:24:12.583+0000] {dagbag.py:545} INFO - Filling up the DagBag from /opt/airflow/dags/av_daily_ingest.py
[2025-08-29T10:24:12.600+0000] {processor.py:840} INFO - DAG(s) 'av_daily_ingest' retrieved from /opt/airflow/dags/av_daily_ingest.py
[2025-08-29T10:24:12.629+0000] {logging_mixin.py:188} INFO - [2025-08-29T10:24:12.629+0000] {dag.py:3096} INFO - Sync 1 DAGs
[2025-08-29T10:24:12.649+0000] {logging_mixin.py:188} INFO - [2025-08-29T10:24:12.649+0000] {dag.py:3954} INFO - Setting next_dagrun for av_daily_ingest to 2025-08-29 09:00:00+00:00, run_after=2025-08-29 10:00:00+00:00
[2025-08-29T10:24:12.669+0000] {processor.py:183} INFO - Processing /opt/airflow/dags/av_daily_ingest.py took 0.095 seconds
[2025-08-29T10:24:42.835+0000] {processor.py:161} INFO - Started process (PID=1167) to work on /opt/airflow/dags/av_daily_ingest.py
[2025-08-29T10:24:42.836+0000] {processor.py:830} INFO - Processing file /opt/airflow/dags/av_daily_ingest.py for tasks to queue
[2025-08-29T10:24:42.838+0000] {logging_mixin.py:188} INFO - [2025-08-29T10:24:42.838+0000] {dagbag.py:545} INFO - Filling up the DagBag from /opt/airflow/dags/av_daily_ingest.py
[2025-08-29T10:24:42.860+0000] {processor.py:840} INFO - DAG(s) 'av_daily_ingest' retrieved from /opt/airflow/dags/av_daily_ingest.py
[2025-08-29T10:24:42.898+0000] {logging_mixin.py:188} INFO - [2025-08-29T10:24:42.898+0000] {dag.py:3096} INFO - Sync 1 DAGs
[2025-08-29T10:24:42.931+0000] {logging_mixin.py:188} INFO - [2025-08-29T10:24:42.930+0000] {dag.py:3954} INFO - Setting next_dagrun for av_daily_ingest to 2025-08-29 09:00:00+00:00, run_after=2025-08-29 10:00:00+00:00
[2025-08-29T10:24:42.960+0000] {processor.py:183} INFO - Processing /opt/airflow/dags/av_daily_ingest.py took 0.131 seconds
[2025-08-29T10:25:13.024+0000] {processor.py:161} INFO - Started process (PID=1178) to work on /opt/airflow/dags/av_daily_ingest.py
[2025-08-29T10:25:13.026+0000] {processor.py:830} INFO - Processing file /opt/airflow/dags/av_daily_ingest.py for tasks to queue
[2025-08-29T10:25:13.029+0000] {logging_mixin.py:188} INFO - [2025-08-29T10:25:13.028+0000] {dagbag.py:545} INFO - Filling up the DagBag from /opt/airflow/dags/av_daily_ingest.py
[2025-08-29T10:25:13.054+0000] {processor.py:840} INFO - DAG(s) 'av_daily_ingest' retrieved from /opt/airflow/dags/av_daily_ingest.py
[2025-08-29T10:25:13.099+0000] {logging_mixin.py:188} INFO - [2025-08-29T10:25:13.099+0000] {dag.py:3096} INFO - Sync 1 DAGs
[2025-08-29T10:25:13.169+0000] {logging_mixin.py:188} INFO - [2025-08-29T10:25:13.169+0000] {dag.py:3954} INFO - Setting next_dagrun for av_daily_ingest to 2025-08-29 09:00:00+00:00, run_after=2025-08-29 10:00:00+00:00
[2025-08-29T10:25:13.227+0000] {processor.py:183} INFO - Processing /opt/airflow/dags/av_daily_ingest.py took 0.209 seconds
[2025-08-29T10:25:43.333+0000] {processor.py:161} INFO - Started process (PID=1189) to work on /opt/airflow/dags/av_daily_ingest.py
[2025-08-29T10:25:43.334+0000] {processor.py:830} INFO - Processing file /opt/airflow/dags/av_daily_ingest.py for tasks to queue
[2025-08-29T10:25:43.336+0000] {logging_mixin.py:188} INFO - [2025-08-29T10:25:43.336+0000] {dagbag.py:545} INFO - Filling up the DagBag from /opt/airflow/dags/av_daily_ingest.py
[2025-08-29T10:25:43.357+0000] {processor.py:840} INFO - DAG(s) 'av_daily_ingest' retrieved from /opt/airflow/dags/av_daily_ingest.py
[2025-08-29T10:25:43.398+0000] {logging_mixin.py:188} INFO - [2025-08-29T10:25:43.398+0000] {dag.py:3096} INFO - Sync 1 DAGs
[2025-08-29T10:25:43.426+0000] {logging_mixin.py:188} INFO - [2025-08-29T10:25:43.426+0000] {dag.py:3954} INFO - Setting next_dagrun for av_daily_ingest to 2025-08-29 09:00:00+00:00, run_after=2025-08-29 10:00:00+00:00
[2025-08-29T10:25:43.453+0000] {processor.py:183} INFO - Processing /opt/airflow/dags/av_daily_ingest.py took 0.127 seconds
[2025-08-29T10:26:13.569+0000] {processor.py:161} INFO - Started process (PID=1200) to work on /opt/airflow/dags/av_daily_ingest.py
[2025-08-29T10:26:13.570+0000] {processor.py:830} INFO - Processing file /opt/airflow/dags/av_daily_ingest.py for tasks to queue
[2025-08-29T10:26:13.573+0000] {logging_mixin.py:188} INFO - [2025-08-29T10:26:13.572+0000] {dagbag.py:545} INFO - Filling up the DagBag from /opt/airflow/dags/av_daily_ingest.py
[2025-08-29T10:26:13.598+0000] {processor.py:840} INFO - DAG(s) 'av_daily_ingest' retrieved from /opt/airflow/dags/av_daily_ingest.py
[2025-08-29T10:26:13.651+0000] {logging_mixin.py:188} INFO - [2025-08-29T10:26:13.651+0000] {dag.py:3096} INFO - Sync 1 DAGs
[2025-08-29T10:26:13.676+0000] {logging_mixin.py:188} INFO - [2025-08-29T10:26:13.675+0000] {dag.py:3954} INFO - Setting next_dagrun for av_daily_ingest to 2025-08-29 09:00:00+00:00, run_after=2025-08-29 10:00:00+00:00
[2025-08-29T10:26:13.698+0000] {processor.py:183} INFO - Processing /opt/airflow/dags/av_daily_ingest.py took 0.137 seconds
[2025-08-29T10:26:43.789+0000] {processor.py:161} INFO - Started process (PID=1210) to work on /opt/airflow/dags/av_daily_ingest.py
[2025-08-29T10:26:43.790+0000] {processor.py:830} INFO - Processing file /opt/airflow/dags/av_daily_ingest.py for tasks to queue
[2025-08-29T10:26:43.793+0000] {logging_mixin.py:188} INFO - [2025-08-29T10:26:43.792+0000] {dagbag.py:545} INFO - Filling up the DagBag from /opt/airflow/dags/av_daily_ingest.py
[2025-08-29T10:26:43.817+0000] {processor.py:840} INFO - DAG(s) 'av_daily_ingest' retrieved from /opt/airflow/dags/av_daily_ingest.py
[2025-08-29T10:26:43.866+0000] {logging_mixin.py:188} INFO - [2025-08-29T10:26:43.866+0000] {dag.py:3096} INFO - Sync 1 DAGs
[2025-08-29T10:26:43.904+0000] {logging_mixin.py:188} INFO - [2025-08-29T10:26:43.903+0000] {dag.py:3954} INFO - Setting next_dagrun for av_daily_ingest to 2025-08-29 09:00:00+00:00, run_after=2025-08-29 10:00:00+00:00
[2025-08-29T10:26:43.936+0000] {processor.py:183} INFO - Processing /opt/airflow/dags/av_daily_ingest.py took 0.154 seconds
[2025-08-29T10:27:14.083+0000] {processor.py:161} INFO - Started process (PID=1221) to work on /opt/airflow/dags/av_daily_ingest.py
[2025-08-29T10:27:14.084+0000] {processor.py:830} INFO - Processing file /opt/airflow/dags/av_daily_ingest.py for tasks to queue
[2025-08-29T10:27:14.085+0000] {logging_mixin.py:188} INFO - [2025-08-29T10:27:14.085+0000] {dagbag.py:545} INFO - Filling up the DagBag from /opt/airflow/dags/av_daily_ingest.py
[2025-08-29T10:27:14.102+0000] {processor.py:840} INFO - DAG(s) 'av_daily_ingest' retrieved from /opt/airflow/dags/av_daily_ingest.py
[2025-08-29T10:27:14.138+0000] {logging_mixin.py:188} INFO - [2025-08-29T10:27:14.138+0000] {dag.py:3096} INFO - Sync 1 DAGs
[2025-08-29T10:27:14.161+0000] {logging_mixin.py:188} INFO - [2025-08-29T10:27:14.160+0000] {dag.py:3954} INFO - Setting next_dagrun for av_daily_ingest to 2025-08-29 09:00:00+00:00, run_after=2025-08-29 10:00:00+00:00
[2025-08-29T10:27:14.178+0000] {processor.py:183} INFO - Processing /opt/airflow/dags/av_daily_ingest.py took 0.102 seconds
[2025-08-29T10:27:44.277+0000] {processor.py:161} INFO - Started process (PID=1232) to work on /opt/airflow/dags/av_daily_ingest.py
[2025-08-29T10:27:44.278+0000] {processor.py:830} INFO - Processing file /opt/airflow/dags/av_daily_ingest.py for tasks to queue
[2025-08-29T10:27:44.279+0000] {logging_mixin.py:188} INFO - [2025-08-29T10:27:44.279+0000] {dagbag.py:545} INFO - Filling up the DagBag from /opt/airflow/dags/av_daily_ingest.py
[2025-08-29T10:27:44.295+0000] {processor.py:840} INFO - DAG(s) 'av_daily_ingest' retrieved from /opt/airflow/dags/av_daily_ingest.py
[2025-08-29T10:27:44.325+0000] {logging_mixin.py:188} INFO - [2025-08-29T10:27:44.325+0000] {dag.py:3096} INFO - Sync 1 DAGs
[2025-08-29T10:27:44.352+0000] {logging_mixin.py:188} INFO - [2025-08-29T10:27:44.352+0000] {dag.py:3954} INFO - Setting next_dagrun for av_daily_ingest to 2025-08-29 09:00:00+00:00, run_after=2025-08-29 10:00:00+00:00
[2025-08-29T10:27:44.374+0000] {processor.py:183} INFO - Processing /opt/airflow/dags/av_daily_ingest.py took 0.103 seconds
[2025-08-29T10:28:14.531+0000] {processor.py:161} INFO - Started process (PID=1243) to work on /opt/airflow/dags/av_daily_ingest.py
[2025-08-29T10:28:14.532+0000] {processor.py:830} INFO - Processing file /opt/airflow/dags/av_daily_ingest.py for tasks to queue
[2025-08-29T10:28:14.534+0000] {logging_mixin.py:188} INFO - [2025-08-29T10:28:14.534+0000] {dagbag.py:545} INFO - Filling up the DagBag from /opt/airflow/dags/av_daily_ingest.py
[2025-08-29T10:28:14.554+0000] {processor.py:840} INFO - DAG(s) 'av_daily_ingest' retrieved from /opt/airflow/dags/av_daily_ingest.py
[2025-08-29T10:28:14.588+0000] {logging_mixin.py:188} INFO - [2025-08-29T10:28:14.588+0000] {dag.py:3096} INFO - Sync 1 DAGs
[2025-08-29T10:28:14.620+0000] {logging_mixin.py:188} INFO - [2025-08-29T10:28:14.620+0000] {dag.py:3954} INFO - Setting next_dagrun for av_daily_ingest to 2025-08-29 09:00:00+00:00, run_after=2025-08-29 10:00:00+00:00
[2025-08-29T10:28:14.643+0000] {processor.py:183} INFO - Processing /opt/airflow/dags/av_daily_ingest.py took 0.119 seconds
[2025-08-29T10:28:44.717+0000] {processor.py:161} INFO - Started process (PID=1255) to work on /opt/airflow/dags/av_daily_ingest.py
[2025-08-29T10:28:44.718+0000] {processor.py:830} INFO - Processing file /opt/airflow/dags/av_daily_ingest.py for tasks to queue
[2025-08-29T10:28:44.721+0000] {logging_mixin.py:188} INFO - [2025-08-29T10:28:44.720+0000] {dagbag.py:545} INFO - Filling up the DagBag from /opt/airflow/dags/av_daily_ingest.py
[2025-08-29T10:28:44.790+0000] {processor.py:840} INFO - DAG(s) 'av_daily_ingest' retrieved from /opt/airflow/dags/av_daily_ingest.py
[2025-08-29T10:28:44.859+0000] {logging_mixin.py:188} INFO - [2025-08-29T10:28:44.859+0000] {dag.py:3096} INFO - Sync 1 DAGs
[2025-08-29T10:28:44.895+0000] {logging_mixin.py:188} INFO - [2025-08-29T10:28:44.895+0000] {dag.py:3954} INFO - Setting next_dagrun for av_daily_ingest to 2025-08-29 09:00:00+00:00, run_after=2025-08-29 10:00:00+00:00
[2025-08-29T10:28:44.922+0000] {processor.py:183} INFO - Processing /opt/airflow/dags/av_daily_ingest.py took 0.214 seconds
[2025-08-29T10:29:14.990+0000] {processor.py:161} INFO - Started process (PID=1266) to work on /opt/airflow/dags/av_daily_ingest.py
[2025-08-29T10:29:15.000+0000] {processor.py:830} INFO - Processing file /opt/airflow/dags/av_daily_ingest.py for tasks to queue
[2025-08-29T10:29:15.032+0000] {logging_mixin.py:188} INFO - [2025-08-29T10:29:15.024+0000] {dagbag.py:545} INFO - Filling up the DagBag from /opt/airflow/dags/av_daily_ingest.py
[2025-08-29T10:29:15.052+0000] {processor.py:840} INFO - DAG(s) 'av_daily_ingest' retrieved from /opt/airflow/dags/av_daily_ingest.py
[2025-08-29T10:29:15.086+0000] {logging_mixin.py:188} INFO - [2025-08-29T10:29:15.086+0000] {dag.py:3096} INFO - Sync 1 DAGs
[2025-08-29T10:29:15.110+0000] {logging_mixin.py:188} INFO - [2025-08-29T10:29:15.110+0000] {dag.py:3954} INFO - Setting next_dagrun for av_daily_ingest to 2025-08-29 09:00:00+00:00, run_after=2025-08-29 10:00:00+00:00
[2025-08-29T10:29:15.134+0000] {processor.py:183} INFO - Processing /opt/airflow/dags/av_daily_ingest.py took 0.151 seconds
[2025-08-29T10:29:45.322+0000] {processor.py:161} INFO - Started process (PID=1277) to work on /opt/airflow/dags/av_daily_ingest.py
[2025-08-29T10:29:45.324+0000] {processor.py:830} INFO - Processing file /opt/airflow/dags/av_daily_ingest.py for tasks to queue
[2025-08-29T10:29:45.327+0000] {logging_mixin.py:188} INFO - [2025-08-29T10:29:45.326+0000] {dagbag.py:545} INFO - Filling up the DagBag from /opt/airflow/dags/av_daily_ingest.py
[2025-08-29T10:29:45.356+0000] {processor.py:840} INFO - DAG(s) 'av_daily_ingest' retrieved from /opt/airflow/dags/av_daily_ingest.py
[2025-08-29T10:29:45.403+0000] {logging_mixin.py:188} INFO - [2025-08-29T10:29:45.403+0000] {dag.py:3096} INFO - Sync 1 DAGs
[2025-08-29T10:29:45.440+0000] {logging_mixin.py:188} INFO - [2025-08-29T10:29:45.440+0000] {dag.py:3954} INFO - Setting next_dagrun for av_daily_ingest to 2025-08-29 09:00:00+00:00, run_after=2025-08-29 10:00:00+00:00
[2025-08-29T10:29:45.471+0000] {processor.py:183} INFO - Processing /opt/airflow/dags/av_daily_ingest.py took 0.158 seconds
[2025-08-29T10:30:15.670+0000] {processor.py:161} INFO - Started process (PID=1288) to work on /opt/airflow/dags/av_daily_ingest.py
[2025-08-29T10:30:15.671+0000] {processor.py:830} INFO - Processing file /opt/airflow/dags/av_daily_ingest.py for tasks to queue
[2025-08-29T10:30:15.673+0000] {logging_mixin.py:188} INFO - [2025-08-29T10:30:15.673+0000] {dagbag.py:545} INFO - Filling up the DagBag from /opt/airflow/dags/av_daily_ingest.py
[2025-08-29T10:30:15.690+0000] {processor.py:840} INFO - DAG(s) 'av_daily_ingest' retrieved from /opt/airflow/dags/av_daily_ingest.py
[2025-08-29T10:30:15.724+0000] {logging_mixin.py:188} INFO - [2025-08-29T10:30:15.724+0000] {dag.py:3096} INFO - Sync 1 DAGs
[2025-08-29T10:30:15.745+0000] {logging_mixin.py:188} INFO - [2025-08-29T10:30:15.745+0000] {dag.py:3954} INFO - Setting next_dagrun for av_daily_ingest to 2025-08-29 09:00:00+00:00, run_after=2025-08-29 10:00:00+00:00
[2025-08-29T10:30:15.767+0000] {processor.py:183} INFO - Processing /opt/airflow/dags/av_daily_ingest.py took 0.102 seconds
[2025-08-29T10:30:45.827+0000] {processor.py:161} INFO - Started process (PID=1298) to work on /opt/airflow/dags/av_daily_ingest.py
[2025-08-29T10:30:45.828+0000] {processor.py:830} INFO - Processing file /opt/airflow/dags/av_daily_ingest.py for tasks to queue
[2025-08-29T10:30:45.830+0000] {logging_mixin.py:188} INFO - [2025-08-29T10:30:45.830+0000] {dagbag.py:545} INFO - Filling up the DagBag from /opt/airflow/dags/av_daily_ingest.py
[2025-08-29T10:30:45.862+0000] {processor.py:840} INFO - DAG(s) 'av_daily_ingest' retrieved from /opt/airflow/dags/av_daily_ingest.py
[2025-08-29T10:30:45.913+0000] {logging_mixin.py:188} INFO - [2025-08-29T10:30:45.913+0000] {dag.py:3096} INFO - Sync 1 DAGs
[2025-08-29T10:30:45.949+0000] {logging_mixin.py:188} INFO - [2025-08-29T10:30:45.949+0000] {dag.py:3954} INFO - Setting next_dagrun for av_daily_ingest to 2025-08-29 09:00:00+00:00, run_after=2025-08-29 10:00:00+00:00
[2025-08-29T10:30:45.982+0000] {processor.py:183} INFO - Processing /opt/airflow/dags/av_daily_ingest.py took 0.160 seconds
[2025-08-29T10:31:16.124+0000] {processor.py:161} INFO - Started process (PID=1308) to work on /opt/airflow/dags/av_daily_ingest.py
[2025-08-29T10:31:16.125+0000] {processor.py:830} INFO - Processing file /opt/airflow/dags/av_daily_ingest.py for tasks to queue
[2025-08-29T10:31:16.127+0000] {logging_mixin.py:188} INFO - [2025-08-29T10:31:16.127+0000] {dagbag.py:545} INFO - Filling up the DagBag from /opt/airflow/dags/av_daily_ingest.py
[2025-08-29T10:31:16.151+0000] {processor.py:840} INFO - DAG(s) 'av_daily_ingest' retrieved from /opt/airflow/dags/av_daily_ingest.py
[2025-08-29T10:31:16.206+0000] {logging_mixin.py:188} INFO - [2025-08-29T10:31:16.205+0000] {dag.py:3096} INFO - Sync 1 DAGs
[2025-08-29T10:31:16.283+0000] {logging_mixin.py:188} INFO - [2025-08-29T10:31:16.283+0000] {dag.py:3954} INFO - Setting next_dagrun for av_daily_ingest to 2025-08-29 09:00:00+00:00, run_after=2025-08-29 10:00:00+00:00
[2025-08-29T10:31:16.331+0000] {processor.py:183} INFO - Processing /opt/airflow/dags/av_daily_ingest.py took 0.213 seconds
[2025-08-29T10:31:46.677+0000] {processor.py:161} INFO - Started process (PID=1319) to work on /opt/airflow/dags/av_daily_ingest.py
[2025-08-29T10:31:46.681+0000] {processor.py:830} INFO - Processing file /opt/airflow/dags/av_daily_ingest.py for tasks to queue
[2025-08-29T10:31:46.703+0000] {logging_mixin.py:188} INFO - [2025-08-29T10:31:46.701+0000] {dagbag.py:545} INFO - Filling up the DagBag from /opt/airflow/dags/av_daily_ingest.py
[2025-08-29T10:31:46.838+0000] {processor.py:840} INFO - DAG(s) 'av_daily_ingest' retrieved from /opt/airflow/dags/av_daily_ingest.py
[2025-08-29T10:31:47.025+0000] {logging_mixin.py:188} INFO - [2025-08-29T10:31:47.024+0000] {dag.py:3096} INFO - Sync 1 DAGs
[2025-08-29T10:31:47.118+0000] {logging_mixin.py:188} INFO - [2025-08-29T10:31:47.118+0000] {dag.py:3954} INFO - Setting next_dagrun for av_daily_ingest to 2025-08-29 09:00:00+00:00, run_after=2025-08-29 10:00:00+00:00
[2025-08-29T10:31:47.175+0000] {processor.py:183} INFO - Processing /opt/airflow/dags/av_daily_ingest.py took 0.553 seconds
[2025-08-29T10:32:17.374+0000] {processor.py:161} INFO - Started process (PID=1331) to work on /opt/airflow/dags/av_daily_ingest.py
[2025-08-29T10:32:17.375+0000] {processor.py:830} INFO - Processing file /opt/airflow/dags/av_daily_ingest.py for tasks to queue
[2025-08-29T10:32:17.377+0000] {logging_mixin.py:188} INFO - [2025-08-29T10:32:17.377+0000] {dagbag.py:545} INFO - Filling up the DagBag from /opt/airflow/dags/av_daily_ingest.py
[2025-08-29T10:32:17.399+0000] {processor.py:840} INFO - DAG(s) 'av_daily_ingest' retrieved from /opt/airflow/dags/av_daily_ingest.py
[2025-08-29T10:32:17.434+0000] {logging_mixin.py:188} INFO - [2025-08-29T10:32:17.434+0000] {dag.py:3096} INFO - Sync 1 DAGs
[2025-08-29T10:32:17.510+0000] {logging_mixin.py:188} INFO - [2025-08-29T10:32:17.510+0000] {dag.py:3954} INFO - Setting next_dagrun for av_daily_ingest to 2025-08-29 09:00:00+00:00, run_after=2025-08-29 10:00:00+00:00
[2025-08-29T10:32:17.530+0000] {processor.py:183} INFO - Processing /opt/airflow/dags/av_daily_ingest.py took 0.163 seconds
[2025-08-29T10:32:47.724+0000] {processor.py:161} INFO - Started process (PID=1342) to work on /opt/airflow/dags/av_daily_ingest.py
[2025-08-29T10:32:47.725+0000] {processor.py:830} INFO - Processing file /opt/airflow/dags/av_daily_ingest.py for tasks to queue
[2025-08-29T10:32:47.727+0000] {logging_mixin.py:188} INFO - [2025-08-29T10:32:47.727+0000] {dagbag.py:545} INFO - Filling up the DagBag from /opt/airflow/dags/av_daily_ingest.py
[2025-08-29T10:32:47.745+0000] {processor.py:840} INFO - DAG(s) 'av_daily_ingest' retrieved from /opt/airflow/dags/av_daily_ingest.py
[2025-08-29T10:32:47.782+0000] {logging_mixin.py:188} INFO - [2025-08-29T10:32:47.781+0000] {dag.py:3096} INFO - Sync 1 DAGs
[2025-08-29T10:32:47.818+0000] {logging_mixin.py:188} INFO - [2025-08-29T10:32:47.817+0000] {dag.py:3954} INFO - Setting next_dagrun for av_daily_ingest to 2025-08-29 09:00:00+00:00, run_after=2025-08-29 10:00:00+00:00
[2025-08-29T10:32:47.840+0000] {processor.py:183} INFO - Processing /opt/airflow/dags/av_daily_ingest.py took 0.122 seconds
[2025-08-29T10:33:17.889+0000] {processor.py:161} INFO - Started process (PID=1353) to work on /opt/airflow/dags/av_daily_ingest.py
[2025-08-29T10:33:17.890+0000] {processor.py:830} INFO - Processing file /opt/airflow/dags/av_daily_ingest.py for tasks to queue
[2025-08-29T10:33:17.892+0000] {logging_mixin.py:188} INFO - [2025-08-29T10:33:17.892+0000] {dagbag.py:545} INFO - Filling up the DagBag from /opt/airflow/dags/av_daily_ingest.py
[2025-08-29T10:33:17.957+0000] {processor.py:840} INFO - DAG(s) 'av_daily_ingest' retrieved from /opt/airflow/dags/av_daily_ingest.py
[2025-08-29T10:33:18.050+0000] {logging_mixin.py:188} INFO - [2025-08-29T10:33:18.049+0000] {dag.py:3096} INFO - Sync 1 DAGs
[2025-08-29T10:33:18.082+0000] {logging_mixin.py:188} INFO - [2025-08-29T10:33:18.082+0000] {dag.py:3954} INFO - Setting next_dagrun for av_daily_ingest to 2025-08-29 09:00:00+00:00, run_after=2025-08-29 10:00:00+00:00
[2025-08-29T10:33:18.107+0000] {processor.py:183} INFO - Processing /opt/airflow/dags/av_daily_ingest.py took 0.225 seconds
[2025-08-29T10:33:48.205+0000] {processor.py:161} INFO - Started process (PID=1363) to work on /opt/airflow/dags/av_daily_ingest.py
[2025-08-29T10:33:48.207+0000] {processor.py:830} INFO - Processing file /opt/airflow/dags/av_daily_ingest.py for tasks to queue
[2025-08-29T10:33:48.210+0000] {logging_mixin.py:188} INFO - [2025-08-29T10:33:48.209+0000] {dagbag.py:545} INFO - Filling up the DagBag from /opt/airflow/dags/av_daily_ingest.py
[2025-08-29T10:33:48.239+0000] {processor.py:840} INFO - DAG(s) 'av_daily_ingest' retrieved from /opt/airflow/dags/av_daily_ingest.py
[2025-08-29T10:33:48.286+0000] {logging_mixin.py:188} INFO - [2025-08-29T10:33:48.286+0000] {dag.py:3096} INFO - Sync 1 DAGs
[2025-08-29T10:33:48.331+0000] {logging_mixin.py:188} INFO - [2025-08-29T10:33:48.331+0000] {dag.py:3954} INFO - Setting next_dagrun for av_daily_ingest to 2025-08-29 09:00:00+00:00, run_after=2025-08-29 10:00:00+00:00
[2025-08-29T10:33:48.367+0000] {processor.py:183} INFO - Processing /opt/airflow/dags/av_daily_ingest.py took 0.171 seconds
[2025-08-29T10:34:18.416+0000] {processor.py:161} INFO - Started process (PID=1376) to work on /opt/airflow/dags/av_daily_ingest.py
[2025-08-29T10:34:18.418+0000] {processor.py:830} INFO - Processing file /opt/airflow/dags/av_daily_ingest.py for tasks to queue
[2025-08-29T10:34:18.420+0000] {logging_mixin.py:188} INFO - [2025-08-29T10:34:18.420+0000] {dagbag.py:545} INFO - Filling up the DagBag from /opt/airflow/dags/av_daily_ingest.py
[2025-08-29T10:34:18.448+0000] {processor.py:840} INFO - DAG(s) 'av_daily_ingest' retrieved from /opt/airflow/dags/av_daily_ingest.py
[2025-08-29T10:34:18.491+0000] {logging_mixin.py:188} INFO - [2025-08-29T10:34:18.491+0000] {dag.py:3096} INFO - Sync 1 DAGs
[2025-08-29T10:34:18.541+0000] {logging_mixin.py:188} INFO - [2025-08-29T10:34:18.541+0000] {dag.py:3954} INFO - Setting next_dagrun for av_daily_ingest to 2025-08-29 09:00:00+00:00, run_after=2025-08-29 10:00:00+00:00
[2025-08-29T10:34:18.573+0000] {processor.py:183} INFO - Processing /opt/airflow/dags/av_daily_ingest.py took 0.164 seconds
[2025-08-29T10:34:49.251+0000] {processor.py:161} INFO - Started process (PID=1387) to work on /opt/airflow/dags/av_daily_ingest.py
[2025-08-29T10:34:49.252+0000] {processor.py:830} INFO - Processing file /opt/airflow/dags/av_daily_ingest.py for tasks to queue
[2025-08-29T10:34:49.255+0000] {logging_mixin.py:188} INFO - [2025-08-29T10:34:49.254+0000] {dagbag.py:545} INFO - Filling up the DagBag from /opt/airflow/dags/av_daily_ingest.py
[2025-08-29T10:34:49.277+0000] {processor.py:840} INFO - DAG(s) 'av_daily_ingest' retrieved from /opt/airflow/dags/av_daily_ingest.py
[2025-08-29T10:34:49.308+0000] {logging_mixin.py:188} INFO - [2025-08-29T10:34:49.308+0000] {dag.py:3096} INFO - Sync 1 DAGs
[2025-08-29T10:34:49.331+0000] {logging_mixin.py:188} INFO - [2025-08-29T10:34:49.330+0000] {dag.py:3954} INFO - Setting next_dagrun for av_daily_ingest to 2025-08-29 09:00:00+00:00, run_after=2025-08-29 10:00:00+00:00
[2025-08-29T10:34:49.353+0000] {processor.py:183} INFO - Processing /opt/airflow/dags/av_daily_ingest.py took 0.109 seconds
[2025-08-29T10:35:19.452+0000] {processor.py:161} INFO - Started process (PID=1398) to work on /opt/airflow/dags/av_daily_ingest.py
[2025-08-29T10:35:19.453+0000] {processor.py:830} INFO - Processing file /opt/airflow/dags/av_daily_ingest.py for tasks to queue
[2025-08-29T10:35:19.456+0000] {logging_mixin.py:188} INFO - [2025-08-29T10:35:19.456+0000] {dagbag.py:545} INFO - Filling up the DagBag from /opt/airflow/dags/av_daily_ingest.py
[2025-08-29T10:35:20.505+0000] {processor.py:840} INFO - DAG(s) 'av_daily_ingest' retrieved from /opt/airflow/dags/av_daily_ingest.py
[2025-08-29T10:35:20.905+0000] {logging_mixin.py:188} INFO - [2025-08-29T10:35:20.905+0000] {dag.py:3096} INFO - Sync 1 DAGs
[2025-08-29T10:35:20.931+0000] {logging_mixin.py:188} INFO - [2025-08-29T10:35:20.931+0000] {dag.py:3954} INFO - Setting next_dagrun for av_daily_ingest to 2025-08-29 09:00:00+00:00, run_after=2025-08-29 10:00:00+00:00
[2025-08-29T10:35:21.051+0000] {processor.py:183} INFO - Processing /opt/airflow/dags/av_daily_ingest.py took 1.605 seconds
[2025-08-29T10:35:51.270+0000] {processor.py:161} INFO - Started process (PID=1409) to work on /opt/airflow/dags/av_daily_ingest.py
[2025-08-29T10:35:51.272+0000] {processor.py:830} INFO - Processing file /opt/airflow/dags/av_daily_ingest.py for tasks to queue
[2025-08-29T10:35:51.274+0000] {logging_mixin.py:188} INFO - [2025-08-29T10:35:51.274+0000] {dagbag.py:545} INFO - Filling up the DagBag from /opt/airflow/dags/av_daily_ingest.py
[2025-08-29T10:35:51.300+0000] {processor.py:840} INFO - DAG(s) 'av_daily_ingest' retrieved from /opt/airflow/dags/av_daily_ingest.py
[2025-08-29T10:35:51.362+0000] {logging_mixin.py:188} INFO - [2025-08-29T10:35:51.361+0000] {dag.py:3096} INFO - Sync 1 DAGs
[2025-08-29T10:35:51.477+0000] {logging_mixin.py:188} INFO - [2025-08-29T10:35:51.477+0000] {dag.py:3954} INFO - Setting next_dagrun for av_daily_ingest to 2025-08-29 09:00:00+00:00, run_after=2025-08-29 10:00:00+00:00
[2025-08-29T10:35:51.506+0000] {processor.py:183} INFO - Processing /opt/airflow/dags/av_daily_ingest.py took 0.243 seconds
[2025-08-29T10:36:23.556+0000] {processor.py:161} INFO - Started process (PID=1421) to work on /opt/airflow/dags/av_daily_ingest.py
[2025-08-29T10:36:23.588+0000] {processor.py:830} INFO - Processing file /opt/airflow/dags/av_daily_ingest.py for tasks to queue
[2025-08-29T10:36:24.054+0000] {logging_mixin.py:188} INFO - [2025-08-29T10:36:23.921+0000] {dagbag.py:545} INFO - Filling up the DagBag from /opt/airflow/dags/av_daily_ingest.py
[2025-08-29T10:36:25.081+0000] {processor.py:840} INFO - DAG(s) 'av_daily_ingest' retrieved from /opt/airflow/dags/av_daily_ingest.py
[2025-08-29T10:36:26.522+0000] {logging_mixin.py:188} INFO - [2025-08-29T10:36:26.520+0000] {dag.py:3096} INFO - Sync 1 DAGs
[2025-08-29T10:36:27.176+0000] {logging_mixin.py:188} INFO - [2025-08-29T10:36:27.176+0000] {dag.py:3954} INFO - Setting next_dagrun for av_daily_ingest to 2025-08-29 09:00:00+00:00, run_after=2025-08-29 10:00:00+00:00
[2025-08-29T10:36:27.585+0000] {processor.py:183} INFO - Processing /opt/airflow/dags/av_daily_ingest.py took 4.450 seconds
[2025-08-29T10:36:57.877+0000] {processor.py:161} INFO - Started process (PID=1432) to work on /opt/airflow/dags/av_daily_ingest.py
[2025-08-29T10:36:57.880+0000] {processor.py:830} INFO - Processing file /opt/airflow/dags/av_daily_ingest.py for tasks to queue
[2025-08-29T10:36:57.886+0000] {logging_mixin.py:188} INFO - [2025-08-29T10:36:57.885+0000] {dagbag.py:545} INFO - Filling up the DagBag from /opt/airflow/dags/av_daily_ingest.py
[2025-08-29T10:36:57.917+0000] {processor.py:840} INFO - DAG(s) 'av_daily_ingest' retrieved from /opt/airflow/dags/av_daily_ingest.py
[2025-08-29T10:36:57.978+0000] {logging_mixin.py:188} INFO - [2025-08-29T10:36:57.977+0000] {dag.py:3096} INFO - Sync 1 DAGs
[2025-08-29T10:36:58.023+0000] {logging_mixin.py:188} INFO - [2025-08-29T10:36:58.023+0000] {dag.py:3954} INFO - Setting next_dagrun for av_daily_ingest to 2025-08-29 09:00:00+00:00, run_after=2025-08-29 10:00:00+00:00
[2025-08-29T10:36:58.088+0000] {processor.py:183} INFO - Processing /opt/airflow/dags/av_daily_ingest.py took 0.225 seconds
[2025-08-29T10:37:28.266+0000] {processor.py:161} INFO - Started process (PID=1443) to work on /opt/airflow/dags/av_daily_ingest.py
[2025-08-29T10:37:28.272+0000] {processor.py:830} INFO - Processing file /opt/airflow/dags/av_daily_ingest.py for tasks to queue
[2025-08-29T10:37:28.275+0000] {logging_mixin.py:188} INFO - [2025-08-29T10:37:28.274+0000] {dagbag.py:545} INFO - Filling up the DagBag from /opt/airflow/dags/av_daily_ingest.py
[2025-08-29T10:37:28.332+0000] {processor.py:840} INFO - DAG(s) 'av_daily_ingest' retrieved from /opt/airflow/dags/av_daily_ingest.py
[2025-08-29T10:37:28.402+0000] {logging_mixin.py:188} INFO - [2025-08-29T10:37:28.401+0000] {dag.py:3096} INFO - Sync 1 DAGs
[2025-08-29T10:37:28.446+0000] {logging_mixin.py:188} INFO - [2025-08-29T10:37:28.445+0000] {dag.py:3954} INFO - Setting next_dagrun for av_daily_ingest to 2025-08-29 09:00:00+00:00, run_after=2025-08-29 10:00:00+00:00
[2025-08-29T10:37:28.475+0000] {processor.py:183} INFO - Processing /opt/airflow/dags/av_daily_ingest.py took 0.219 seconds
[2025-08-29T10:37:58.660+0000] {processor.py:161} INFO - Started process (PID=1454) to work on /opt/airflow/dags/av_daily_ingest.py
[2025-08-29T10:37:58.662+0000] {processor.py:830} INFO - Processing file /opt/airflow/dags/av_daily_ingest.py for tasks to queue
[2025-08-29T10:37:58.664+0000] {logging_mixin.py:188} INFO - [2025-08-29T10:37:58.664+0000] {dagbag.py:545} INFO - Filling up the DagBag from /opt/airflow/dags/av_daily_ingest.py
[2025-08-29T10:37:58.696+0000] {processor.py:840} INFO - DAG(s) 'av_daily_ingest' retrieved from /opt/airflow/dags/av_daily_ingest.py
[2025-08-29T10:37:58.763+0000] {logging_mixin.py:188} INFO - [2025-08-29T10:37:58.762+0000] {dag.py:3096} INFO - Sync 1 DAGs
[2025-08-29T10:37:58.803+0000] {logging_mixin.py:188} INFO - [2025-08-29T10:37:58.803+0000] {dag.py:3954} INFO - Setting next_dagrun for av_daily_ingest to 2025-08-29 09:00:00+00:00, run_after=2025-08-29 10:00:00+00:00
[2025-08-29T10:37:58.832+0000] {processor.py:183} INFO - Processing /opt/airflow/dags/av_daily_ingest.py took 0.178 seconds
[2025-08-29T10:38:28.997+0000] {processor.py:161} INFO - Started process (PID=1465) to work on /opt/airflow/dags/av_daily_ingest.py
[2025-08-29T10:38:28.998+0000] {processor.py:830} INFO - Processing file /opt/airflow/dags/av_daily_ingest.py for tasks to queue
[2025-08-29T10:38:29.000+0000] {logging_mixin.py:188} INFO - [2025-08-29T10:38:29.000+0000] {dagbag.py:545} INFO - Filling up the DagBag from /opt/airflow/dags/av_daily_ingest.py
[2025-08-29T10:38:29.021+0000] {processor.py:840} INFO - DAG(s) 'av_daily_ingest' retrieved from /opt/airflow/dags/av_daily_ingest.py
[2025-08-29T10:38:29.052+0000] {logging_mixin.py:188} INFO - [2025-08-29T10:38:29.052+0000] {dag.py:3096} INFO - Sync 1 DAGs
[2025-08-29T10:38:29.077+0000] {logging_mixin.py:188} INFO - [2025-08-29T10:38:29.076+0000] {dag.py:3954} INFO - Setting next_dagrun for av_daily_ingest to 2025-08-29 09:00:00+00:00, run_after=2025-08-29 10:00:00+00:00
[2025-08-29T10:38:29.101+0000] {processor.py:183} INFO - Processing /opt/airflow/dags/av_daily_ingest.py took 0.109 seconds
[2025-08-29T10:38:59.174+0000] {processor.py:161} INFO - Started process (PID=1477) to work on /opt/airflow/dags/av_daily_ingest.py
[2025-08-29T10:38:59.175+0000] {processor.py:830} INFO - Processing file /opt/airflow/dags/av_daily_ingest.py for tasks to queue
[2025-08-29T10:38:59.177+0000] {logging_mixin.py:188} INFO - [2025-08-29T10:38:59.177+0000] {dagbag.py:545} INFO - Filling up the DagBag from /opt/airflow/dags/av_daily_ingest.py
[2025-08-29T10:38:59.201+0000] {processor.py:840} INFO - DAG(s) 'av_daily_ingest' retrieved from /opt/airflow/dags/av_daily_ingest.py
[2025-08-29T10:38:59.230+0000] {logging_mixin.py:188} INFO - [2025-08-29T10:38:59.230+0000] {dag.py:3096} INFO - Sync 1 DAGs
[2025-08-29T10:38:59.253+0000] {logging_mixin.py:188} INFO - [2025-08-29T10:38:59.252+0000] {dag.py:3954} INFO - Setting next_dagrun for av_daily_ingest to 2025-08-29 09:00:00+00:00, run_after=2025-08-29 10:00:00+00:00
[2025-08-29T10:38:59.277+0000] {processor.py:183} INFO - Processing /opt/airflow/dags/av_daily_ingest.py took 0.108 seconds
[2025-08-29T10:39:29.528+0000] {processor.py:161} INFO - Started process (PID=1488) to work on /opt/airflow/dags/av_daily_ingest.py
[2025-08-29T10:39:29.529+0000] {processor.py:830} INFO - Processing file /opt/airflow/dags/av_daily_ingest.py for tasks to queue
[2025-08-29T10:39:29.532+0000] {logging_mixin.py:188} INFO - [2025-08-29T10:39:29.532+0000] {dagbag.py:545} INFO - Filling up the DagBag from /opt/airflow/dags/av_daily_ingest.py
[2025-08-29T10:39:29.552+0000] {processor.py:840} INFO - DAG(s) 'av_daily_ingest' retrieved from /opt/airflow/dags/av_daily_ingest.py
[2025-08-29T10:39:29.595+0000] {logging_mixin.py:188} INFO - [2025-08-29T10:39:29.595+0000] {dag.py:3096} INFO - Sync 1 DAGs
[2025-08-29T10:39:29.689+0000] {logging_mixin.py:188} INFO - [2025-08-29T10:39:29.689+0000] {dag.py:3954} INFO - Setting next_dagrun for av_daily_ingest to 2025-08-29 09:00:00+00:00, run_after=2025-08-29 10:00:00+00:00
[2025-08-29T10:39:29.721+0000] {processor.py:183} INFO - Processing /opt/airflow/dags/av_daily_ingest.py took 0.199 seconds
[2025-08-29T10:40:00.317+0000] {processor.py:161} INFO - Started process (PID=1499) to work on /opt/airflow/dags/av_daily_ingest.py
[2025-08-29T10:40:00.319+0000] {processor.py:830} INFO - Processing file /opt/airflow/dags/av_daily_ingest.py for tasks to queue
[2025-08-29T10:40:00.342+0000] {logging_mixin.py:188} INFO - [2025-08-29T10:40:00.336+0000] {dagbag.py:545} INFO - Filling up the DagBag from /opt/airflow/dags/av_daily_ingest.py
[2025-08-29T10:40:00.515+0000] {processor.py:840} INFO - DAG(s) 'av_daily_ingest' retrieved from /opt/airflow/dags/av_daily_ingest.py
[2025-08-29T10:40:00.699+0000] {logging_mixin.py:188} INFO - [2025-08-29T10:40:00.698+0000] {dag.py:3096} INFO - Sync 1 DAGs
[2025-08-29T10:40:00.818+0000] {logging_mixin.py:188} INFO - [2025-08-29T10:40:00.818+0000] {dag.py:3954} INFO - Setting next_dagrun for av_daily_ingest to 2025-08-29 09:00:00+00:00, run_after=2025-08-29 10:00:00+00:00
[2025-08-29T10:40:00.880+0000] {processor.py:183} INFO - Processing /opt/airflow/dags/av_daily_ingest.py took 0.647 seconds
[2025-08-29T10:40:31.113+0000] {processor.py:161} INFO - Started process (PID=1510) to work on /opt/airflow/dags/av_daily_ingest.py
[2025-08-29T10:40:31.116+0000] {processor.py:830} INFO - Processing file /opt/airflow/dags/av_daily_ingest.py for tasks to queue
[2025-08-29T10:40:31.118+0000] {logging_mixin.py:188} INFO - [2025-08-29T10:40:31.118+0000] {dagbag.py:545} INFO - Filling up the DagBag from /opt/airflow/dags/av_daily_ingest.py
[2025-08-29T10:40:31.148+0000] {processor.py:840} INFO - DAG(s) 'av_daily_ingest' retrieved from /opt/airflow/dags/av_daily_ingest.py
[2025-08-29T10:40:31.197+0000] {logging_mixin.py:188} INFO - [2025-08-29T10:40:31.197+0000] {dag.py:3096} INFO - Sync 1 DAGs
[2025-08-29T10:40:31.230+0000] {logging_mixin.py:188} INFO - [2025-08-29T10:40:31.229+0000] {dag.py:3954} INFO - Setting next_dagrun for av_daily_ingest to 2025-08-29 09:00:00+00:00, run_after=2025-08-29 10:00:00+00:00
[2025-08-29T10:40:31.253+0000] {processor.py:183} INFO - Processing /opt/airflow/dags/av_daily_ingest.py took 0.152 seconds
[2025-08-29T10:41:01.452+0000] {processor.py:161} INFO - Started process (PID=1521) to work on /opt/airflow/dags/av_daily_ingest.py
[2025-08-29T10:41:01.453+0000] {processor.py:830} INFO - Processing file /opt/airflow/dags/av_daily_ingest.py for tasks to queue
[2025-08-29T10:41:01.456+0000] {logging_mixin.py:188} INFO - [2025-08-29T10:41:01.455+0000] {dagbag.py:545} INFO - Filling up the DagBag from /opt/airflow/dags/av_daily_ingest.py
[2025-08-29T10:41:01.476+0000] {processor.py:840} INFO - DAG(s) 'av_daily_ingest' retrieved from /opt/airflow/dags/av_daily_ingest.py
[2025-08-29T10:41:01.517+0000] {logging_mixin.py:188} INFO - [2025-08-29T10:41:01.517+0000] {dag.py:3096} INFO - Sync 1 DAGs
[2025-08-29T10:41:01.868+0000] {logging_mixin.py:188} INFO - [2025-08-29T10:41:01.867+0000] {dag.py:3954} INFO - Setting next_dagrun for av_daily_ingest to 2025-08-29 09:00:00+00:00, run_after=2025-08-29 10:00:00+00:00
[2025-08-29T10:41:01.899+0000] {processor.py:183} INFO - Processing /opt/airflow/dags/av_daily_ingest.py took 0.453 seconds
[2025-08-29T10:41:32.178+0000] {processor.py:161} INFO - Started process (PID=1532) to work on /opt/airflow/dags/av_daily_ingest.py
[2025-08-29T10:41:32.183+0000] {processor.py:830} INFO - Processing file /opt/airflow/dags/av_daily_ingest.py for tasks to queue
[2025-08-29T10:41:32.188+0000] {logging_mixin.py:188} INFO - [2025-08-29T10:41:32.188+0000] {dagbag.py:545} INFO - Filling up the DagBag from /opt/airflow/dags/av_daily_ingest.py
[2025-08-29T10:41:32.221+0000] {processor.py:840} INFO - DAG(s) 'av_daily_ingest' retrieved from /opt/airflow/dags/av_daily_ingest.py
[2025-08-29T10:41:32.301+0000] {logging_mixin.py:188} INFO - [2025-08-29T10:41:32.300+0000] {dag.py:3096} INFO - Sync 1 DAGs
[2025-08-29T10:41:32.512+0000] {logging_mixin.py:188} INFO - [2025-08-29T10:41:32.512+0000] {dag.py:3954} INFO - Setting next_dagrun for av_daily_ingest to 2025-08-29 09:00:00+00:00, run_after=2025-08-29 10:00:00+00:00
[2025-08-29T10:41:32.591+0000] {processor.py:183} INFO - Processing /opt/airflow/dags/av_daily_ingest.py took 0.421 seconds
[2025-08-29T10:42:02.825+0000] {processor.py:161} INFO - Started process (PID=1544) to work on /opt/airflow/dags/av_daily_ingest.py
[2025-08-29T10:42:02.826+0000] {processor.py:830} INFO - Processing file /opt/airflow/dags/av_daily_ingest.py for tasks to queue
[2025-08-29T10:42:02.828+0000] {logging_mixin.py:188} INFO - [2025-08-29T10:42:02.828+0000] {dagbag.py:545} INFO - Filling up the DagBag from /opt/airflow/dags/av_daily_ingest.py
[2025-08-29T10:42:02.851+0000] {processor.py:840} INFO - DAG(s) 'av_daily_ingest' retrieved from /opt/airflow/dags/av_daily_ingest.py
[2025-08-29T10:42:02.888+0000] {logging_mixin.py:188} INFO - [2025-08-29T10:42:02.888+0000] {dag.py:3096} INFO - Sync 1 DAGs
[2025-08-29T10:42:02.916+0000] {logging_mixin.py:188} INFO - [2025-08-29T10:42:02.915+0000] {dag.py:3954} INFO - Setting next_dagrun for av_daily_ingest to 2025-08-29 09:00:00+00:00, run_after=2025-08-29 10:00:00+00:00
[2025-08-29T10:42:02.941+0000] {processor.py:183} INFO - Processing /opt/airflow/dags/av_daily_ingest.py took 0.122 seconds
[2025-08-29T10:42:33.002+0000] {processor.py:161} INFO - Started process (PID=1555) to work on /opt/airflow/dags/av_daily_ingest.py
[2025-08-29T10:42:33.003+0000] {processor.py:830} INFO - Processing file /opt/airflow/dags/av_daily_ingest.py for tasks to queue
[2025-08-29T10:42:33.005+0000] {logging_mixin.py:188} INFO - [2025-08-29T10:42:33.004+0000] {dagbag.py:545} INFO - Filling up the DagBag from /opt/airflow/dags/av_daily_ingest.py
[2025-08-29T10:42:33.025+0000] {processor.py:840} INFO - DAG(s) 'av_daily_ingest' retrieved from /opt/airflow/dags/av_daily_ingest.py
[2025-08-29T10:42:33.057+0000] {logging_mixin.py:188} INFO - [2025-08-29T10:42:33.056+0000] {dag.py:3096} INFO - Sync 1 DAGs
[2025-08-29T10:42:33.080+0000] {logging_mixin.py:188} INFO - [2025-08-29T10:42:33.079+0000] {dag.py:3954} INFO - Setting next_dagrun for av_daily_ingest to 2025-08-29 09:00:00+00:00, run_after=2025-08-29 10:00:00+00:00
[2025-08-29T10:42:33.098+0000] {processor.py:183} INFO - Processing /opt/airflow/dags/av_daily_ingest.py took 0.104 seconds
[2025-08-29T10:43:03.293+0000] {processor.py:161} INFO - Started process (PID=1566) to work on /opt/airflow/dags/av_daily_ingest.py
[2025-08-29T10:43:03.295+0000] {processor.py:830} INFO - Processing file /opt/airflow/dags/av_daily_ingest.py for tasks to queue
[2025-08-29T10:43:03.297+0000] {logging_mixin.py:188} INFO - [2025-08-29T10:43:03.296+0000] {dagbag.py:545} INFO - Filling up the DagBag from /opt/airflow/dags/av_daily_ingest.py
[2025-08-29T10:43:03.318+0000] {processor.py:840} INFO - DAG(s) 'av_daily_ingest' retrieved from /opt/airflow/dags/av_daily_ingest.py
[2025-08-29T10:43:03.356+0000] {logging_mixin.py:188} INFO - [2025-08-29T10:43:03.356+0000] {dag.py:3096} INFO - Sync 1 DAGs
[2025-08-29T10:43:03.380+0000] {logging_mixin.py:188} INFO - [2025-08-29T10:43:03.379+0000] {dag.py:3954} INFO - Setting next_dagrun for av_daily_ingest to 2025-08-29 09:00:00+00:00, run_after=2025-08-29 10:00:00+00:00
[2025-08-29T10:43:03.404+0000] {processor.py:183} INFO - Processing /opt/airflow/dags/av_daily_ingest.py took 0.117 seconds
[2025-08-29T10:43:33.476+0000] {processor.py:161} INFO - Started process (PID=1577) to work on /opt/airflow/dags/av_daily_ingest.py
[2025-08-29T10:43:33.477+0000] {processor.py:830} INFO - Processing file /opt/airflow/dags/av_daily_ingest.py for tasks to queue
[2025-08-29T10:43:33.479+0000] {logging_mixin.py:188} INFO - [2025-08-29T10:43:33.479+0000] {dagbag.py:545} INFO - Filling up the DagBag from /opt/airflow/dags/av_daily_ingest.py
[2025-08-29T10:43:33.500+0000] {processor.py:840} INFO - DAG(s) 'av_daily_ingest' retrieved from /opt/airflow/dags/av_daily_ingest.py
[2025-08-29T10:43:33.528+0000] {logging_mixin.py:188} INFO - [2025-08-29T10:43:33.527+0000] {dag.py:3096} INFO - Sync 1 DAGs
[2025-08-29T10:43:33.550+0000] {logging_mixin.py:188} INFO - [2025-08-29T10:43:33.550+0000] {dag.py:3954} INFO - Setting next_dagrun for av_daily_ingest to 2025-08-29 09:00:00+00:00, run_after=2025-08-29 10:00:00+00:00
[2025-08-29T10:43:33.572+0000] {processor.py:183} INFO - Processing /opt/airflow/dags/av_daily_ingest.py took 0.101 seconds
[2025-08-29T10:44:03.747+0000] {processor.py:161} INFO - Started process (PID=1588) to work on /opt/airflow/dags/av_daily_ingest.py
[2025-08-29T10:44:03.748+0000] {processor.py:830} INFO - Processing file /opt/airflow/dags/av_daily_ingest.py for tasks to queue
[2025-08-29T10:44:03.750+0000] {logging_mixin.py:188} INFO - [2025-08-29T10:44:03.750+0000] {dagbag.py:545} INFO - Filling up the DagBag from /opt/airflow/dags/av_daily_ingest.py
[2025-08-29T10:44:03.770+0000] {processor.py:840} INFO - DAG(s) 'av_daily_ingest' retrieved from /opt/airflow/dags/av_daily_ingest.py
[2025-08-29T10:44:03.801+0000] {logging_mixin.py:188} INFO - [2025-08-29T10:44:03.801+0000] {dag.py:3096} INFO - Sync 1 DAGs
[2025-08-29T10:44:03.822+0000] {logging_mixin.py:188} INFO - [2025-08-29T10:44:03.822+0000] {dag.py:3954} INFO - Setting next_dagrun for av_daily_ingest to 2025-08-29 09:00:00+00:00, run_after=2025-08-29 10:00:00+00:00
[2025-08-29T10:44:03.843+0000] {processor.py:183} INFO - Processing /opt/airflow/dags/av_daily_ingest.py took 0.102 seconds
[2025-08-29T10:44:33.955+0000] {processor.py:161} INFO - Started process (PID=1599) to work on /opt/airflow/dags/av_daily_ingest.py
[2025-08-29T10:44:33.956+0000] {processor.py:830} INFO - Processing file /opt/airflow/dags/av_daily_ingest.py for tasks to queue
[2025-08-29T10:44:33.959+0000] {logging_mixin.py:188} INFO - [2025-08-29T10:44:33.958+0000] {dagbag.py:545} INFO - Filling up the DagBag from /opt/airflow/dags/av_daily_ingest.py
[2025-08-29T10:44:33.978+0000] {processor.py:840} INFO - DAG(s) 'av_daily_ingest' retrieved from /opt/airflow/dags/av_daily_ingest.py
[2025-08-29T10:44:34.011+0000] {logging_mixin.py:188} INFO - [2025-08-29T10:44:34.011+0000] {dag.py:3096} INFO - Sync 1 DAGs
[2025-08-29T10:44:34.032+0000] {logging_mixin.py:188} INFO - [2025-08-29T10:44:34.032+0000] {dag.py:3954} INFO - Setting next_dagrun for av_daily_ingest to 2025-08-29 09:00:00+00:00, run_after=2025-08-29 10:00:00+00:00
[2025-08-29T10:44:34.054+0000] {processor.py:183} INFO - Processing /opt/airflow/dags/av_daily_ingest.py took 0.104 seconds
[2025-08-29T10:45:04.185+0000] {processor.py:161} INFO - Started process (PID=1610) to work on /opt/airflow/dags/av_daily_ingest.py
[2025-08-29T10:45:04.189+0000] {processor.py:830} INFO - Processing file /opt/airflow/dags/av_daily_ingest.py for tasks to queue
[2025-08-29T10:45:04.192+0000] {logging_mixin.py:188} INFO - [2025-08-29T10:45:04.192+0000] {dagbag.py:545} INFO - Filling up the DagBag from /opt/airflow/dags/av_daily_ingest.py
[2025-08-29T10:45:04.212+0000] {processor.py:840} INFO - DAG(s) 'av_daily_ingest' retrieved from /opt/airflow/dags/av_daily_ingest.py
[2025-08-29T10:45:04.249+0000] {logging_mixin.py:188} INFO - [2025-08-29T10:45:04.249+0000] {dag.py:3096} INFO - Sync 1 DAGs
[2025-08-29T10:45:04.279+0000] {logging_mixin.py:188} INFO - [2025-08-29T10:45:04.279+0000] {dag.py:3954} INFO - Setting next_dagrun for av_daily_ingest to 2025-08-29 09:00:00+00:00, run_after=2025-08-29 10:00:00+00:00
[2025-08-29T10:45:04.422+0000] {processor.py:183} INFO - Processing /opt/airflow/dags/av_daily_ingest.py took 0.243 seconds
[2025-08-29T10:45:34.637+0000] {processor.py:161} INFO - Started process (PID=1621) to work on /opt/airflow/dags/av_daily_ingest.py
[2025-08-29T10:45:34.638+0000] {processor.py:830} INFO - Processing file /opt/airflow/dags/av_daily_ingest.py for tasks to queue
[2025-08-29T10:45:34.641+0000] {logging_mixin.py:188} INFO - [2025-08-29T10:45:34.640+0000] {dagbag.py:545} INFO - Filling up the DagBag from /opt/airflow/dags/av_daily_ingest.py
[2025-08-29T10:45:34.660+0000] {processor.py:840} INFO - DAG(s) 'av_daily_ingest' retrieved from /opt/airflow/dags/av_daily_ingest.py
[2025-08-29T10:45:34.691+0000] {logging_mixin.py:188} INFO - [2025-08-29T10:45:34.690+0000] {dag.py:3096} INFO - Sync 1 DAGs
[2025-08-29T10:45:34.713+0000] {logging_mixin.py:188} INFO - [2025-08-29T10:45:34.713+0000] {dag.py:3954} INFO - Setting next_dagrun for av_daily_ingest to 2025-08-29 09:00:00+00:00, run_after=2025-08-29 10:00:00+00:00
[2025-08-29T10:45:34.737+0000] {processor.py:183} INFO - Processing /opt/airflow/dags/av_daily_ingest.py took 0.106 seconds
[2025-08-29T10:46:04.812+0000] {processor.py:161} INFO - Started process (PID=1632) to work on /opt/airflow/dags/av_daily_ingest.py
[2025-08-29T10:46:04.813+0000] {processor.py:830} INFO - Processing file /opt/airflow/dags/av_daily_ingest.py for tasks to queue
[2025-08-29T10:46:04.815+0000] {logging_mixin.py:188} INFO - [2025-08-29T10:46:04.815+0000] {dagbag.py:545} INFO - Filling up the DagBag from /opt/airflow/dags/av_daily_ingest.py
[2025-08-29T10:46:04.831+0000] {processor.py:840} INFO - DAG(s) 'av_daily_ingest' retrieved from /opt/airflow/dags/av_daily_ingest.py
[2025-08-29T10:46:04.920+0000] {logging_mixin.py:188} INFO - [2025-08-29T10:46:04.919+0000] {dag.py:3096} INFO - Sync 1 DAGs
[2025-08-29T10:46:04.991+0000] {logging_mixin.py:188} INFO - [2025-08-29T10:46:04.991+0000] {dag.py:3954} INFO - Setting next_dagrun for av_daily_ingest to 2025-08-29 09:00:00+00:00, run_after=2025-08-29 10:00:00+00:00
[2025-08-29T10:46:05.040+0000] {processor.py:183} INFO - Processing /opt/airflow/dags/av_daily_ingest.py took 0.234 seconds
[2025-08-29T10:46:35.130+0000] {processor.py:161} INFO - Started process (PID=1643) to work on /opt/airflow/dags/av_daily_ingest.py
[2025-08-29T10:46:35.131+0000] {processor.py:830} INFO - Processing file /opt/airflow/dags/av_daily_ingest.py for tasks to queue
[2025-08-29T10:46:35.134+0000] {logging_mixin.py:188} INFO - [2025-08-29T10:46:35.134+0000] {dagbag.py:545} INFO - Filling up the DagBag from /opt/airflow/dags/av_daily_ingest.py
[2025-08-29T10:46:35.164+0000] {processor.py:840} INFO - DAG(s) 'av_daily_ingest' retrieved from /opt/airflow/dags/av_daily_ingest.py
[2025-08-29T10:46:35.222+0000] {logging_mixin.py:188} INFO - [2025-08-29T10:46:35.221+0000] {dag.py:3096} INFO - Sync 1 DAGs
[2025-08-29T10:46:35.257+0000] {logging_mixin.py:188} INFO - [2025-08-29T10:46:35.257+0000] {dag.py:3954} INFO - Setting next_dagrun for av_daily_ingest to 2025-08-29 09:00:00+00:00, run_after=2025-08-29 10:00:00+00:00
[2025-08-29T10:46:35.300+0000] {processor.py:183} INFO - Processing /opt/airflow/dags/av_daily_ingest.py took 0.176 seconds
[2025-08-29T10:47:05.446+0000] {processor.py:161} INFO - Started process (PID=1654) to work on /opt/airflow/dags/av_daily_ingest.py
[2025-08-29T10:47:05.448+0000] {processor.py:830} INFO - Processing file /opt/airflow/dags/av_daily_ingest.py for tasks to queue
[2025-08-29T10:47:05.455+0000] {logging_mixin.py:188} INFO - [2025-08-29T10:47:05.455+0000] {dagbag.py:545} INFO - Filling up the DagBag from /opt/airflow/dags/av_daily_ingest.py
[2025-08-29T10:47:05.489+0000] {processor.py:840} INFO - DAG(s) 'av_daily_ingest' retrieved from /opt/airflow/dags/av_daily_ingest.py
[2025-08-29T10:47:05.549+0000] {logging_mixin.py:188} INFO - [2025-08-29T10:47:05.548+0000] {dag.py:3096} INFO - Sync 1 DAGs
[2025-08-29T10:47:05.595+0000] {logging_mixin.py:188} INFO - [2025-08-29T10:47:05.594+0000] {dag.py:3954} INFO - Setting next_dagrun for av_daily_ingest to 2025-08-29 09:00:00+00:00, run_after=2025-08-29 10:00:00+00:00
[2025-08-29T10:47:05.625+0000] {processor.py:183} INFO - Processing /opt/airflow/dags/av_daily_ingest.py took 0.195 seconds
[2025-08-29T10:47:35.785+0000] {processor.py:161} INFO - Started process (PID=1666) to work on /opt/airflow/dags/av_daily_ingest.py
[2025-08-29T10:47:35.788+0000] {processor.py:830} INFO - Processing file /opt/airflow/dags/av_daily_ingest.py for tasks to queue
[2025-08-29T10:47:35.793+0000] {logging_mixin.py:188} INFO - [2025-08-29T10:47:35.792+0000] {dagbag.py:545} INFO - Filling up the DagBag from /opt/airflow/dags/av_daily_ingest.py
[2025-08-29T10:47:35.836+0000] {processor.py:840} INFO - DAG(s) 'av_daily_ingest' retrieved from /opt/airflow/dags/av_daily_ingest.py
[2025-08-29T10:47:35.890+0000] {logging_mixin.py:188} INFO - [2025-08-29T10:47:35.890+0000] {dag.py:3096} INFO - Sync 1 DAGs
[2025-08-29T10:47:35.928+0000] {logging_mixin.py:188} INFO - [2025-08-29T10:47:35.928+0000] {dag.py:3954} INFO - Setting next_dagrun for av_daily_ingest to 2025-08-29 09:00:00+00:00, run_after=2025-08-29 10:00:00+00:00
[2025-08-29T10:47:35.998+0000] {processor.py:183} INFO - Processing /opt/airflow/dags/av_daily_ingest.py took 0.229 seconds
[2025-08-29T10:48:06.209+0000] {processor.py:161} INFO - Started process (PID=1677) to work on /opt/airflow/dags/av_daily_ingest.py
[2025-08-29T10:48:06.211+0000] {processor.py:830} INFO - Processing file /opt/airflow/dags/av_daily_ingest.py for tasks to queue
[2025-08-29T10:48:06.218+0000] {logging_mixin.py:188} INFO - [2025-08-29T10:48:06.216+0000] {dagbag.py:545} INFO - Filling up the DagBag from /opt/airflow/dags/av_daily_ingest.py
[2025-08-29T10:48:06.267+0000] {processor.py:840} INFO - DAG(s) 'av_daily_ingest' retrieved from /opt/airflow/dags/av_daily_ingest.py
[2025-08-29T10:48:06.320+0000] {logging_mixin.py:188} INFO - [2025-08-29T10:48:06.320+0000] {dag.py:3096} INFO - Sync 1 DAGs
[2025-08-29T10:48:06.380+0000] {logging_mixin.py:188} INFO - [2025-08-29T10:48:06.379+0000] {dag.py:3954} INFO - Setting next_dagrun for av_daily_ingest to 2025-08-29 09:00:00+00:00, run_after=2025-08-29 10:00:00+00:00
[2025-08-29T10:48:06.417+0000] {processor.py:183} INFO - Processing /opt/airflow/dags/av_daily_ingest.py took 0.219 seconds
[2025-08-29T10:48:39.333+0000] {processor.py:161} INFO - Started process (PID=1688) to work on /opt/airflow/dags/av_daily_ingest.py
[2025-08-29T10:48:39.347+0000] {processor.py:830} INFO - Processing file /opt/airflow/dags/av_daily_ingest.py for tasks to queue
[2025-08-29T10:48:39.487+0000] {logging_mixin.py:188} INFO - [2025-08-29T10:48:39.455+0000] {dagbag.py:545} INFO - Filling up the DagBag from /opt/airflow/dags/av_daily_ingest.py
[2025-08-29T10:48:44.058+0000] {processor.py:840} INFO - DAG(s) 'av_daily_ingest' retrieved from /opt/airflow/dags/av_daily_ingest.py
[2025-08-29T10:48:45.840+0000] {logging_mixin.py:188} INFO - [2025-08-29T10:48:45.839+0000] {dag.py:3096} INFO - Sync 1 DAGs
[2025-08-29T10:48:46.109+0000] {logging_mixin.py:188} INFO - [2025-08-29T10:48:46.108+0000] {dag.py:3954} INFO - Setting next_dagrun for av_daily_ingest to 2025-08-29 09:00:00+00:00, run_after=2025-08-29 10:00:00+00:00
[2025-08-29T10:48:46.262+0000] {processor.py:183} INFO - Processing /opt/airflow/dags/av_daily_ingest.py took 7.993 seconds
[2025-08-29T10:49:20.883+0000] {processor.py:161} INFO - Started process (PID=1699) to work on /opt/airflow/dags/av_daily_ingest.py
[2025-08-29T10:49:20.894+0000] {processor.py:830} INFO - Processing file /opt/airflow/dags/av_daily_ingest.py for tasks to queue
[2025-08-29T10:49:20.967+0000] {logging_mixin.py:188} INFO - [2025-08-29T10:49:20.949+0000] {dagbag.py:545} INFO - Filling up the DagBag from /opt/airflow/dags/av_daily_ingest.py
[2025-08-29T10:49:21.432+0000] {processor.py:840} INFO - DAG(s) 'av_daily_ingest' retrieved from /opt/airflow/dags/av_daily_ingest.py
[2025-08-29T10:49:23.952+0000] {logging_mixin.py:188} INFO - [2025-08-29T10:49:23.944+0000] {dag.py:3096} INFO - Sync 1 DAGs
[2025-08-29T10:49:28.030+0000] {logging_mixin.py:188} INFO - [2025-08-29T10:49:28.029+0000] {dag.py:3954} INFO - Setting next_dagrun for av_daily_ingest to 2025-08-29 09:00:00+00:00, run_after=2025-08-29 10:00:00+00:00
[2025-08-29T10:49:28.148+0000] {processor.py:183} INFO - Processing /opt/airflow/dags/av_daily_ingest.py took 7.439 seconds
[2025-08-29T10:49:58.731+0000] {processor.py:161} INFO - Started process (PID=1711) to work on /opt/airflow/dags/av_daily_ingest.py
[2025-08-29T10:49:58.736+0000] {processor.py:830} INFO - Processing file /opt/airflow/dags/av_daily_ingest.py for tasks to queue
[2025-08-29T10:49:58.763+0000] {logging_mixin.py:188} INFO - [2025-08-29T10:49:58.758+0000] {dagbag.py:545} INFO - Filling up the DagBag from /opt/airflow/dags/av_daily_ingest.py
[2025-08-29T10:49:58.927+0000] {processor.py:840} INFO - DAG(s) 'av_daily_ingest' retrieved from /opt/airflow/dags/av_daily_ingest.py
[2025-08-29T10:49:59.164+0000] {logging_mixin.py:188} INFO - [2025-08-29T10:49:59.164+0000] {dag.py:3096} INFO - Sync 1 DAGs
[2025-08-29T10:49:59.273+0000] {logging_mixin.py:188} INFO - [2025-08-29T10:49:59.272+0000] {dag.py:3954} INFO - Setting next_dagrun for av_daily_ingest to 2025-08-29 09:00:00+00:00, run_after=2025-08-29 10:00:00+00:00
[2025-08-29T10:49:59.386+0000] {processor.py:183} INFO - Processing /opt/airflow/dags/av_daily_ingest.py took 0.739 seconds
[2025-08-29T10:50:29.746+0000] {processor.py:161} INFO - Started process (PID=1722) to work on /opt/airflow/dags/av_daily_ingest.py
[2025-08-29T10:50:29.747+0000] {processor.py:830} INFO - Processing file /opt/airflow/dags/av_daily_ingest.py for tasks to queue
[2025-08-29T10:50:29.750+0000] {logging_mixin.py:188} INFO - [2025-08-29T10:50:29.749+0000] {dagbag.py:545} INFO - Filling up the DagBag from /opt/airflow/dags/av_daily_ingest.py
[2025-08-29T10:50:29.772+0000] {processor.py:840} INFO - DAG(s) 'av_daily_ingest' retrieved from /opt/airflow/dags/av_daily_ingest.py
[2025-08-29T10:50:29.869+0000] {logging_mixin.py:188} INFO - [2025-08-29T10:50:29.869+0000] {dag.py:3096} INFO - Sync 1 DAGs
[2025-08-29T10:50:29.933+0000] {logging_mixin.py:188} INFO - [2025-08-29T10:50:29.933+0000] {dag.py:3954} INFO - Setting next_dagrun for av_daily_ingest to 2025-08-29 09:00:00+00:00, run_after=2025-08-29 10:00:00+00:00
[2025-08-29T10:50:29.974+0000] {processor.py:183} INFO - Processing /opt/airflow/dags/av_daily_ingest.py took 0.234 seconds
[2025-08-29T10:51:00.120+0000] {processor.py:161} INFO - Started process (PID=1733) to work on /opt/airflow/dags/av_daily_ingest.py
[2025-08-29T10:51:00.121+0000] {processor.py:830} INFO - Processing file /opt/airflow/dags/av_daily_ingest.py for tasks to queue
[2025-08-29T10:51:00.123+0000] {logging_mixin.py:188} INFO - [2025-08-29T10:51:00.123+0000] {dagbag.py:545} INFO - Filling up the DagBag from /opt/airflow/dags/av_daily_ingest.py
[2025-08-29T10:51:00.142+0000] {processor.py:840} INFO - DAG(s) 'av_daily_ingest' retrieved from /opt/airflow/dags/av_daily_ingest.py
[2025-08-29T10:51:00.183+0000] {logging_mixin.py:188} INFO - [2025-08-29T10:51:00.183+0000] {dag.py:3096} INFO - Sync 1 DAGs
[2025-08-29T10:51:00.208+0000] {logging_mixin.py:188} INFO - [2025-08-29T10:51:00.208+0000] {dag.py:3954} INFO - Setting next_dagrun for av_daily_ingest to 2025-08-29 09:00:00+00:00, run_after=2025-08-29 10:00:00+00:00
[2025-08-29T10:51:00.233+0000] {processor.py:183} INFO - Processing /opt/airflow/dags/av_daily_ingest.py took 0.125 seconds
[2025-08-29T10:51:30.410+0000] {processor.py:161} INFO - Started process (PID=1744) to work on /opt/airflow/dags/av_daily_ingest.py
[2025-08-29T10:51:30.411+0000] {processor.py:830} INFO - Processing file /opt/airflow/dags/av_daily_ingest.py for tasks to queue
[2025-08-29T10:51:30.413+0000] {logging_mixin.py:188} INFO - [2025-08-29T10:51:30.413+0000] {dagbag.py:545} INFO - Filling up the DagBag from /opt/airflow/dags/av_daily_ingest.py
[2025-08-29T10:51:30.439+0000] {processor.py:840} INFO - DAG(s) 'av_daily_ingest' retrieved from /opt/airflow/dags/av_daily_ingest.py
[2025-08-29T10:51:30.476+0000] {logging_mixin.py:188} INFO - [2025-08-29T10:51:30.476+0000] {dag.py:3096} INFO - Sync 1 DAGs
[2025-08-29T10:51:30.506+0000] {logging_mixin.py:188} INFO - [2025-08-29T10:51:30.506+0000] {dag.py:3954} INFO - Setting next_dagrun for av_daily_ingest to 2025-08-29 09:00:00+00:00, run_after=2025-08-29 10:00:00+00:00
[2025-08-29T10:51:30.529+0000] {processor.py:183} INFO - Processing /opt/airflow/dags/av_daily_ingest.py took 0.126 seconds
[2025-08-29T10:52:00.678+0000] {processor.py:161} INFO - Started process (PID=1755) to work on /opt/airflow/dags/av_daily_ingest.py
[2025-08-29T10:52:00.679+0000] {processor.py:830} INFO - Processing file /opt/airflow/dags/av_daily_ingest.py for tasks to queue
[2025-08-29T10:52:00.682+0000] {logging_mixin.py:188} INFO - [2025-08-29T10:52:00.681+0000] {dagbag.py:545} INFO - Filling up the DagBag from /opt/airflow/dags/av_daily_ingest.py
[2025-08-29T10:52:00.703+0000] {processor.py:840} INFO - DAG(s) 'av_daily_ingest' retrieved from /opt/airflow/dags/av_daily_ingest.py
[2025-08-29T10:52:00.776+0000] {logging_mixin.py:188} INFO - [2025-08-29T10:52:00.775+0000] {dag.py:3096} INFO - Sync 1 DAGs
[2025-08-29T10:52:00.800+0000] {logging_mixin.py:188} INFO - [2025-08-29T10:52:00.799+0000] {dag.py:3954} INFO - Setting next_dagrun for av_daily_ingest to 2025-08-29 09:00:00+00:00, run_after=2025-08-29 10:00:00+00:00
[2025-08-29T10:52:00.872+0000] {processor.py:183} INFO - Processing /opt/airflow/dags/av_daily_ingest.py took 0.200 seconds
[2025-08-29T10:52:31.208+0000] {processor.py:161} INFO - Started process (PID=1766) to work on /opt/airflow/dags/av_daily_ingest.py
[2025-08-29T10:52:31.240+0000] {processor.py:830} INFO - Processing file /opt/airflow/dags/av_daily_ingest.py for tasks to queue
[2025-08-29T10:52:31.252+0000] {logging_mixin.py:188} INFO - [2025-08-29T10:52:31.250+0000] {dagbag.py:545} INFO - Filling up the DagBag from /opt/airflow/dags/av_daily_ingest.py
[2025-08-29T10:52:31.461+0000] {processor.py:840} INFO - DAG(s) 'av_daily_ingest' retrieved from /opt/airflow/dags/av_daily_ingest.py
[2025-08-29T10:52:31.895+0000] {logging_mixin.py:188} INFO - [2025-08-29T10:52:31.894+0000] {dag.py:3096} INFO - Sync 1 DAGs
[2025-08-29T10:52:32.043+0000] {logging_mixin.py:188} INFO - [2025-08-29T10:52:32.041+0000] {dag.py:3954} INFO - Setting next_dagrun for av_daily_ingest to 2025-08-29 09:00:00+00:00, run_after=2025-08-29 10:00:00+00:00
[2025-08-29T10:52:32.185+0000] {processor.py:183} INFO - Processing /opt/airflow/dags/av_daily_ingest.py took 1.036 seconds
[2025-08-29T10:53:02.477+0000] {processor.py:161} INFO - Started process (PID=1777) to work on /opt/airflow/dags/av_daily_ingest.py
[2025-08-29T10:53:02.484+0000] {processor.py:830} INFO - Processing file /opt/airflow/dags/av_daily_ingest.py for tasks to queue
[2025-08-29T10:53:02.500+0000] {logging_mixin.py:188} INFO - [2025-08-29T10:53:02.498+0000] {dagbag.py:545} INFO - Filling up the DagBag from /opt/airflow/dags/av_daily_ingest.py
[2025-08-29T10:53:02.585+0000] {processor.py:840} INFO - DAG(s) 'av_daily_ingest' retrieved from /opt/airflow/dags/av_daily_ingest.py
[2025-08-29T10:53:02.671+0000] {logging_mixin.py:188} INFO - [2025-08-29T10:53:02.671+0000] {dag.py:3096} INFO - Sync 1 DAGs
[2025-08-29T10:53:02.726+0000] {logging_mixin.py:188} INFO - [2025-08-29T10:53:02.726+0000] {dag.py:3954} INFO - Setting next_dagrun for av_daily_ingest to 2025-08-29 09:00:00+00:00, run_after=2025-08-29 10:00:00+00:00
[2025-08-29T10:53:02.762+0000] {processor.py:183} INFO - Processing /opt/airflow/dags/av_daily_ingest.py took 0.321 seconds
[2025-08-29T10:53:33.021+0000] {processor.py:161} INFO - Started process (PID=1789) to work on /opt/airflow/dags/av_daily_ingest.py
[2025-08-29T10:53:33.023+0000] {processor.py:830} INFO - Processing file /opt/airflow/dags/av_daily_ingest.py for tasks to queue
[2025-08-29T10:53:33.029+0000] {logging_mixin.py:188} INFO - [2025-08-29T10:53:33.028+0000] {dagbag.py:545} INFO - Filling up the DagBag from /opt/airflow/dags/av_daily_ingest.py
[2025-08-29T10:53:33.080+0000] {processor.py:840} INFO - DAG(s) 'av_daily_ingest' retrieved from /opt/airflow/dags/av_daily_ingest.py
[2025-08-29T10:53:33.150+0000] {logging_mixin.py:188} INFO - [2025-08-29T10:53:33.150+0000] {dag.py:3096} INFO - Sync 1 DAGs
[2025-08-29T10:53:33.219+0000] {logging_mixin.py:188} INFO - [2025-08-29T10:53:33.218+0000] {dag.py:3954} INFO - Setting next_dagrun for av_daily_ingest to 2025-08-29 09:00:00+00:00, run_after=2025-08-29 10:00:00+00:00
[2025-08-29T10:53:33.267+0000] {processor.py:183} INFO - Processing /opt/airflow/dags/av_daily_ingest.py took 0.255 seconds
[2025-08-29T10:54:03.447+0000] {processor.py:161} INFO - Started process (PID=1800) to work on /opt/airflow/dags/av_daily_ingest.py
[2025-08-29T10:54:03.448+0000] {processor.py:830} INFO - Processing file /opt/airflow/dags/av_daily_ingest.py for tasks to queue
[2025-08-29T10:54:03.450+0000] {logging_mixin.py:188} INFO - [2025-08-29T10:54:03.450+0000] {dagbag.py:545} INFO - Filling up the DagBag from /opt/airflow/dags/av_daily_ingest.py
[2025-08-29T10:54:03.470+0000] {processor.py:840} INFO - DAG(s) 'av_daily_ingest' retrieved from /opt/airflow/dags/av_daily_ingest.py
[2025-08-29T10:54:03.505+0000] {logging_mixin.py:188} INFO - [2025-08-29T10:54:03.505+0000] {dag.py:3096} INFO - Sync 1 DAGs
[2025-08-29T10:54:03.532+0000] {logging_mixin.py:188} INFO - [2025-08-29T10:54:03.532+0000] {dag.py:3954} INFO - Setting next_dagrun for av_daily_ingest to 2025-08-29 09:00:00+00:00, run_after=2025-08-29 10:00:00+00:00
[2025-08-29T10:54:03.564+0000] {processor.py:183} INFO - Processing /opt/airflow/dags/av_daily_ingest.py took 0.124 seconds
[2025-08-29T10:54:33.661+0000] {processor.py:161} INFO - Started process (PID=1811) to work on /opt/airflow/dags/av_daily_ingest.py
[2025-08-29T10:54:33.662+0000] {processor.py:830} INFO - Processing file /opt/airflow/dags/av_daily_ingest.py for tasks to queue
[2025-08-29T10:54:33.664+0000] {logging_mixin.py:188} INFO - [2025-08-29T10:54:33.664+0000] {dagbag.py:545} INFO - Filling up the DagBag from /opt/airflow/dags/av_daily_ingest.py
[2025-08-29T10:54:33.687+0000] {processor.py:840} INFO - DAG(s) 'av_daily_ingest' retrieved from /opt/airflow/dags/av_daily_ingest.py
[2025-08-29T10:54:33.727+0000] {logging_mixin.py:188} INFO - [2025-08-29T10:54:33.727+0000] {dag.py:3096} INFO - Sync 1 DAGs
[2025-08-29T10:54:33.765+0000] {logging_mixin.py:188} INFO - [2025-08-29T10:54:33.765+0000] {dag.py:3954} INFO - Setting next_dagrun for av_daily_ingest to 2025-08-29 09:00:00+00:00, run_after=2025-08-29 10:00:00+00:00
[2025-08-29T10:54:33.793+0000] {processor.py:183} INFO - Processing /opt/airflow/dags/av_daily_ingest.py took 0.137 seconds
[2025-08-29T10:55:03.894+0000] {processor.py:161} INFO - Started process (PID=1823) to work on /opt/airflow/dags/av_daily_ingest.py
[2025-08-29T10:55:03.895+0000] {processor.py:830} INFO - Processing file /opt/airflow/dags/av_daily_ingest.py for tasks to queue
[2025-08-29T10:55:03.897+0000] {logging_mixin.py:188} INFO - [2025-08-29T10:55:03.897+0000] {dagbag.py:545} INFO - Filling up the DagBag from /opt/airflow/dags/av_daily_ingest.py
[2025-08-29T10:55:03.922+0000] {processor.py:840} INFO - DAG(s) 'av_daily_ingest' retrieved from /opt/airflow/dags/av_daily_ingest.py
[2025-08-29T10:55:03.967+0000] {logging_mixin.py:188} INFO - [2025-08-29T10:55:03.967+0000] {dag.py:3096} INFO - Sync 1 DAGs
[2025-08-29T10:55:03.997+0000] {logging_mixin.py:188} INFO - [2025-08-29T10:55:03.997+0000] {dag.py:3954} INFO - Setting next_dagrun for av_daily_ingest to 2025-08-29 09:00:00+00:00, run_after=2025-08-29 10:00:00+00:00
[2025-08-29T10:55:04.039+0000] {processor.py:183} INFO - Processing /opt/airflow/dags/av_daily_ingest.py took 0.151 seconds
[2025-08-29T10:55:34.182+0000] {processor.py:161} INFO - Started process (PID=1834) to work on /opt/airflow/dags/av_daily_ingest.py
[2025-08-29T10:55:34.184+0000] {processor.py:830} INFO - Processing file /opt/airflow/dags/av_daily_ingest.py for tasks to queue
[2025-08-29T10:55:34.188+0000] {logging_mixin.py:188} INFO - [2025-08-29T10:55:34.187+0000] {dagbag.py:545} INFO - Filling up the DagBag from /opt/airflow/dags/av_daily_ingest.py
[2025-08-29T10:55:34.211+0000] {processor.py:840} INFO - DAG(s) 'av_daily_ingest' retrieved from /opt/airflow/dags/av_daily_ingest.py
[2025-08-29T10:55:34.246+0000] {logging_mixin.py:188} INFO - [2025-08-29T10:55:34.246+0000] {dag.py:3096} INFO - Sync 1 DAGs
[2025-08-29T10:55:34.274+0000] {logging_mixin.py:188} INFO - [2025-08-29T10:55:34.274+0000] {dag.py:3954} INFO - Setting next_dagrun for av_daily_ingest to 2025-08-29 09:00:00+00:00, run_after=2025-08-29 10:00:00+00:00
[2025-08-29T10:55:34.295+0000] {processor.py:183} INFO - Processing /opt/airflow/dags/av_daily_ingest.py took 0.118 seconds
[2025-08-29T10:56:04.408+0000] {processor.py:161} INFO - Started process (PID=1845) to work on /opt/airflow/dags/av_daily_ingest.py
[2025-08-29T10:56:04.410+0000] {processor.py:830} INFO - Processing file /opt/airflow/dags/av_daily_ingest.py for tasks to queue
[2025-08-29T10:56:04.414+0000] {logging_mixin.py:188} INFO - [2025-08-29T10:56:04.414+0000] {dagbag.py:545} INFO - Filling up the DagBag from /opt/airflow/dags/av_daily_ingest.py
[2025-08-29T10:56:04.440+0000] {processor.py:840} INFO - DAG(s) 'av_daily_ingest' retrieved from /opt/airflow/dags/av_daily_ingest.py
[2025-08-29T10:56:04.473+0000] {logging_mixin.py:188} INFO - [2025-08-29T10:56:04.473+0000] {dag.py:3096} INFO - Sync 1 DAGs
[2025-08-29T10:56:04.498+0000] {logging_mixin.py:188} INFO - [2025-08-29T10:56:04.497+0000] {dag.py:3954} INFO - Setting next_dagrun for av_daily_ingest to 2025-08-29 09:00:00+00:00, run_after=2025-08-29 10:00:00+00:00
[2025-08-29T10:56:04.520+0000] {processor.py:183} INFO - Processing /opt/airflow/dags/av_daily_ingest.py took 0.121 seconds
[2025-08-29T10:56:34.690+0000] {processor.py:161} INFO - Started process (PID=1857) to work on /opt/airflow/dags/av_daily_ingest.py
[2025-08-29T10:56:34.709+0000] {processor.py:830} INFO - Processing file /opt/airflow/dags/av_daily_ingest.py for tasks to queue
[2025-08-29T10:56:34.711+0000] {logging_mixin.py:188} INFO - [2025-08-29T10:56:34.711+0000] {dagbag.py:545} INFO - Filling up the DagBag from /opt/airflow/dags/av_daily_ingest.py
[2025-08-29T10:56:34.750+0000] {processor.py:840} INFO - DAG(s) 'av_daily_ingest' retrieved from /opt/airflow/dags/av_daily_ingest.py
[2025-08-29T10:56:34.809+0000] {logging_mixin.py:188} INFO - [2025-08-29T10:56:34.809+0000] {dag.py:3096} INFO - Sync 1 DAGs
[2025-08-29T10:56:34.840+0000] {logging_mixin.py:188} INFO - [2025-08-29T10:56:34.839+0000] {dag.py:3954} INFO - Setting next_dagrun for av_daily_ingest to 2025-08-29 09:00:00+00:00, run_after=2025-08-29 10:00:00+00:00
[2025-08-29T10:56:34.880+0000] {processor.py:183} INFO - Processing /opt/airflow/dags/av_daily_ingest.py took 0.199 seconds
[2025-08-29T10:57:05.091+0000] {processor.py:161} INFO - Started process (PID=1867) to work on /opt/airflow/dags/av_daily_ingest.py
[2025-08-29T10:57:05.097+0000] {processor.py:830} INFO - Processing file /opt/airflow/dags/av_daily_ingest.py for tasks to queue
[2025-08-29T10:57:05.136+0000] {logging_mixin.py:188} INFO - [2025-08-29T10:57:05.132+0000] {dagbag.py:545} INFO - Filling up the DagBag from /opt/airflow/dags/av_daily_ingest.py
[2025-08-29T10:57:05.396+0000] {processor.py:840} INFO - DAG(s) 'av_daily_ingest' retrieved from /opt/airflow/dags/av_daily_ingest.py
[2025-08-29T10:57:05.862+0000] {logging_mixin.py:188} INFO - [2025-08-29T10:57:05.861+0000] {dag.py:3096} INFO - Sync 1 DAGs
[2025-08-29T10:57:06.200+0000] {logging_mixin.py:188} INFO - [2025-08-29T10:57:06.199+0000] {dag.py:3954} INFO - Setting next_dagrun for av_daily_ingest to 2025-08-29 09:00:00+00:00, run_after=2025-08-29 10:00:00+00:00
[2025-08-29T10:57:06.341+0000] {processor.py:183} INFO - Processing /opt/airflow/dags/av_daily_ingest.py took 1.287 seconds
[2025-08-29T10:57:40.872+0000] {processor.py:161} INFO - Started process (PID=1878) to work on /opt/airflow/dags/av_daily_ingest.py
[2025-08-29T10:57:40.988+0000] {processor.py:830} INFO - Processing file /opt/airflow/dags/av_daily_ingest.py for tasks to queue
[2025-08-29T10:57:41.253+0000] {logging_mixin.py:188} INFO - [2025-08-29T10:57:41.201+0000] {dagbag.py:545} INFO - Filling up the DagBag from /opt/airflow/dags/av_daily_ingest.py
[2025-08-29T10:57:47.612+0000] {processor.py:840} INFO - DAG(s) 'av_daily_ingest' retrieved from /opt/airflow/dags/av_daily_ingest.py
[2025-08-29T10:57:47.989+0000] {logging_mixin.py:188} INFO - [2025-08-29T10:57:47.988+0000] {dag.py:3096} INFO - Sync 1 DAGs
[2025-08-29T10:57:48.151+0000] {logging_mixin.py:188} INFO - [2025-08-29T10:57:48.150+0000] {dag.py:3954} INFO - Setting next_dagrun for av_daily_ingest to 2025-08-29 09:00:00+00:00, run_after=2025-08-29 10:00:00+00:00
[2025-08-29T10:57:48.243+0000] {processor.py:183} INFO - Processing /opt/airflow/dags/av_daily_ingest.py took 9.028 seconds
[2025-08-29T10:58:18.534+0000] {processor.py:161} INFO - Started process (PID=1895) to work on /opt/airflow/dags/av_daily_ingest.py
[2025-08-29T10:58:18.550+0000] {processor.py:830} INFO - Processing file /opt/airflow/dags/av_daily_ingest.py for tasks to queue
[2025-08-29T10:58:18.578+0000] {logging_mixin.py:188} INFO - [2025-08-29T10:58:18.574+0000] {dagbag.py:545} INFO - Filling up the DagBag from /opt/airflow/dags/av_daily_ingest.py
[2025-08-29T10:58:18.617+0000] {processor.py:840} INFO - DAG(s) 'av_daily_ingest' retrieved from /opt/airflow/dags/av_daily_ingest.py
[2025-08-29T10:58:18.755+0000] {logging_mixin.py:188} INFO - [2025-08-29T10:58:18.754+0000] {dag.py:3096} INFO - Sync 1 DAGs
[2025-08-29T10:58:18.859+0000] {logging_mixin.py:188} INFO - [2025-08-29T10:58:18.859+0000] {dag.py:3954} INFO - Setting next_dagrun for av_daily_ingest to 2025-08-29 09:00:00+00:00, run_after=2025-08-29 10:00:00+00:00
[2025-08-29T10:58:18.902+0000] {processor.py:183} INFO - Processing /opt/airflow/dags/av_daily_ingest.py took 0.453 seconds
[2025-08-29T10:58:49.052+0000] {processor.py:161} INFO - Started process (PID=1908) to work on /opt/airflow/dags/av_daily_ingest.py
[2025-08-29T10:58:49.053+0000] {processor.py:830} INFO - Processing file /opt/airflow/dags/av_daily_ingest.py for tasks to queue
[2025-08-29T10:58:49.057+0000] {logging_mixin.py:188} INFO - [2025-08-29T10:58:49.056+0000] {dagbag.py:545} INFO - Filling up the DagBag from /opt/airflow/dags/av_daily_ingest.py
[2025-08-29T10:58:49.080+0000] {processor.py:840} INFO - DAG(s) 'av_daily_ingest' retrieved from /opt/airflow/dags/av_daily_ingest.py
[2025-08-29T10:58:49.117+0000] {logging_mixin.py:188} INFO - [2025-08-29T10:58:49.117+0000] {dag.py:3096} INFO - Sync 1 DAGs
[2025-08-29T10:58:49.147+0000] {logging_mixin.py:188} INFO - [2025-08-29T10:58:49.147+0000] {dag.py:3954} INFO - Setting next_dagrun for av_daily_ingest to 2025-08-29 09:00:00+00:00, run_after=2025-08-29 10:00:00+00:00
[2025-08-29T10:58:49.170+0000] {processor.py:183} INFO - Processing /opt/airflow/dags/av_daily_ingest.py took 0.124 seconds
[2025-08-29T10:59:19.356+0000] {processor.py:161} INFO - Started process (PID=1919) to work on /opt/airflow/dags/av_daily_ingest.py
[2025-08-29T10:59:19.358+0000] {processor.py:830} INFO - Processing file /opt/airflow/dags/av_daily_ingest.py for tasks to queue
[2025-08-29T10:59:19.361+0000] {logging_mixin.py:188} INFO - [2025-08-29T10:59:19.361+0000] {dagbag.py:545} INFO - Filling up the DagBag from /opt/airflow/dags/av_daily_ingest.py
[2025-08-29T10:59:19.393+0000] {processor.py:840} INFO - DAG(s) 'av_daily_ingest' retrieved from /opt/airflow/dags/av_daily_ingest.py
[2025-08-29T10:59:19.438+0000] {logging_mixin.py:188} INFO - [2025-08-29T10:59:19.438+0000] {dag.py:3096} INFO - Sync 1 DAGs
[2025-08-29T10:59:19.462+0000] {logging_mixin.py:188} INFO - [2025-08-29T10:59:19.462+0000] {dag.py:3954} INFO - Setting next_dagrun for av_daily_ingest to 2025-08-29 09:00:00+00:00, run_after=2025-08-29 10:00:00+00:00
[2025-08-29T10:59:19.483+0000] {processor.py:183} INFO - Processing /opt/airflow/dags/av_daily_ingest.py took 0.136 seconds
[2025-08-29T10:59:50.333+0000] {processor.py:161} INFO - Started process (PID=1930) to work on /opt/airflow/dags/av_daily_ingest.py
[2025-08-29T10:59:50.351+0000] {processor.py:830} INFO - Processing file /opt/airflow/dags/av_daily_ingest.py for tasks to queue
[2025-08-29T10:59:50.383+0000] {logging_mixin.py:188} INFO - [2025-08-29T10:59:50.380+0000] {dagbag.py:545} INFO - Filling up the DagBag from /opt/airflow/dags/av_daily_ingest.py
[2025-08-29T10:59:50.587+0000] {processor.py:840} INFO - DAG(s) 'av_daily_ingest' retrieved from /opt/airflow/dags/av_daily_ingest.py
[2025-08-29T10:59:52.025+0000] {logging_mixin.py:188} INFO - [2025-08-29T10:59:52.022+0000] {dag.py:3096} INFO - Sync 1 DAGs
[2025-08-29T10:59:52.352+0000] {logging_mixin.py:188} INFO - [2025-08-29T10:59:52.352+0000] {dag.py:3954} INFO - Setting next_dagrun for av_daily_ingest to 2025-08-29 09:00:00+00:00, run_after=2025-08-29 10:00:00+00:00
[2025-08-29T10:59:52.464+0000] {processor.py:183} INFO - Processing /opt/airflow/dags/av_daily_ingest.py took 2.163 seconds
[2025-08-29T11:00:22.699+0000] {processor.py:161} INFO - Started process (PID=1941) to work on /opt/airflow/dags/av_daily_ingest.py
[2025-08-29T11:00:22.701+0000] {processor.py:830} INFO - Processing file /opt/airflow/dags/av_daily_ingest.py for tasks to queue
[2025-08-29T11:00:22.704+0000] {logging_mixin.py:188} INFO - [2025-08-29T11:00:22.704+0000] {dagbag.py:545} INFO - Filling up the DagBag from /opt/airflow/dags/av_daily_ingest.py
[2025-08-29T11:00:22.723+0000] {processor.py:840} INFO - DAG(s) 'av_daily_ingest' retrieved from /opt/airflow/dags/av_daily_ingest.py
[2025-08-29T11:00:22.759+0000] {logging_mixin.py:188} INFO - [2025-08-29T11:00:22.759+0000] {dag.py:3096} INFO - Sync 1 DAGs
[2025-08-29T11:00:22.786+0000] {logging_mixin.py:188} INFO - [2025-08-29T11:00:22.785+0000] {dag.py:3954} INFO - Setting next_dagrun for av_daily_ingest to 2025-08-29 10:00:00+00:00, run_after=2025-08-29 11:00:00+00:00
[2025-08-29T11:00:22.825+0000] {processor.py:183} INFO - Processing /opt/airflow/dags/av_daily_ingest.py took 0.131 seconds
[2025-08-29T11:00:52.897+0000] {processor.py:161} INFO - Started process (PID=1952) to work on /opt/airflow/dags/av_daily_ingest.py
[2025-08-29T11:00:52.898+0000] {processor.py:830} INFO - Processing file /opt/airflow/dags/av_daily_ingest.py for tasks to queue
[2025-08-29T11:00:52.901+0000] {logging_mixin.py:188} INFO - [2025-08-29T11:00:52.901+0000] {dagbag.py:545} INFO - Filling up the DagBag from /opt/airflow/dags/av_daily_ingest.py
[2025-08-29T11:00:52.922+0000] {processor.py:840} INFO - DAG(s) 'av_daily_ingest' retrieved from /opt/airflow/dags/av_daily_ingest.py
[2025-08-29T11:00:53.045+0000] {logging_mixin.py:188} INFO - [2025-08-29T11:00:53.044+0000] {dag.py:3096} INFO - Sync 1 DAGs
[2025-08-29T11:00:53.126+0000] {logging_mixin.py:188} INFO - [2025-08-29T11:00:53.126+0000] {dag.py:3954} INFO - Setting next_dagrun for av_daily_ingest to 2025-08-29 10:00:00+00:00, run_after=2025-08-29 11:00:00+00:00
[2025-08-29T11:00:53.151+0000] {processor.py:183} INFO - Processing /opt/airflow/dags/av_daily_ingest.py took 0.260 seconds
[2025-08-29T11:01:23.387+0000] {processor.py:161} INFO - Started process (PID=1963) to work on /opt/airflow/dags/av_daily_ingest.py
[2025-08-29T11:01:23.389+0000] {processor.py:830} INFO - Processing file /opt/airflow/dags/av_daily_ingest.py for tasks to queue
[2025-08-29T11:01:23.392+0000] {logging_mixin.py:188} INFO - [2025-08-29T11:01:23.391+0000] {dagbag.py:545} INFO - Filling up the DagBag from /opt/airflow/dags/av_daily_ingest.py
[2025-08-29T11:01:23.426+0000] {processor.py:840} INFO - DAG(s) 'av_daily_ingest' retrieved from /opt/airflow/dags/av_daily_ingest.py
[2025-08-29T11:01:23.482+0000] {logging_mixin.py:188} INFO - [2025-08-29T11:01:23.481+0000] {dag.py:3096} INFO - Sync 1 DAGs
[2025-08-29T11:01:23.629+0000] {logging_mixin.py:188} INFO - [2025-08-29T11:01:23.629+0000] {dag.py:3954} INFO - Setting next_dagrun for av_daily_ingest to 2025-08-29 10:00:00+00:00, run_after=2025-08-29 11:00:00+00:00
[2025-08-29T11:01:23.680+0000] {processor.py:183} INFO - Processing /opt/airflow/dags/av_daily_ingest.py took 0.301 seconds
[2025-08-29T11:01:53.888+0000] {processor.py:161} INFO - Started process (PID=1974) to work on /opt/airflow/dags/av_daily_ingest.py
[2025-08-29T11:01:53.890+0000] {processor.py:830} INFO - Processing file /opt/airflow/dags/av_daily_ingest.py for tasks to queue
[2025-08-29T11:01:53.893+0000] {logging_mixin.py:188} INFO - [2025-08-29T11:01:53.892+0000] {dagbag.py:545} INFO - Filling up the DagBag from /opt/airflow/dags/av_daily_ingest.py
[2025-08-29T11:01:53.914+0000] {processor.py:840} INFO - DAG(s) 'av_daily_ingest' retrieved from /opt/airflow/dags/av_daily_ingest.py
[2025-08-29T11:01:53.953+0000] {logging_mixin.py:188} INFO - [2025-08-29T11:01:53.952+0000] {dag.py:3096} INFO - Sync 1 DAGs
[2025-08-29T11:01:53.979+0000] {logging_mixin.py:188} INFO - [2025-08-29T11:01:53.979+0000] {dag.py:3954} INFO - Setting next_dagrun for av_daily_ingest to 2025-08-29 10:00:00+00:00, run_after=2025-08-29 11:00:00+00:00
[2025-08-29T11:01:54.013+0000] {processor.py:183} INFO - Processing /opt/airflow/dags/av_daily_ingest.py took 0.135 seconds
[2025-08-29T11:02:24.213+0000] {processor.py:161} INFO - Started process (PID=1985) to work on /opt/airflow/dags/av_daily_ingest.py
[2025-08-29T11:02:24.216+0000] {processor.py:830} INFO - Processing file /opt/airflow/dags/av_daily_ingest.py for tasks to queue
[2025-08-29T11:02:24.223+0000] {logging_mixin.py:188} INFO - [2025-08-29T11:02:24.222+0000] {dagbag.py:545} INFO - Filling up the DagBag from /opt/airflow/dags/av_daily_ingest.py
[2025-08-29T11:02:24.276+0000] {processor.py:840} INFO - DAG(s) 'av_daily_ingest' retrieved from /opt/airflow/dags/av_daily_ingest.py
[2025-08-29T11:02:24.358+0000] {logging_mixin.py:188} INFO - [2025-08-29T11:02:24.357+0000] {dag.py:3096} INFO - Sync 1 DAGs
[2025-08-29T11:02:24.428+0000] {logging_mixin.py:188} INFO - [2025-08-29T11:02:24.427+0000] {dag.py:3954} INFO - Setting next_dagrun for av_daily_ingest to 2025-08-29 10:00:00+00:00, run_after=2025-08-29 11:00:00+00:00
[2025-08-29T11:02:24.467+0000] {processor.py:183} INFO - Processing /opt/airflow/dags/av_daily_ingest.py took 0.281 seconds
[2025-08-29T11:02:54.768+0000] {processor.py:161} INFO - Started process (PID=1996) to work on /opt/airflow/dags/av_daily_ingest.py
[2025-08-29T11:02:54.769+0000] {processor.py:830} INFO - Processing file /opt/airflow/dags/av_daily_ingest.py for tasks to queue
[2025-08-29T11:02:54.772+0000] {logging_mixin.py:188} INFO - [2025-08-29T11:02:54.772+0000] {dagbag.py:545} INFO - Filling up the DagBag from /opt/airflow/dags/av_daily_ingest.py
[2025-08-29T11:02:54.793+0000] {processor.py:840} INFO - DAG(s) 'av_daily_ingest' retrieved from /opt/airflow/dags/av_daily_ingest.py
[2025-08-29T11:02:54.844+0000] {logging_mixin.py:188} INFO - [2025-08-29T11:02:54.843+0000] {dag.py:3096} INFO - Sync 1 DAGs
[2025-08-29T11:02:54.878+0000] {logging_mixin.py:188} INFO - [2025-08-29T11:02:54.878+0000] {dag.py:3954} INFO - Setting next_dagrun for av_daily_ingest to 2025-08-29 10:00:00+00:00, run_after=2025-08-29 11:00:00+00:00
[2025-08-29T11:02:54.898+0000] {processor.py:183} INFO - Processing /opt/airflow/dags/av_daily_ingest.py took 0.136 seconds
[2025-08-29T11:03:25.082+0000] {processor.py:161} INFO - Started process (PID=2006) to work on /opt/airflow/dags/av_daily_ingest.py
[2025-08-29T11:03:25.083+0000] {processor.py:830} INFO - Processing file /opt/airflow/dags/av_daily_ingest.py for tasks to queue
[2025-08-29T11:03:25.085+0000] {logging_mixin.py:188} INFO - [2025-08-29T11:03:25.085+0000] {dagbag.py:545} INFO - Filling up the DagBag from /opt/airflow/dags/av_daily_ingest.py
[2025-08-29T11:03:25.101+0000] {processor.py:840} INFO - DAG(s) 'av_daily_ingest' retrieved from /opt/airflow/dags/av_daily_ingest.py
[2025-08-29T11:03:25.134+0000] {logging_mixin.py:188} INFO - [2025-08-29T11:03:25.134+0000] {dag.py:3096} INFO - Sync 1 DAGs
[2025-08-29T11:03:25.158+0000] {logging_mixin.py:188} INFO - [2025-08-29T11:03:25.158+0000] {dag.py:3954} INFO - Setting next_dagrun for av_daily_ingest to 2025-08-29 10:00:00+00:00, run_after=2025-08-29 11:00:00+00:00
[2025-08-29T11:03:25.181+0000] {processor.py:183} INFO - Processing /opt/airflow/dags/av_daily_ingest.py took 0.105 seconds
[2025-08-29T11:03:55.243+0000] {processor.py:161} INFO - Started process (PID=2017) to work on /opt/airflow/dags/av_daily_ingest.py
[2025-08-29T11:03:55.244+0000] {processor.py:830} INFO - Processing file /opt/airflow/dags/av_daily_ingest.py for tasks to queue
[2025-08-29T11:03:55.247+0000] {logging_mixin.py:188} INFO - [2025-08-29T11:03:55.247+0000] {dagbag.py:545} INFO - Filling up the DagBag from /opt/airflow/dags/av_daily_ingest.py
[2025-08-29T11:03:55.282+0000] {processor.py:840} INFO - DAG(s) 'av_daily_ingest' retrieved from /opt/airflow/dags/av_daily_ingest.py
[2025-08-29T11:03:56.149+0000] {logging_mixin.py:188} INFO - [2025-08-29T11:03:56.148+0000] {dag.py:3096} INFO - Sync 1 DAGs
[2025-08-29T11:03:56.624+0000] {logging_mixin.py:188} INFO - [2025-08-29T11:03:56.622+0000] {dag.py:3954} INFO - Setting next_dagrun for av_daily_ingest to 2025-08-29 10:00:00+00:00, run_after=2025-08-29 11:00:00+00:00
[2025-08-29T11:03:56.703+0000] {processor.py:183} INFO - Processing /opt/airflow/dags/av_daily_ingest.py took 1.466 seconds
[2025-08-29T11:04:26.943+0000] {processor.py:161} INFO - Started process (PID=2028) to work on /opt/airflow/dags/av_daily_ingest.py
[2025-08-29T11:04:26.945+0000] {processor.py:830} INFO - Processing file /opt/airflow/dags/av_daily_ingest.py for tasks to queue
[2025-08-29T11:04:26.951+0000] {logging_mixin.py:188} INFO - [2025-08-29T11:04:26.950+0000] {dagbag.py:545} INFO - Filling up the DagBag from /opt/airflow/dags/av_daily_ingest.py
[2025-08-29T11:04:26.984+0000] {processor.py:840} INFO - DAG(s) 'av_daily_ingest' retrieved from /opt/airflow/dags/av_daily_ingest.py
[2025-08-29T11:04:27.108+0000] {logging_mixin.py:188} INFO - [2025-08-29T11:04:27.107+0000] {dag.py:3096} INFO - Sync 1 DAGs
[2025-08-29T11:04:27.141+0000] {logging_mixin.py:188} INFO - [2025-08-29T11:04:27.140+0000] {dag.py:3954} INFO - Setting next_dagrun for av_daily_ingest to 2025-08-29 10:00:00+00:00, run_after=2025-08-29 11:00:00+00:00
[2025-08-29T11:04:27.262+0000] {processor.py:183} INFO - Processing /opt/airflow/dags/av_daily_ingest.py took 0.325 seconds
[2025-08-29T11:04:57.459+0000] {processor.py:161} INFO - Started process (PID=2039) to work on /opt/airflow/dags/av_daily_ingest.py
[2025-08-29T11:04:57.460+0000] {processor.py:830} INFO - Processing file /opt/airflow/dags/av_daily_ingest.py for tasks to queue
[2025-08-29T11:04:57.463+0000] {logging_mixin.py:188} INFO - [2025-08-29T11:04:57.462+0000] {dagbag.py:545} INFO - Filling up the DagBag from /opt/airflow/dags/av_daily_ingest.py
[2025-08-29T11:04:57.487+0000] {processor.py:840} INFO - DAG(s) 'av_daily_ingest' retrieved from /opt/airflow/dags/av_daily_ingest.py
[2025-08-29T11:04:57.527+0000] {logging_mixin.py:188} INFO - [2025-08-29T11:04:57.527+0000] {dag.py:3096} INFO - Sync 1 DAGs
[2025-08-29T11:04:57.557+0000] {logging_mixin.py:188} INFO - [2025-08-29T11:04:57.557+0000] {dag.py:3954} INFO - Setting next_dagrun for av_daily_ingest to 2025-08-29 10:00:00+00:00, run_after=2025-08-29 11:00:00+00:00
[2025-08-29T11:04:57.587+0000] {processor.py:183} INFO - Processing /opt/airflow/dags/av_daily_ingest.py took 0.137 seconds
[2025-08-29T11:05:27.763+0000] {processor.py:161} INFO - Started process (PID=2050) to work on /opt/airflow/dags/av_daily_ingest.py
[2025-08-29T11:05:27.767+0000] {processor.py:830} INFO - Processing file /opt/airflow/dags/av_daily_ingest.py for tasks to queue
[2025-08-29T11:05:27.774+0000] {logging_mixin.py:188} INFO - [2025-08-29T11:05:27.773+0000] {dagbag.py:545} INFO - Filling up the DagBag from /opt/airflow/dags/av_daily_ingest.py
[2025-08-29T11:05:27.813+0000] {processor.py:840} INFO - DAG(s) 'av_daily_ingest' retrieved from /opt/airflow/dags/av_daily_ingest.py
[2025-08-29T11:05:27.908+0000] {logging_mixin.py:188} INFO - [2025-08-29T11:05:27.908+0000] {dag.py:3096} INFO - Sync 1 DAGs
[2025-08-29T11:05:27.977+0000] {logging_mixin.py:188} INFO - [2025-08-29T11:05:27.977+0000] {dag.py:3954} INFO - Setting next_dagrun for av_daily_ingest to 2025-08-29 10:00:00+00:00, run_after=2025-08-29 11:00:00+00:00
[2025-08-29T11:05:28.103+0000] {processor.py:183} INFO - Processing /opt/airflow/dags/av_daily_ingest.py took 0.357 seconds
[2025-08-29T11:05:58.324+0000] {processor.py:161} INFO - Started process (PID=2061) to work on /opt/airflow/dags/av_daily_ingest.py
[2025-08-29T11:05:58.326+0000] {processor.py:830} INFO - Processing file /opt/airflow/dags/av_daily_ingest.py for tasks to queue
[2025-08-29T11:05:58.328+0000] {logging_mixin.py:188} INFO - [2025-08-29T11:05:58.328+0000] {dagbag.py:545} INFO - Filling up the DagBag from /opt/airflow/dags/av_daily_ingest.py
[2025-08-29T11:05:58.350+0000] {processor.py:840} INFO - DAG(s) 'av_daily_ingest' retrieved from /opt/airflow/dags/av_daily_ingest.py
[2025-08-29T11:05:58.391+0000] {logging_mixin.py:188} INFO - [2025-08-29T11:05:58.391+0000] {dag.py:3096} INFO - Sync 1 DAGs
[2025-08-29T11:05:58.421+0000] {logging_mixin.py:188} INFO - [2025-08-29T11:05:58.421+0000] {dag.py:3954} INFO - Setting next_dagrun for av_daily_ingest to 2025-08-29 10:00:00+00:00, run_after=2025-08-29 11:00:00+00:00
[2025-08-29T11:05:58.444+0000] {processor.py:183} INFO - Processing /opt/airflow/dags/av_daily_ingest.py took 0.128 seconds
[2025-08-29T11:06:29.960+0000] {processor.py:161} INFO - Started process (PID=2072) to work on /opt/airflow/dags/av_daily_ingest.py
[2025-08-29T11:06:29.976+0000] {processor.py:830} INFO - Processing file /opt/airflow/dags/av_daily_ingest.py for tasks to queue
[2025-08-29T11:06:30.047+0000] {logging_mixin.py:188} INFO - [2025-08-29T11:06:30.036+0000] {dagbag.py:545} INFO - Filling up the DagBag from /opt/airflow/dags/av_daily_ingest.py
[2025-08-29T11:06:33.899+0000] {processor.py:840} INFO - DAG(s) 'av_daily_ingest' retrieved from /opt/airflow/dags/av_daily_ingest.py
[2025-08-29T11:06:40.018+0000] {logging_mixin.py:188} INFO - [2025-08-29T11:06:40.016+0000] {dag.py:3096} INFO - Sync 1 DAGs
[2025-08-29T11:06:42.715+0000] {logging_mixin.py:188} INFO - [2025-08-29T11:06:42.712+0000] {dag.py:3954} INFO - Setting next_dagrun for av_daily_ingest to 2025-08-29 10:00:00+00:00, run_after=2025-08-29 11:00:00+00:00
[2025-08-29T11:06:43.681+0000] {processor.py:183} INFO - Processing /opt/airflow/dags/av_daily_ingest.py took 13.968 seconds
[2025-08-29T11:07:14.310+0000] {processor.py:161} INFO - Started process (PID=2084) to work on /opt/airflow/dags/av_daily_ingest.py
[2025-08-29T11:07:14.311+0000] {processor.py:830} INFO - Processing file /opt/airflow/dags/av_daily_ingest.py for tasks to queue
[2025-08-29T11:07:14.314+0000] {logging_mixin.py:188} INFO - [2025-08-29T11:07:14.313+0000] {dagbag.py:545} INFO - Filling up the DagBag from /opt/airflow/dags/av_daily_ingest.py
[2025-08-29T11:07:14.339+0000] {processor.py:840} INFO - DAG(s) 'av_daily_ingest' retrieved from /opt/airflow/dags/av_daily_ingest.py
[2025-08-29T11:07:14.387+0000] {logging_mixin.py:188} INFO - [2025-08-29T11:07:14.387+0000] {dag.py:3096} INFO - Sync 1 DAGs
[2025-08-29T11:07:14.426+0000] {logging_mixin.py:188} INFO - [2025-08-29T11:07:14.426+0000] {dag.py:3954} INFO - Setting next_dagrun for av_daily_ingest to 2025-08-29 10:00:00+00:00, run_after=2025-08-29 11:00:00+00:00
[2025-08-29T11:07:14.456+0000] {processor.py:183} INFO - Processing /opt/airflow/dags/av_daily_ingest.py took 0.153 seconds
[2025-08-29T11:07:44.738+0000] {processor.py:161} INFO - Started process (PID=2094) to work on /opt/airflow/dags/av_daily_ingest.py
[2025-08-29T11:07:44.740+0000] {processor.py:830} INFO - Processing file /opt/airflow/dags/av_daily_ingest.py for tasks to queue
[2025-08-29T11:07:44.742+0000] {logging_mixin.py:188} INFO - [2025-08-29T11:07:44.741+0000] {dagbag.py:545} INFO - Filling up the DagBag from /opt/airflow/dags/av_daily_ingest.py
[2025-08-29T11:07:44.763+0000] {processor.py:840} INFO - DAG(s) 'av_daily_ingest' retrieved from /opt/airflow/dags/av_daily_ingest.py
[2025-08-29T11:07:44.801+0000] {logging_mixin.py:188} INFO - [2025-08-29T11:07:44.801+0000] {dag.py:3096} INFO - Sync 1 DAGs
[2025-08-29T11:07:44.830+0000] {logging_mixin.py:188} INFO - [2025-08-29T11:07:44.829+0000] {dag.py:3954} INFO - Setting next_dagrun for av_daily_ingest to 2025-08-29 10:00:00+00:00, run_after=2025-08-29 11:00:00+00:00
[2025-08-29T11:07:44.854+0000] {processor.py:183} INFO - Processing /opt/airflow/dags/av_daily_ingest.py took 0.123 seconds
[2025-08-29T11:08:14.900+0000] {processor.py:161} INFO - Started process (PID=2105) to work on /opt/airflow/dags/av_daily_ingest.py
[2025-08-29T11:08:14.901+0000] {processor.py:830} INFO - Processing file /opt/airflow/dags/av_daily_ingest.py for tasks to queue
[2025-08-29T11:08:14.903+0000] {logging_mixin.py:188} INFO - [2025-08-29T11:08:14.903+0000] {dagbag.py:545} INFO - Filling up the DagBag from /opt/airflow/dags/av_daily_ingest.py
[2025-08-29T11:08:14.922+0000] {processor.py:840} INFO - DAG(s) 'av_daily_ingest' retrieved from /opt/airflow/dags/av_daily_ingest.py
[2025-08-29T11:08:14.986+0000] {logging_mixin.py:188} INFO - [2025-08-29T11:08:14.985+0000] {dag.py:3096} INFO - Sync 1 DAGs
[2025-08-29T11:08:15.173+0000] {logging_mixin.py:188} INFO - [2025-08-29T11:08:15.172+0000] {dag.py:3954} INFO - Setting next_dagrun for av_daily_ingest to 2025-08-29 10:00:00+00:00, run_after=2025-08-29 11:00:00+00:00
[2025-08-29T11:08:15.229+0000] {processor.py:183} INFO - Processing /opt/airflow/dags/av_daily_ingest.py took 0.335 seconds
[2025-08-29T11:08:45.416+0000] {processor.py:161} INFO - Started process (PID=2117) to work on /opt/airflow/dags/av_daily_ingest.py
[2025-08-29T11:08:45.418+0000] {processor.py:830} INFO - Processing file /opt/airflow/dags/av_daily_ingest.py for tasks to queue
[2025-08-29T11:08:45.422+0000] {logging_mixin.py:188} INFO - [2025-08-29T11:08:45.422+0000] {dagbag.py:545} INFO - Filling up the DagBag from /opt/airflow/dags/av_daily_ingest.py
[2025-08-29T11:08:45.450+0000] {processor.py:840} INFO - DAG(s) 'av_daily_ingest' retrieved from /opt/airflow/dags/av_daily_ingest.py
[2025-08-29T11:08:45.484+0000] {logging_mixin.py:188} INFO - [2025-08-29T11:08:45.484+0000] {dag.py:3096} INFO - Sync 1 DAGs
[2025-08-29T11:08:45.512+0000] {logging_mixin.py:188} INFO - [2025-08-29T11:08:45.511+0000] {dag.py:3954} INFO - Setting next_dagrun for av_daily_ingest to 2025-08-29 10:00:00+00:00, run_after=2025-08-29 11:00:00+00:00
[2025-08-29T11:08:45.531+0000] {processor.py:183} INFO - Processing /opt/airflow/dags/av_daily_ingest.py took 0.123 seconds
[2025-08-29T11:09:16.091+0000] {processor.py:161} INFO - Started process (PID=2127) to work on /opt/airflow/dags/av_daily_ingest.py
[2025-08-29T11:09:16.107+0000] {processor.py:830} INFO - Processing file /opt/airflow/dags/av_daily_ingest.py for tasks to queue
[2025-08-29T11:09:16.113+0000] {logging_mixin.py:188} INFO - [2025-08-29T11:09:16.112+0000] {dagbag.py:545} INFO - Filling up the DagBag from /opt/airflow/dags/av_daily_ingest.py
[2025-08-29T11:09:16.167+0000] {processor.py:840} INFO - DAG(s) 'av_daily_ingest' retrieved from /opt/airflow/dags/av_daily_ingest.py
[2025-08-29T11:09:16.247+0000] {logging_mixin.py:188} INFO - [2025-08-29T11:09:16.247+0000] {dag.py:3096} INFO - Sync 1 DAGs
[2025-08-29T11:09:16.274+0000] {logging_mixin.py:188} INFO - [2025-08-29T11:09:16.274+0000] {dag.py:3954} INFO - Setting next_dagrun for av_daily_ingest to 2025-08-29 10:00:00+00:00, run_after=2025-08-29 11:00:00+00:00
[2025-08-29T11:09:16.299+0000] {processor.py:183} INFO - Processing /opt/airflow/dags/av_daily_ingest.py took 0.220 seconds
[2025-08-29T11:09:46.574+0000] {processor.py:161} INFO - Started process (PID=2137) to work on /opt/airflow/dags/av_daily_ingest.py
[2025-08-29T11:09:46.575+0000] {processor.py:830} INFO - Processing file /opt/airflow/dags/av_daily_ingest.py for tasks to queue
[2025-08-29T11:09:46.578+0000] {logging_mixin.py:188} INFO - [2025-08-29T11:09:46.578+0000] {dagbag.py:545} INFO - Filling up the DagBag from /opt/airflow/dags/av_daily_ingest.py
[2025-08-29T11:09:46.618+0000] {processor.py:840} INFO - DAG(s) 'av_daily_ingest' retrieved from /opt/airflow/dags/av_daily_ingest.py
[2025-08-29T11:09:46.909+0000] {logging_mixin.py:188} INFO - [2025-08-29T11:09:46.908+0000] {dag.py:3096} INFO - Sync 1 DAGs
[2025-08-29T11:09:47.095+0000] {logging_mixin.py:188} INFO - [2025-08-29T11:09:47.094+0000] {dag.py:3954} INFO - Setting next_dagrun for av_daily_ingest to 2025-08-29 10:00:00+00:00, run_after=2025-08-29 11:00:00+00:00
[2025-08-29T11:09:47.323+0000] {processor.py:183} INFO - Processing /opt/airflow/dags/av_daily_ingest.py took 0.758 seconds
[2025-08-29T11:10:22.428+0000] {processor.py:161} INFO - Started process (PID=2148) to work on /opt/airflow/dags/av_daily_ingest.py
[2025-08-29T11:10:22.443+0000] {processor.py:830} INFO - Processing file /opt/airflow/dags/av_daily_ingest.py for tasks to queue
[2025-08-29T11:10:22.952+0000] {logging_mixin.py:188} INFO - [2025-08-29T11:10:22.729+0000] {dagbag.py:545} INFO - Filling up the DagBag from /opt/airflow/dags/av_daily_ingest.py
[2025-08-29T11:10:26.410+0000] {processor.py:840} INFO - DAG(s) 'av_daily_ingest' retrieved from /opt/airflow/dags/av_daily_ingest.py
[2025-08-29T11:10:30.304+0000] {logging_mixin.py:188} INFO - [2025-08-29T11:10:30.303+0000] {dag.py:3096} INFO - Sync 1 DAGs
[2025-08-29T11:10:31.273+0000] {logging_mixin.py:188} INFO - [2025-08-29T11:10:31.272+0000] {dag.py:3954} INFO - Setting next_dagrun for av_daily_ingest to 2025-08-29 10:00:00+00:00, run_after=2025-08-29 11:00:00+00:00
[2025-08-29T11:10:32.041+0000] {processor.py:183} INFO - Processing /opt/airflow/dags/av_daily_ingest.py took 11.493 seconds
[2025-08-29T11:11:02.320+0000] {processor.py:161} INFO - Started process (PID=2164) to work on /opt/airflow/dags/av_daily_ingest.py
[2025-08-29T11:11:02.327+0000] {processor.py:830} INFO - Processing file /opt/airflow/dags/av_daily_ingest.py for tasks to queue
[2025-08-29T11:11:02.341+0000] {logging_mixin.py:188} INFO - [2025-08-29T11:11:02.339+0000] {dagbag.py:545} INFO - Filling up the DagBag from /opt/airflow/dags/av_daily_ingest.py
[2025-08-29T11:11:02.419+0000] {processor.py:840} INFO - DAG(s) 'av_daily_ingest' retrieved from /opt/airflow/dags/av_daily_ingest.py
[2025-08-29T11:11:02.473+0000] {logging_mixin.py:188} INFO - [2025-08-29T11:11:02.473+0000] {dag.py:3096} INFO - Sync 1 DAGs
[2025-08-29T11:11:02.550+0000] {logging_mixin.py:188} INFO - [2025-08-29T11:11:02.550+0000] {dag.py:3954} INFO - Setting next_dagrun for av_daily_ingest to 2025-08-29 10:00:00+00:00, run_after=2025-08-29 11:00:00+00:00
[2025-08-29T11:11:02.582+0000] {processor.py:183} INFO - Processing /opt/airflow/dags/av_daily_ingest.py took 0.316 seconds
[2025-08-29T11:11:32.721+0000] {processor.py:161} INFO - Started process (PID=2175) to work on /opt/airflow/dags/av_daily_ingest.py
[2025-08-29T11:11:32.723+0000] {processor.py:830} INFO - Processing file /opt/airflow/dags/av_daily_ingest.py for tasks to queue
[2025-08-29T11:11:32.725+0000] {logging_mixin.py:188} INFO - [2025-08-29T11:11:32.725+0000] {dagbag.py:545} INFO - Filling up the DagBag from /opt/airflow/dags/av_daily_ingest.py
[2025-08-29T11:11:32.746+0000] {processor.py:840} INFO - DAG(s) 'av_daily_ingest' retrieved from /opt/airflow/dags/av_daily_ingest.py
[2025-08-29T11:11:32.780+0000] {logging_mixin.py:188} INFO - [2025-08-29T11:11:32.780+0000] {dag.py:3096} INFO - Sync 1 DAGs
[2025-08-29T11:11:32.806+0000] {logging_mixin.py:188} INFO - [2025-08-29T11:11:32.805+0000] {dag.py:3954} INFO - Setting next_dagrun for av_daily_ingest to 2025-08-29 10:00:00+00:00, run_after=2025-08-29 11:00:00+00:00
[2025-08-29T11:11:32.829+0000] {processor.py:183} INFO - Processing /opt/airflow/dags/av_daily_ingest.py took 0.113 seconds
[2025-08-29T11:12:02.943+0000] {processor.py:161} INFO - Started process (PID=2186) to work on /opt/airflow/dags/av_daily_ingest.py
[2025-08-29T11:12:02.944+0000] {processor.py:830} INFO - Processing file /opt/airflow/dags/av_daily_ingest.py for tasks to queue
[2025-08-29T11:12:02.947+0000] {logging_mixin.py:188} INFO - [2025-08-29T11:12:02.946+0000] {dagbag.py:545} INFO - Filling up the DagBag from /opt/airflow/dags/av_daily_ingest.py
[2025-08-29T11:12:02.967+0000] {processor.py:840} INFO - DAG(s) 'av_daily_ingest' retrieved from /opt/airflow/dags/av_daily_ingest.py
[2025-08-29T11:12:03.002+0000] {logging_mixin.py:188} INFO - [2025-08-29T11:12:03.002+0000] {dag.py:3096} INFO - Sync 1 DAGs
[2025-08-29T11:12:03.026+0000] {logging_mixin.py:188} INFO - [2025-08-29T11:12:03.026+0000] {dag.py:3954} INFO - Setting next_dagrun for av_daily_ingest to 2025-08-29 10:00:00+00:00, run_after=2025-08-29 11:00:00+00:00
[2025-08-29T11:12:03.050+0000] {processor.py:183} INFO - Processing /opt/airflow/dags/av_daily_ingest.py took 0.113 seconds
[2025-08-29T11:12:33.189+0000] {processor.py:161} INFO - Started process (PID=2197) to work on /opt/airflow/dags/av_daily_ingest.py
[2025-08-29T11:12:33.190+0000] {processor.py:830} INFO - Processing file /opt/airflow/dags/av_daily_ingest.py for tasks to queue
[2025-08-29T11:12:33.193+0000] {logging_mixin.py:188} INFO - [2025-08-29T11:12:33.192+0000] {dagbag.py:545} INFO - Filling up the DagBag from /opt/airflow/dags/av_daily_ingest.py
[2025-08-29T11:12:33.211+0000] {processor.py:840} INFO - DAG(s) 'av_daily_ingest' retrieved from /opt/airflow/dags/av_daily_ingest.py
[2025-08-29T11:12:33.240+0000] {logging_mixin.py:188} INFO - [2025-08-29T11:12:33.240+0000] {dag.py:3096} INFO - Sync 1 DAGs
[2025-08-29T11:12:33.265+0000] {logging_mixin.py:188} INFO - [2025-08-29T11:12:33.265+0000] {dag.py:3954} INFO - Setting next_dagrun for av_daily_ingest to 2025-08-29 10:00:00+00:00, run_after=2025-08-29 11:00:00+00:00
[2025-08-29T11:12:33.286+0000] {processor.py:183} INFO - Processing /opt/airflow/dags/av_daily_ingest.py took 0.103 seconds
[2025-08-29T11:13:03.393+0000] {processor.py:161} INFO - Started process (PID=2209) to work on /opt/airflow/dags/av_daily_ingest.py
[2025-08-29T11:13:03.394+0000] {processor.py:830} INFO - Processing file /opt/airflow/dags/av_daily_ingest.py for tasks to queue
[2025-08-29T11:13:03.397+0000] {logging_mixin.py:188} INFO - [2025-08-29T11:13:03.396+0000] {dagbag.py:545} INFO - Filling up the DagBag from /opt/airflow/dags/av_daily_ingest.py
[2025-08-29T11:13:03.420+0000] {processor.py:840} INFO - DAG(s) 'av_daily_ingest' retrieved from /opt/airflow/dags/av_daily_ingest.py
[2025-08-29T11:13:03.479+0000] {logging_mixin.py:188} INFO - [2025-08-29T11:13:03.479+0000] {dag.py:3096} INFO - Sync 1 DAGs
[2025-08-29T11:13:03.527+0000] {logging_mixin.py:188} INFO - [2025-08-29T11:13:03.527+0000] {dag.py:3954} INFO - Setting next_dagrun for av_daily_ingest to 2025-08-29 10:00:00+00:00, run_after=2025-08-29 11:00:00+00:00
[2025-08-29T11:13:03.553+0000] {processor.py:183} INFO - Processing /opt/airflow/dags/av_daily_ingest.py took 0.168 seconds
[2025-08-29T11:13:33.636+0000] {processor.py:161} INFO - Started process (PID=2221) to work on /opt/airflow/dags/av_daily_ingest.py
[2025-08-29T11:13:33.637+0000] {processor.py:830} INFO - Processing file /opt/airflow/dags/av_daily_ingest.py for tasks to queue
[2025-08-29T11:13:33.640+0000] {logging_mixin.py:188} INFO - [2025-08-29T11:13:33.640+0000] {dagbag.py:545} INFO - Filling up the DagBag from /opt/airflow/dags/av_daily_ingest.py
[2025-08-29T11:13:33.664+0000] {processor.py:840} INFO - DAG(s) 'av_daily_ingest' retrieved from /opt/airflow/dags/av_daily_ingest.py
[2025-08-29T11:13:33.713+0000] {logging_mixin.py:188} INFO - [2025-08-29T11:13:33.712+0000] {dag.py:3096} INFO - Sync 1 DAGs
[2025-08-29T11:13:33.769+0000] {logging_mixin.py:188} INFO - [2025-08-29T11:13:33.768+0000] {dag.py:3954} INFO - Setting next_dagrun for av_daily_ingest to 2025-08-29 10:00:00+00:00, run_after=2025-08-29 11:00:00+00:00
[2025-08-29T11:13:33.798+0000] {processor.py:183} INFO - Processing /opt/airflow/dags/av_daily_ingest.py took 0.171 seconds
[2025-08-29T11:14:03.903+0000] {processor.py:161} INFO - Started process (PID=2232) to work on /opt/airflow/dags/av_daily_ingest.py
[2025-08-29T11:14:03.911+0000] {processor.py:830} INFO - Processing file /opt/airflow/dags/av_daily_ingest.py for tasks to queue
[2025-08-29T11:14:03.913+0000] {logging_mixin.py:188} INFO - [2025-08-29T11:14:03.913+0000] {dagbag.py:545} INFO - Filling up the DagBag from /opt/airflow/dags/av_daily_ingest.py
[2025-08-29T11:14:03.959+0000] {processor.py:840} INFO - DAG(s) 'av_daily_ingest' retrieved from /opt/airflow/dags/av_daily_ingest.py
[2025-08-29T11:14:04.044+0000] {logging_mixin.py:188} INFO - [2025-08-29T11:14:04.044+0000] {dag.py:3096} INFO - Sync 1 DAGs
[2025-08-29T11:14:04.101+0000] {logging_mixin.py:188} INFO - [2025-08-29T11:14:04.101+0000] {dag.py:3954} INFO - Setting next_dagrun for av_daily_ingest to 2025-08-29 10:00:00+00:00, run_after=2025-08-29 11:00:00+00:00
[2025-08-29T11:14:04.170+0000] {processor.py:183} INFO - Processing /opt/airflow/dags/av_daily_ingest.py took 0.275 seconds
[2025-08-29T11:14:34.260+0000] {processor.py:161} INFO - Started process (PID=2244) to work on /opt/airflow/dags/av_daily_ingest.py
[2025-08-29T11:14:34.262+0000] {processor.py:830} INFO - Processing file /opt/airflow/dags/av_daily_ingest.py for tasks to queue
[2025-08-29T11:14:34.264+0000] {logging_mixin.py:188} INFO - [2025-08-29T11:14:34.264+0000] {dagbag.py:545} INFO - Filling up the DagBag from /opt/airflow/dags/av_daily_ingest.py
[2025-08-29T11:14:34.295+0000] {processor.py:840} INFO - DAG(s) 'av_daily_ingest' retrieved from /opt/airflow/dags/av_daily_ingest.py
[2025-08-29T11:14:34.361+0000] {logging_mixin.py:188} INFO - [2025-08-29T11:14:34.360+0000] {dag.py:3096} INFO - Sync 1 DAGs
[2025-08-29T11:14:34.410+0000] {logging_mixin.py:188} INFO - [2025-08-29T11:14:34.410+0000] {dag.py:3954} INFO - Setting next_dagrun for av_daily_ingest to 2025-08-29 10:00:00+00:00, run_after=2025-08-29 11:00:00+00:00
[2025-08-29T11:14:34.494+0000] {processor.py:183} INFO - Processing /opt/airflow/dags/av_daily_ingest.py took 0.240 seconds
[2025-08-29T11:15:04.637+0000] {processor.py:161} INFO - Started process (PID=2256) to work on /opt/airflow/dags/av_daily_ingest.py
[2025-08-29T11:15:04.639+0000] {processor.py:830} INFO - Processing file /opt/airflow/dags/av_daily_ingest.py for tasks to queue
[2025-08-29T11:15:04.644+0000] {logging_mixin.py:188} INFO - [2025-08-29T11:15:04.643+0000] {dagbag.py:545} INFO - Filling up the DagBag from /opt/airflow/dags/av_daily_ingest.py
[2025-08-29T11:15:04.696+0000] {processor.py:840} INFO - DAG(s) 'av_daily_ingest' retrieved from /opt/airflow/dags/av_daily_ingest.py
[2025-08-29T11:15:04.773+0000] {logging_mixin.py:188} INFO - [2025-08-29T11:15:04.773+0000] {dag.py:3096} INFO - Sync 1 DAGs
[2025-08-29T11:15:04.831+0000] {logging_mixin.py:188} INFO - [2025-08-29T11:15:04.830+0000] {dag.py:3954} INFO - Setting next_dagrun for av_daily_ingest to 2025-08-29 10:00:00+00:00, run_after=2025-08-29 11:00:00+00:00
[2025-08-29T11:15:04.882+0000] {processor.py:183} INFO - Processing /opt/airflow/dags/av_daily_ingest.py took 0.257 seconds
[2025-08-29T11:15:34.951+0000] {processor.py:161} INFO - Started process (PID=2267) to work on /opt/airflow/dags/av_daily_ingest.py
[2025-08-29T11:15:34.953+0000] {processor.py:830} INFO - Processing file /opt/airflow/dags/av_daily_ingest.py for tasks to queue
[2025-08-29T11:15:34.956+0000] {logging_mixin.py:188} INFO - [2025-08-29T11:15:34.955+0000] {dagbag.py:545} INFO - Filling up the DagBag from /opt/airflow/dags/av_daily_ingest.py
[2025-08-29T11:15:34.985+0000] {processor.py:840} INFO - DAG(s) 'av_daily_ingest' retrieved from /opt/airflow/dags/av_daily_ingest.py
[2025-08-29T11:15:35.063+0000] {logging_mixin.py:188} INFO - [2025-08-29T11:15:35.063+0000] {dag.py:3096} INFO - Sync 1 DAGs
[2025-08-29T11:15:35.205+0000] {logging_mixin.py:188} INFO - [2025-08-29T11:15:35.204+0000] {dag.py:3954} INFO - Setting next_dagrun for av_daily_ingest to 2025-08-29 10:00:00+00:00, run_after=2025-08-29 11:00:00+00:00
[2025-08-29T11:15:35.273+0000] {processor.py:183} INFO - Processing /opt/airflow/dags/av_daily_ingest.py took 0.330 seconds
[2025-08-29T11:16:05.505+0000] {processor.py:161} INFO - Started process (PID=2278) to work on /opt/airflow/dags/av_daily_ingest.py
[2025-08-29T11:16:05.507+0000] {processor.py:830} INFO - Processing file /opt/airflow/dags/av_daily_ingest.py for tasks to queue
[2025-08-29T11:16:05.509+0000] {logging_mixin.py:188} INFO - [2025-08-29T11:16:05.508+0000] {dagbag.py:545} INFO - Filling up the DagBag from /opt/airflow/dags/av_daily_ingest.py
[2025-08-29T11:16:05.528+0000] {processor.py:840} INFO - DAG(s) 'av_daily_ingest' retrieved from /opt/airflow/dags/av_daily_ingest.py
[2025-08-29T11:16:05.563+0000] {logging_mixin.py:188} INFO - [2025-08-29T11:16:05.563+0000] {dag.py:3096} INFO - Sync 1 DAGs
[2025-08-29T11:16:05.591+0000] {logging_mixin.py:188} INFO - [2025-08-29T11:16:05.591+0000] {dag.py:3954} INFO - Setting next_dagrun for av_daily_ingest to 2025-08-29 10:00:00+00:00, run_after=2025-08-29 11:00:00+00:00
[2025-08-29T11:16:05.613+0000] {processor.py:183} INFO - Processing /opt/airflow/dags/av_daily_ingest.py took 0.115 seconds
[2025-08-29T11:16:35.687+0000] {processor.py:161} INFO - Started process (PID=2290) to work on /opt/airflow/dags/av_daily_ingest.py
[2025-08-29T11:16:35.688+0000] {processor.py:830} INFO - Processing file /opt/airflow/dags/av_daily_ingest.py for tasks to queue
[2025-08-29T11:16:35.690+0000] {logging_mixin.py:188} INFO - [2025-08-29T11:16:35.690+0000] {dagbag.py:545} INFO - Filling up the DagBag from /opt/airflow/dags/av_daily_ingest.py
[2025-08-29T11:16:35.711+0000] {processor.py:840} INFO - DAG(s) 'av_daily_ingest' retrieved from /opt/airflow/dags/av_daily_ingest.py
[2025-08-29T11:16:35.749+0000] {logging_mixin.py:188} INFO - [2025-08-29T11:16:35.748+0000] {dag.py:3096} INFO - Sync 1 DAGs
[2025-08-29T11:16:35.796+0000] {logging_mixin.py:188} INFO - [2025-08-29T11:16:35.796+0000] {dag.py:3954} INFO - Setting next_dagrun for av_daily_ingest to 2025-08-29 10:00:00+00:00, run_after=2025-08-29 11:00:00+00:00
[2025-08-29T11:16:35.830+0000] {processor.py:183} INFO - Processing /opt/airflow/dags/av_daily_ingest.py took 0.150 seconds
[2025-08-29T11:17:05.975+0000] {processor.py:161} INFO - Started process (PID=2302) to work on /opt/airflow/dags/av_daily_ingest.py
[2025-08-29T11:17:05.977+0000] {processor.py:830} INFO - Processing file /opt/airflow/dags/av_daily_ingest.py for tasks to queue
[2025-08-29T11:17:05.981+0000] {logging_mixin.py:188} INFO - [2025-08-29T11:17:05.980+0000] {dagbag.py:545} INFO - Filling up the DagBag from /opt/airflow/dags/av_daily_ingest.py
[2025-08-29T11:17:06.024+0000] {processor.py:840} INFO - DAG(s) 'av_daily_ingest' retrieved from /opt/airflow/dags/av_daily_ingest.py
[2025-08-29T11:17:06.139+0000] {logging_mixin.py:188} INFO - [2025-08-29T11:17:06.138+0000] {dag.py:3096} INFO - Sync 1 DAGs
[2025-08-29T11:17:06.222+0000] {logging_mixin.py:188} INFO - [2025-08-29T11:17:06.222+0000] {dag.py:3954} INFO - Setting next_dagrun for av_daily_ingest to 2025-08-29 10:00:00+00:00, run_after=2025-08-29 11:00:00+00:00
[2025-08-29T11:17:06.244+0000] {processor.py:183} INFO - Processing /opt/airflow/dags/av_daily_ingest.py took 0.277 seconds
[2025-08-29T11:17:36.469+0000] {processor.py:161} INFO - Started process (PID=2314) to work on /opt/airflow/dags/av_daily_ingest.py
[2025-08-29T11:17:36.471+0000] {processor.py:830} INFO - Processing file /opt/airflow/dags/av_daily_ingest.py for tasks to queue
[2025-08-29T11:17:36.474+0000] {logging_mixin.py:188} INFO - [2025-08-29T11:17:36.474+0000] {dagbag.py:545} INFO - Filling up the DagBag from /opt/airflow/dags/av_daily_ingest.py
[2025-08-29T11:17:36.503+0000] {processor.py:840} INFO - DAG(s) 'av_daily_ingest' retrieved from /opt/airflow/dags/av_daily_ingest.py
[2025-08-29T11:17:36.557+0000] {logging_mixin.py:188} INFO - [2025-08-29T11:17:36.557+0000] {dag.py:3096} INFO - Sync 1 DAGs
[2025-08-29T11:17:36.648+0000] {logging_mixin.py:188} INFO - [2025-08-29T11:17:36.647+0000] {dag.py:3954} INFO - Setting next_dagrun for av_daily_ingest to 2025-08-29 10:00:00+00:00, run_after=2025-08-29 11:00:00+00:00
[2025-08-29T11:17:36.796+0000] {processor.py:183} INFO - Processing /opt/airflow/dags/av_daily_ingest.py took 0.336 seconds
[2025-08-29T11:18:07.136+0000] {processor.py:161} INFO - Started process (PID=2325) to work on /opt/airflow/dags/av_daily_ingest.py
[2025-08-29T11:18:07.156+0000] {processor.py:830} INFO - Processing file /opt/airflow/dags/av_daily_ingest.py for tasks to queue
[2025-08-29T11:18:07.159+0000] {logging_mixin.py:188} INFO - [2025-08-29T11:18:07.158+0000] {dagbag.py:545} INFO - Filling up the DagBag from /opt/airflow/dags/av_daily_ingest.py
[2025-08-29T11:18:07.224+0000] {processor.py:840} INFO - DAG(s) 'av_daily_ingest' retrieved from /opt/airflow/dags/av_daily_ingest.py
[2025-08-29T11:18:07.263+0000] {logging_mixin.py:188} INFO - [2025-08-29T11:18:07.263+0000] {dag.py:3096} INFO - Sync 1 DAGs
[2025-08-29T11:18:07.289+0000] {logging_mixin.py:188} INFO - [2025-08-29T11:18:07.289+0000] {dag.py:3954} INFO - Setting next_dagrun for av_daily_ingest to 2025-08-29 10:00:00+00:00, run_after=2025-08-29 11:00:00+00:00
[2025-08-29T11:18:07.380+0000] {processor.py:183} INFO - Processing /opt/airflow/dags/av_daily_ingest.py took 0.252 seconds
[2025-08-29T11:18:37.592+0000] {processor.py:161} INFO - Started process (PID=2337) to work on /opt/airflow/dags/av_daily_ingest.py
[2025-08-29T11:18:37.594+0000] {processor.py:830} INFO - Processing file /opt/airflow/dags/av_daily_ingest.py for tasks to queue
[2025-08-29T11:18:37.597+0000] {logging_mixin.py:188} INFO - [2025-08-29T11:18:37.596+0000] {dagbag.py:545} INFO - Filling up the DagBag from /opt/airflow/dags/av_daily_ingest.py
[2025-08-29T11:18:37.686+0000] {processor.py:840} INFO - DAG(s) 'av_daily_ingest' retrieved from /opt/airflow/dags/av_daily_ingest.py
[2025-08-29T11:18:37.782+0000] {logging_mixin.py:188} INFO - [2025-08-29T11:18:37.782+0000] {dag.py:3096} INFO - Sync 1 DAGs
[2025-08-29T11:18:37.929+0000] {logging_mixin.py:188} INFO - [2025-08-29T11:18:37.928+0000] {dag.py:3954} INFO - Setting next_dagrun for av_daily_ingest to 2025-08-29 10:00:00+00:00, run_after=2025-08-29 11:00:00+00:00
[2025-08-29T11:18:38.030+0000] {processor.py:183} INFO - Processing /opt/airflow/dags/av_daily_ingest.py took 0.447 seconds
[2025-08-29T11:19:08.245+0000] {processor.py:161} INFO - Started process (PID=2348) to work on /opt/airflow/dags/av_daily_ingest.py
[2025-08-29T11:19:08.247+0000] {processor.py:830} INFO - Processing file /opt/airflow/dags/av_daily_ingest.py for tasks to queue
[2025-08-29T11:19:08.251+0000] {logging_mixin.py:188} INFO - [2025-08-29T11:19:08.250+0000] {dagbag.py:545} INFO - Filling up the DagBag from /opt/airflow/dags/av_daily_ingest.py
[2025-08-29T11:19:08.279+0000] {processor.py:840} INFO - DAG(s) 'av_daily_ingest' retrieved from /opt/airflow/dags/av_daily_ingest.py
[2025-08-29T11:19:08.333+0000] {logging_mixin.py:188} INFO - [2025-08-29T11:19:08.333+0000] {dag.py:3096} INFO - Sync 1 DAGs
[2025-08-29T11:19:08.361+0000] {logging_mixin.py:188} INFO - [2025-08-29T11:19:08.361+0000] {dag.py:3954} INFO - Setting next_dagrun for av_daily_ingest to 2025-08-29 10:00:00+00:00, run_after=2025-08-29 11:00:00+00:00
[2025-08-29T11:19:08.385+0000] {processor.py:183} INFO - Processing /opt/airflow/dags/av_daily_ingest.py took 0.153 seconds
[2025-08-29T11:19:49.046+0000] {processor.py:161} INFO - Started process (PID=2361) to work on /opt/airflow/dags/av_daily_ingest.py
[2025-08-29T11:19:49.841+0000] {processor.py:830} INFO - Processing file /opt/airflow/dags/av_daily_ingest.py for tasks to queue
[2025-08-29T11:19:51.340+0000] {logging_mixin.py:188} INFO - [2025-08-29T11:19:50.743+0000] {dagbag.py:545} INFO - Filling up the DagBag from /opt/airflow/dags/av_daily_ingest.py
[2025-08-29T11:20:02.467+0000] {processor.py:840} INFO - DAG(s) 'av_daily_ingest' retrieved from /opt/airflow/dags/av_daily_ingest.py
[2025-08-29T11:20:12.784+0000] {logging_mixin.py:188} INFO - [2025-08-29T11:20:12.779+0000] {dag.py:3096} INFO - Sync 1 DAGs
[2025-08-29T11:20:15.466+0000] {logging_mixin.py:188} INFO - [2025-08-29T11:20:15.461+0000] {dag.py:3954} INFO - Setting next_dagrun for av_daily_ingest to 2025-08-29 10:00:00+00:00, run_after=2025-08-29 11:00:00+00:00
[2025-08-29T11:20:17.742+0000] {processor.py:183} INFO - Processing /opt/airflow/dags/av_daily_ingest.py took 34.780 seconds
[2025-08-29T11:20:48.460+0000] {processor.py:161} INFO - Started process (PID=2372) to work on /opt/airflow/dags/av_daily_ingest.py
[2025-08-29T11:20:48.464+0000] {processor.py:830} INFO - Processing file /opt/airflow/dags/av_daily_ingest.py for tasks to queue
[2025-08-29T11:20:48.484+0000] {logging_mixin.py:188} INFO - [2025-08-29T11:20:48.478+0000] {dagbag.py:545} INFO - Filling up the DagBag from /opt/airflow/dags/av_daily_ingest.py
[2025-08-29T11:20:48.526+0000] {processor.py:840} INFO - DAG(s) 'av_daily_ingest' retrieved from /opt/airflow/dags/av_daily_ingest.py
[2025-08-29T11:20:48.575+0000] {logging_mixin.py:188} INFO - [2025-08-29T11:20:48.575+0000] {dag.py:3096} INFO - Sync 1 DAGs
[2025-08-29T11:20:48.608+0000] {logging_mixin.py:188} INFO - [2025-08-29T11:20:48.608+0000] {dag.py:3954} INFO - Setting next_dagrun for av_daily_ingest to 2025-08-29 10:00:00+00:00, run_after=2025-08-29 11:00:00+00:00
[2025-08-29T11:20:48.634+0000] {processor.py:183} INFO - Processing /opt/airflow/dags/av_daily_ingest.py took 0.263 seconds
[2025-08-29T11:21:18.932+0000] {processor.py:161} INFO - Started process (PID=2389) to work on /opt/airflow/dags/av_daily_ingest.py
[2025-08-29T11:21:18.937+0000] {processor.py:830} INFO - Processing file /opt/airflow/dags/av_daily_ingest.py for tasks to queue
[2025-08-29T11:21:18.953+0000] {logging_mixin.py:188} INFO - [2025-08-29T11:21:18.951+0000] {dagbag.py:545} INFO - Filling up the DagBag from /opt/airflow/dags/av_daily_ingest.py
[2025-08-29T11:21:19.040+0000] {processor.py:840} INFO - DAG(s) 'av_daily_ingest' retrieved from /opt/airflow/dags/av_daily_ingest.py
[2025-08-29T11:21:19.155+0000] {logging_mixin.py:188} INFO - [2025-08-29T11:21:19.154+0000] {dag.py:3096} INFO - Sync 1 DAGs
[2025-08-29T11:21:19.249+0000] {logging_mixin.py:188} INFO - [2025-08-29T11:21:19.248+0000] {dag.py:3954} INFO - Setting next_dagrun for av_daily_ingest to 2025-08-29 10:00:00+00:00, run_after=2025-08-29 11:00:00+00:00
[2025-08-29T11:21:19.323+0000] {processor.py:183} INFO - Processing /opt/airflow/dags/av_daily_ingest.py took 0.440 seconds
[2025-08-29T11:22:00.309+0000] {processor.py:161} INFO - Started process (PID=2400) to work on /opt/airflow/dags/av_daily_ingest.py
[2025-08-29T11:22:01.258+0000] {processor.py:830} INFO - Processing file /opt/airflow/dags/av_daily_ingest.py for tasks to queue
[2025-08-29T11:22:04.590+0000] {logging_mixin.py:188} INFO - [2025-08-29T11:22:04.382+0000] {dagbag.py:545} INFO - Filling up the DagBag from /opt/airflow/dags/av_daily_ingest.py
[2025-08-29T11:22:14.168+0000] {processor.py:840} INFO - DAG(s) 'av_daily_ingest' retrieved from /opt/airflow/dags/av_daily_ingest.py
[2025-08-29T11:22:15.707+0000] {logging_mixin.py:188} INFO - [2025-08-29T11:22:15.706+0000] {dag.py:3096} INFO - Sync 1 DAGs
[2025-08-29T11:22:20.232+0000] {logging_mixin.py:188} INFO - [2025-08-29T11:22:20.225+0000] {dag.py:3954} INFO - Setting next_dagrun for av_daily_ingest to 2025-08-29 10:00:00+00:00, run_after=2025-08-29 11:00:00+00:00
[2025-08-29T11:22:20.494+0000] {processor.py:183} INFO - Processing /opt/airflow/dags/av_daily_ingest.py took 25.183 seconds
[2025-08-29T11:22:56.812+0000] {processor.py:161} INFO - Started process (PID=2412) to work on /opt/airflow/dags/av_daily_ingest.py
[2025-08-29T11:22:56.821+0000] {processor.py:830} INFO - Processing file /opt/airflow/dags/av_daily_ingest.py for tasks to queue
[2025-08-29T11:22:56.883+0000] {logging_mixin.py:188} INFO - [2025-08-29T11:22:56.872+0000] {dagbag.py:545} INFO - Filling up the DagBag from /opt/airflow/dags/av_daily_ingest.py
[2025-08-29T11:22:57.253+0000] {processor.py:840} INFO - DAG(s) 'av_daily_ingest' retrieved from /opt/airflow/dags/av_daily_ingest.py
[2025-08-29T11:22:57.747+0000] {logging_mixin.py:188} INFO - [2025-08-29T11:22:57.746+0000] {dag.py:3096} INFO - Sync 1 DAGs
[2025-08-29T11:22:57.970+0000] {logging_mixin.py:188} INFO - [2025-08-29T11:22:57.969+0000] {dag.py:3954} INFO - Setting next_dagrun for av_daily_ingest to 2025-08-29 10:00:00+00:00, run_after=2025-08-29 11:00:00+00:00
[2025-08-29T11:22:58.068+0000] {processor.py:183} INFO - Processing /opt/airflow/dags/av_daily_ingest.py took 3.449 seconds
[2025-08-29T11:23:28.287+0000] {processor.py:161} INFO - Started process (PID=2423) to work on /opt/airflow/dags/av_daily_ingest.py
[2025-08-29T11:23:28.288+0000] {processor.py:830} INFO - Processing file /opt/airflow/dags/av_daily_ingest.py for tasks to queue
[2025-08-29T11:23:28.291+0000] {logging_mixin.py:188} INFO - [2025-08-29T11:23:28.291+0000] {dagbag.py:545} INFO - Filling up the DagBag from /opt/airflow/dags/av_daily_ingest.py
[2025-08-29T11:23:28.317+0000] {processor.py:840} INFO - DAG(s) 'av_daily_ingest' retrieved from /opt/airflow/dags/av_daily_ingest.py
[2025-08-29T11:23:28.381+0000] {logging_mixin.py:188} INFO - [2025-08-29T11:23:28.381+0000] {dag.py:3096} INFO - Sync 1 DAGs
[2025-08-29T11:23:28.486+0000] {logging_mixin.py:188} INFO - [2025-08-29T11:23:28.486+0000] {dag.py:3954} INFO - Setting next_dagrun for av_daily_ingest to 2025-08-29 10:00:00+00:00, run_after=2025-08-29 11:00:00+00:00
[2025-08-29T11:23:28.540+0000] {processor.py:183} INFO - Processing /opt/airflow/dags/av_daily_ingest.py took 0.260 seconds
[2025-08-29T11:23:58.736+0000] {processor.py:161} INFO - Started process (PID=2434) to work on /opt/airflow/dags/av_daily_ingest.py
[2025-08-29T11:23:58.737+0000] {processor.py:830} INFO - Processing file /opt/airflow/dags/av_daily_ingest.py for tasks to queue
[2025-08-29T11:23:58.742+0000] {logging_mixin.py:188} INFO - [2025-08-29T11:23:58.741+0000] {dagbag.py:545} INFO - Filling up the DagBag from /opt/airflow/dags/av_daily_ingest.py
[2025-08-29T11:23:58.764+0000] {processor.py:840} INFO - DAG(s) 'av_daily_ingest' retrieved from /opt/airflow/dags/av_daily_ingest.py
[2025-08-29T11:23:58.974+0000] {logging_mixin.py:188} INFO - [2025-08-29T11:23:58.973+0000] {dag.py:3096} INFO - Sync 1 DAGs
[2025-08-29T11:23:59.060+0000] {logging_mixin.py:188} INFO - [2025-08-29T11:23:59.060+0000] {dag.py:3954} INFO - Setting next_dagrun for av_daily_ingest to 2025-08-29 10:00:00+00:00, run_after=2025-08-29 11:00:00+00:00
[2025-08-29T11:23:59.091+0000] {processor.py:183} INFO - Processing /opt/airflow/dags/av_daily_ingest.py took 0.363 seconds
[2025-08-29T11:24:29.508+0000] {processor.py:161} INFO - Started process (PID=2447) to work on /opt/airflow/dags/av_daily_ingest.py
[2025-08-29T11:24:29.516+0000] {processor.py:830} INFO - Processing file /opt/airflow/dags/av_daily_ingest.py for tasks to queue
[2025-08-29T11:24:29.579+0000] {logging_mixin.py:188} INFO - [2025-08-29T11:24:29.562+0000] {dagbag.py:545} INFO - Filling up the DagBag from /opt/airflow/dags/av_daily_ingest.py
[2025-08-29T11:24:30.068+0000] {processor.py:840} INFO - DAG(s) 'av_daily_ingest' retrieved from /opt/airflow/dags/av_daily_ingest.py
[2025-08-29T11:24:32.033+0000] {logging_mixin.py:188} INFO - [2025-08-29T11:24:32.032+0000] {dag.py:3096} INFO - Sync 1 DAGs
[2025-08-29T11:24:32.358+0000] {logging_mixin.py:188} INFO - [2025-08-29T11:24:32.357+0000] {dag.py:3954} INFO - Setting next_dagrun for av_daily_ingest to 2025-08-29 10:00:00+00:00, run_after=2025-08-29 11:00:00+00:00
[2025-08-29T11:24:32.485+0000] {processor.py:183} INFO - Processing /opt/airflow/dags/av_daily_ingest.py took 3.087 seconds
[2025-08-29T11:25:03.403+0000] {processor.py:161} INFO - Started process (PID=2458) to work on /opt/airflow/dags/av_daily_ingest.py
[2025-08-29T11:25:03.419+0000] {processor.py:830} INFO - Processing file /opt/airflow/dags/av_daily_ingest.py for tasks to queue
[2025-08-29T11:25:03.454+0000] {logging_mixin.py:188} INFO - [2025-08-29T11:25:03.449+0000] {dagbag.py:545} INFO - Filling up the DagBag from /opt/airflow/dags/av_daily_ingest.py
[2025-08-29T11:25:03.590+0000] {processor.py:840} INFO - DAG(s) 'av_daily_ingest' retrieved from /opt/airflow/dags/av_daily_ingest.py
[2025-08-29T11:25:03.758+0000] {logging_mixin.py:188} INFO - [2025-08-29T11:25:03.758+0000] {dag.py:3096} INFO - Sync 1 DAGs
[2025-08-29T11:25:03.847+0000] {logging_mixin.py:188} INFO - [2025-08-29T11:25:03.846+0000] {dag.py:3954} INFO - Setting next_dagrun for av_daily_ingest to 2025-08-29 10:00:00+00:00, run_after=2025-08-29 11:00:00+00:00
[2025-08-29T11:25:03.898+0000] {processor.py:183} INFO - Processing /opt/airflow/dags/av_daily_ingest.py took 0.617 seconds
[2025-08-29T11:25:34.157+0000] {processor.py:161} INFO - Started process (PID=2469) to work on /opt/airflow/dags/av_daily_ingest.py
[2025-08-29T11:25:34.158+0000] {processor.py:830} INFO - Processing file /opt/airflow/dags/av_daily_ingest.py for tasks to queue
[2025-08-29T11:25:34.161+0000] {logging_mixin.py:188} INFO - [2025-08-29T11:25:34.161+0000] {dagbag.py:545} INFO - Filling up the DagBag from /opt/airflow/dags/av_daily_ingest.py
[2025-08-29T11:25:34.181+0000] {processor.py:840} INFO - DAG(s) 'av_daily_ingest' retrieved from /opt/airflow/dags/av_daily_ingest.py
[2025-08-29T11:25:34.215+0000] {logging_mixin.py:188} INFO - [2025-08-29T11:25:34.215+0000] {dag.py:3096} INFO - Sync 1 DAGs
[2025-08-29T11:25:34.262+0000] {logging_mixin.py:188} INFO - [2025-08-29T11:25:34.261+0000] {dag.py:3954} INFO - Setting next_dagrun for av_daily_ingest to 2025-08-29 10:00:00+00:00, run_after=2025-08-29 11:00:00+00:00
[2025-08-29T11:25:34.285+0000] {processor.py:183} INFO - Processing /opt/airflow/dags/av_daily_ingest.py took 0.137 seconds
[2025-08-29T11:26:04.349+0000] {processor.py:161} INFO - Started process (PID=2479) to work on /opt/airflow/dags/av_daily_ingest.py
[2025-08-29T11:26:04.350+0000] {processor.py:830} INFO - Processing file /opt/airflow/dags/av_daily_ingest.py for tasks to queue
[2025-08-29T11:26:04.353+0000] {logging_mixin.py:188} INFO - [2025-08-29T11:26:04.352+0000] {dagbag.py:545} INFO - Filling up the DagBag from /opt/airflow/dags/av_daily_ingest.py
[2025-08-29T11:26:04.375+0000] {processor.py:840} INFO - DAG(s) 'av_daily_ingest' retrieved from /opt/airflow/dags/av_daily_ingest.py
[2025-08-29T11:26:04.413+0000] {logging_mixin.py:188} INFO - [2025-08-29T11:26:04.413+0000] {dag.py:3096} INFO - Sync 1 DAGs
[2025-08-29T11:26:04.468+0000] {logging_mixin.py:188} INFO - [2025-08-29T11:26:04.468+0000] {dag.py:3954} INFO - Setting next_dagrun for av_daily_ingest to 2025-08-29 10:00:00+00:00, run_after=2025-08-29 11:00:00+00:00
[2025-08-29T11:26:04.501+0000] {processor.py:183} INFO - Processing /opt/airflow/dags/av_daily_ingest.py took 0.159 seconds
[2025-08-29T11:26:34.705+0000] {processor.py:161} INFO - Started process (PID=2490) to work on /opt/airflow/dags/av_daily_ingest.py
[2025-08-29T11:26:34.706+0000] {processor.py:830} INFO - Processing file /opt/airflow/dags/av_daily_ingest.py for tasks to queue
[2025-08-29T11:26:34.709+0000] {logging_mixin.py:188} INFO - [2025-08-29T11:26:34.708+0000] {dagbag.py:545} INFO - Filling up the DagBag from /opt/airflow/dags/av_daily_ingest.py
[2025-08-29T11:26:34.732+0000] {processor.py:840} INFO - DAG(s) 'av_daily_ingest' retrieved from /opt/airflow/dags/av_daily_ingest.py
[2025-08-29T11:26:34.779+0000] {logging_mixin.py:188} INFO - [2025-08-29T11:26:34.778+0000] {dag.py:3096} INFO - Sync 1 DAGs
[2025-08-29T11:26:34.811+0000] {logging_mixin.py:188} INFO - [2025-08-29T11:26:34.810+0000] {dag.py:3954} INFO - Setting next_dagrun for av_daily_ingest to 2025-08-29 10:00:00+00:00, run_after=2025-08-29 11:00:00+00:00
[2025-08-29T11:26:34.836+0000] {processor.py:183} INFO - Processing /opt/airflow/dags/av_daily_ingest.py took 0.139 seconds
[2025-08-29T11:27:04.925+0000] {processor.py:161} INFO - Started process (PID=2501) to work on /opt/airflow/dags/av_daily_ingest.py
[2025-08-29T11:27:04.935+0000] {processor.py:830} INFO - Processing file /opt/airflow/dags/av_daily_ingest.py for tasks to queue
[2025-08-29T11:27:04.940+0000] {logging_mixin.py:188} INFO - [2025-08-29T11:27:04.939+0000] {dagbag.py:545} INFO - Filling up the DagBag from /opt/airflow/dags/av_daily_ingest.py
[2025-08-29T11:27:05.032+0000] {processor.py:840} INFO - DAG(s) 'av_daily_ingest' retrieved from /opt/airflow/dags/av_daily_ingest.py
[2025-08-29T11:27:05.120+0000] {logging_mixin.py:188} INFO - [2025-08-29T11:27:05.120+0000] {dag.py:3096} INFO - Sync 1 DAGs
[2025-08-29T11:27:05.166+0000] {logging_mixin.py:188} INFO - [2025-08-29T11:27:05.166+0000] {dag.py:3954} INFO - Setting next_dagrun for av_daily_ingest to 2025-08-29 10:00:00+00:00, run_after=2025-08-29 11:00:00+00:00
[2025-08-29T11:27:05.203+0000] {processor.py:183} INFO - Processing /opt/airflow/dags/av_daily_ingest.py took 0.285 seconds
[2025-08-29T11:27:35.455+0000] {processor.py:161} INFO - Started process (PID=2512) to work on /opt/airflow/dags/av_daily_ingest.py
[2025-08-29T11:27:35.457+0000] {processor.py:830} INFO - Processing file /opt/airflow/dags/av_daily_ingest.py for tasks to queue
[2025-08-29T11:27:35.461+0000] {logging_mixin.py:188} INFO - [2025-08-29T11:27:35.460+0000] {dagbag.py:545} INFO - Filling up the DagBag from /opt/airflow/dags/av_daily_ingest.py
[2025-08-29T11:27:35.502+0000] {processor.py:840} INFO - DAG(s) 'av_daily_ingest' retrieved from /opt/airflow/dags/av_daily_ingest.py
[2025-08-29T11:27:35.649+0000] {logging_mixin.py:188} INFO - [2025-08-29T11:27:35.648+0000] {dag.py:3096} INFO - Sync 1 DAGs
[2025-08-29T11:27:35.717+0000] {logging_mixin.py:188} INFO - [2025-08-29T11:27:35.717+0000] {dag.py:3954} INFO - Setting next_dagrun for av_daily_ingest to 2025-08-29 10:00:00+00:00, run_after=2025-08-29 11:00:00+00:00
[2025-08-29T11:27:35.755+0000] {processor.py:183} INFO - Processing /opt/airflow/dags/av_daily_ingest.py took 0.311 seconds
[2025-08-29T11:28:05.946+0000] {processor.py:161} INFO - Started process (PID=2523) to work on /opt/airflow/dags/av_daily_ingest.py
[2025-08-29T11:28:05.947+0000] {processor.py:830} INFO - Processing file /opt/airflow/dags/av_daily_ingest.py for tasks to queue
[2025-08-29T11:28:05.950+0000] {logging_mixin.py:188} INFO - [2025-08-29T11:28:05.950+0000] {dagbag.py:545} INFO - Filling up the DagBag from /opt/airflow/dags/av_daily_ingest.py
[2025-08-29T11:28:05.975+0000] {processor.py:840} INFO - DAG(s) 'av_daily_ingest' retrieved from /opt/airflow/dags/av_daily_ingest.py
[2025-08-29T11:28:06.026+0000] {logging_mixin.py:188} INFO - [2025-08-29T11:28:06.025+0000] {dag.py:3096} INFO - Sync 1 DAGs
[2025-08-29T11:28:06.058+0000] {logging_mixin.py:188} INFO - [2025-08-29T11:28:06.058+0000] {dag.py:3954} INFO - Setting next_dagrun for av_daily_ingest to 2025-08-29 10:00:00+00:00, run_after=2025-08-29 11:00:00+00:00
[2025-08-29T11:28:06.086+0000] {processor.py:183} INFO - Processing /opt/airflow/dags/av_daily_ingest.py took 0.149 seconds
[2025-08-29T11:28:36.192+0000] {processor.py:161} INFO - Started process (PID=2534) to work on /opt/airflow/dags/av_daily_ingest.py
[2025-08-29T11:28:36.193+0000] {processor.py:830} INFO - Processing file /opt/airflow/dags/av_daily_ingest.py for tasks to queue
[2025-08-29T11:28:36.196+0000] {logging_mixin.py:188} INFO - [2025-08-29T11:28:36.196+0000] {dagbag.py:545} INFO - Filling up the DagBag from /opt/airflow/dags/av_daily_ingest.py
[2025-08-29T11:28:36.227+0000] {processor.py:840} INFO - DAG(s) 'av_daily_ingest' retrieved from /opt/airflow/dags/av_daily_ingest.py
[2025-08-29T11:28:36.266+0000] {logging_mixin.py:188} INFO - [2025-08-29T11:28:36.266+0000] {dag.py:3096} INFO - Sync 1 DAGs
[2025-08-29T11:28:36.295+0000] {logging_mixin.py:188} INFO - [2025-08-29T11:28:36.294+0000] {dag.py:3954} INFO - Setting next_dagrun for av_daily_ingest to 2025-08-29 10:00:00+00:00, run_after=2025-08-29 11:00:00+00:00
[2025-08-29T11:28:36.319+0000] {processor.py:183} INFO - Processing /opt/airflow/dags/av_daily_ingest.py took 0.136 seconds
[2025-08-29T11:29:11.024+0000] {processor.py:161} INFO - Started process (PID=2545) to work on /opt/airflow/dags/av_daily_ingest.py
[2025-08-29T11:29:11.172+0000] {processor.py:830} INFO - Processing file /opt/airflow/dags/av_daily_ingest.py for tasks to queue
[2025-08-29T11:29:11.853+0000] {logging_mixin.py:188} INFO - [2025-08-29T11:29:11.648+0000] {dagbag.py:545} INFO - Filling up the DagBag from /opt/airflow/dags/av_daily_ingest.py
[2025-08-29T11:29:16.542+0000] {processor.py:840} INFO - DAG(s) 'av_daily_ingest' retrieved from /opt/airflow/dags/av_daily_ingest.py
[2025-08-29T11:29:19.427+0000] {logging_mixin.py:188} INFO - [2025-08-29T11:29:19.426+0000] {dag.py:3096} INFO - Sync 1 DAGs
[2025-08-29T11:29:19.677+0000] {logging_mixin.py:188} INFO - [2025-08-29T11:29:19.676+0000] {dag.py:3954} INFO - Setting next_dagrun for av_daily_ingest to 2025-08-29 10:00:00+00:00, run_after=2025-08-29 11:00:00+00:00
[2025-08-29T11:29:19.793+0000] {processor.py:183} INFO - Processing /opt/airflow/dags/av_daily_ingest.py took 10.260 seconds
[2025-08-29T11:29:50.409+0000] {processor.py:161} INFO - Started process (PID=2563) to work on /opt/airflow/dags/av_daily_ingest.py
[2025-08-29T11:29:50.412+0000] {processor.py:830} INFO - Processing file /opt/airflow/dags/av_daily_ingest.py for tasks to queue
[2025-08-29T11:29:50.419+0000] {logging_mixin.py:188} INFO - [2025-08-29T11:29:50.418+0000] {dagbag.py:545} INFO - Filling up the DagBag from /opt/airflow/dags/av_daily_ingest.py
[2025-08-29T11:29:50.452+0000] {processor.py:840} INFO - DAG(s) 'av_daily_ingest' retrieved from /opt/airflow/dags/av_daily_ingest.py
[2025-08-29T11:29:50.500+0000] {logging_mixin.py:188} INFO - [2025-08-29T11:29:50.500+0000] {dag.py:3096} INFO - Sync 1 DAGs
[2025-08-29T11:29:50.540+0000] {logging_mixin.py:188} INFO - [2025-08-29T11:29:50.540+0000] {dag.py:3954} INFO - Setting next_dagrun for av_daily_ingest to 2025-08-29 10:00:00+00:00, run_after=2025-08-29 11:00:00+00:00
[2025-08-29T11:29:50.565+0000] {processor.py:183} INFO - Processing /opt/airflow/dags/av_daily_ingest.py took 0.170 seconds
[2025-08-29T11:30:27.548+0000] {processor.py:161} INFO - Started process (PID=2575) to work on /opt/airflow/dags/av_daily_ingest.py
[2025-08-29T11:30:27.711+0000] {processor.py:830} INFO - Processing file /opt/airflow/dags/av_daily_ingest.py for tasks to queue
[2025-08-29T11:30:28.620+0000] {logging_mixin.py:188} INFO - [2025-08-29T11:30:28.385+0000] {dagbag.py:545} INFO - Filling up the DagBag from /opt/airflow/dags/av_daily_ingest.py
[2025-08-29T11:30:31.882+0000] {processor.py:840} INFO - DAG(s) 'av_daily_ingest' retrieved from /opt/airflow/dags/av_daily_ingest.py
[2025-08-29T11:30:32.584+0000] {logging_mixin.py:188} INFO - [2025-08-29T11:30:32.583+0000] {dag.py:3096} INFO - Sync 1 DAGs
[2025-08-29T11:30:33.010+0000] {logging_mixin.py:188} INFO - [2025-08-29T11:30:33.009+0000] {dag.py:3954} INFO - Setting next_dagrun for av_daily_ingest to 2025-08-29 10:00:00+00:00, run_after=2025-08-29 11:00:00+00:00
[2025-08-29T11:30:34.077+0000] {processor.py:183} INFO - Processing /opt/airflow/dags/av_daily_ingest.py took 9.070 seconds
[2025-08-29T11:31:04.685+0000] {processor.py:161} INFO - Started process (PID=2586) to work on /opt/airflow/dags/av_daily_ingest.py
[2025-08-29T11:31:04.696+0000] {processor.py:830} INFO - Processing file /opt/airflow/dags/av_daily_ingest.py for tasks to queue
[2025-08-29T11:31:04.717+0000] {logging_mixin.py:188} INFO - [2025-08-29T11:31:04.714+0000] {dagbag.py:545} INFO - Filling up the DagBag from /opt/airflow/dags/av_daily_ingest.py
[2025-08-29T11:31:04.799+0000] {processor.py:840} INFO - DAG(s) 'av_daily_ingest' retrieved from /opt/airflow/dags/av_daily_ingest.py
[2025-08-29T11:31:04.914+0000] {logging_mixin.py:188} INFO - [2025-08-29T11:31:04.914+0000] {dag.py:3096} INFO - Sync 1 DAGs
[2025-08-29T11:31:04.944+0000] {logging_mixin.py:188} INFO - [2025-08-29T11:31:04.944+0000] {dag.py:3954} INFO - Setting next_dagrun for av_daily_ingest to 2025-08-29 10:00:00+00:00, run_after=2025-08-29 11:00:00+00:00
[2025-08-29T11:31:05.020+0000] {processor.py:183} INFO - Processing /opt/airflow/dags/av_daily_ingest.py took 0.362 seconds
[2025-08-29T11:31:35.277+0000] {processor.py:161} INFO - Started process (PID=2596) to work on /opt/airflow/dags/av_daily_ingest.py
[2025-08-29T11:31:35.278+0000] {processor.py:830} INFO - Processing file /opt/airflow/dags/av_daily_ingest.py for tasks to queue
[2025-08-29T11:31:35.283+0000] {logging_mixin.py:188} INFO - [2025-08-29T11:31:35.282+0000] {dagbag.py:545} INFO - Filling up the DagBag from /opt/airflow/dags/av_daily_ingest.py
[2025-08-29T11:31:35.314+0000] {processor.py:840} INFO - DAG(s) 'av_daily_ingest' retrieved from /opt/airflow/dags/av_daily_ingest.py
[2025-08-29T11:31:35.360+0000] {logging_mixin.py:188} INFO - [2025-08-29T11:31:35.359+0000] {dag.py:3096} INFO - Sync 1 DAGs
[2025-08-29T11:31:35.393+0000] {logging_mixin.py:188} INFO - [2025-08-29T11:31:35.393+0000] {dag.py:3954} INFO - Setting next_dagrun for av_daily_ingest to 2025-08-29 10:00:00+00:00, run_after=2025-08-29 11:00:00+00:00
[2025-08-29T11:31:35.418+0000] {processor.py:183} INFO - Processing /opt/airflow/dags/av_daily_ingest.py took 0.149 seconds
[2025-08-29T11:32:05.642+0000] {processor.py:161} INFO - Started process (PID=2606) to work on /opt/airflow/dags/av_daily_ingest.py
[2025-08-29T11:32:05.643+0000] {processor.py:830} INFO - Processing file /opt/airflow/dags/av_daily_ingest.py for tasks to queue
[2025-08-29T11:32:05.646+0000] {logging_mixin.py:188} INFO - [2025-08-29T11:32:05.645+0000] {dagbag.py:545} INFO - Filling up the DagBag from /opt/airflow/dags/av_daily_ingest.py
[2025-08-29T11:32:05.698+0000] {processor.py:840} INFO - DAG(s) 'av_daily_ingest' retrieved from /opt/airflow/dags/av_daily_ingest.py
[2025-08-29T11:32:05.793+0000] {logging_mixin.py:188} INFO - [2025-08-29T11:32:05.792+0000] {dag.py:3096} INFO - Sync 1 DAGs
[2025-08-29T11:32:05.906+0000] {logging_mixin.py:188} INFO - [2025-08-29T11:32:05.906+0000] {dag.py:3954} INFO - Setting next_dagrun for av_daily_ingest to 2025-08-29 10:00:00+00:00, run_after=2025-08-29 11:00:00+00:00
[2025-08-29T11:32:05.999+0000] {processor.py:183} INFO - Processing /opt/airflow/dags/av_daily_ingest.py took 0.365 seconds
[2025-08-29T11:32:36.289+0000] {processor.py:161} INFO - Started process (PID=2617) to work on /opt/airflow/dags/av_daily_ingest.py
[2025-08-29T11:32:36.291+0000] {processor.py:830} INFO - Processing file /opt/airflow/dags/av_daily_ingest.py for tasks to queue
[2025-08-29T11:32:36.294+0000] {logging_mixin.py:188} INFO - [2025-08-29T11:32:36.293+0000] {dagbag.py:545} INFO - Filling up the DagBag from /opt/airflow/dags/av_daily_ingest.py
[2025-08-29T11:32:36.322+0000] {processor.py:840} INFO - DAG(s) 'av_daily_ingest' retrieved from /opt/airflow/dags/av_daily_ingest.py
[2025-08-29T11:32:36.402+0000] {logging_mixin.py:188} INFO - [2025-08-29T11:32:36.402+0000] {dag.py:3096} INFO - Sync 1 DAGs
[2025-08-29T11:32:36.451+0000] {logging_mixin.py:188} INFO - [2025-08-29T11:32:36.450+0000] {dag.py:3954} INFO - Setting next_dagrun for av_daily_ingest to 2025-08-29 10:00:00+00:00, run_after=2025-08-29 11:00:00+00:00
[2025-08-29T11:32:36.494+0000] {processor.py:183} INFO - Processing /opt/airflow/dags/av_daily_ingest.py took 0.213 seconds
[2025-08-29T11:33:06.816+0000] {processor.py:161} INFO - Started process (PID=2629) to work on /opt/airflow/dags/av_daily_ingest.py
[2025-08-29T11:33:06.837+0000] {processor.py:830} INFO - Processing file /opt/airflow/dags/av_daily_ingest.py for tasks to queue
[2025-08-29T11:33:06.839+0000] {logging_mixin.py:188} INFO - [2025-08-29T11:33:06.839+0000] {dagbag.py:545} INFO - Filling up the DagBag from /opt/airflow/dags/av_daily_ingest.py
[2025-08-29T11:33:06.884+0000] {processor.py:840} INFO - DAG(s) 'av_daily_ingest' retrieved from /opt/airflow/dags/av_daily_ingest.py
[2025-08-29T11:33:06.992+0000] {logging_mixin.py:188} INFO - [2025-08-29T11:33:06.992+0000] {dag.py:3096} INFO - Sync 1 DAGs
[2025-08-29T11:33:07.138+0000] {logging_mixin.py:188} INFO - [2025-08-29T11:33:07.137+0000] {dag.py:3954} INFO - Setting next_dagrun for av_daily_ingest to 2025-08-29 10:00:00+00:00, run_after=2025-08-29 11:00:00+00:00
[2025-08-29T11:33:07.244+0000] {processor.py:183} INFO - Processing /opt/airflow/dags/av_daily_ingest.py took 0.434 seconds
[2025-08-29T11:33:37.450+0000] {processor.py:161} INFO - Started process (PID=2640) to work on /opt/airflow/dags/av_daily_ingest.py
[2025-08-29T11:33:37.452+0000] {processor.py:830} INFO - Processing file /opt/airflow/dags/av_daily_ingest.py for tasks to queue
[2025-08-29T11:33:37.455+0000] {logging_mixin.py:188} INFO - [2025-08-29T11:33:37.454+0000] {dagbag.py:545} INFO - Filling up the DagBag from /opt/airflow/dags/av_daily_ingest.py
[2025-08-29T11:33:37.688+0000] {processor.py:840} INFO - DAG(s) 'av_daily_ingest' retrieved from /opt/airflow/dags/av_daily_ingest.py
[2025-08-29T11:33:38.099+0000] {logging_mixin.py:188} INFO - [2025-08-29T11:33:38.097+0000] {dag.py:3096} INFO - Sync 1 DAGs
[2025-08-29T11:33:38.200+0000] {logging_mixin.py:188} INFO - [2025-08-29T11:33:38.199+0000] {dag.py:3954} INFO - Setting next_dagrun for av_daily_ingest to 2025-08-29 10:00:00+00:00, run_after=2025-08-29 11:00:00+00:00
[2025-08-29T11:33:38.243+0000] {processor.py:183} INFO - Processing /opt/airflow/dags/av_daily_ingest.py took 0.802 seconds
[2025-08-29T11:34:09.707+0000] {processor.py:161} INFO - Started process (PID=2651) to work on /opt/airflow/dags/av_daily_ingest.py
[2025-08-29T11:34:09.752+0000] {processor.py:830} INFO - Processing file /opt/airflow/dags/av_daily_ingest.py for tasks to queue
[2025-08-29T11:34:09.865+0000] {logging_mixin.py:188} INFO - [2025-08-29T11:34:09.857+0000] {dagbag.py:545} INFO - Filling up the DagBag from /opt/airflow/dags/av_daily_ingest.py
[2025-08-29T11:34:10.348+0000] {processor.py:840} INFO - DAG(s) 'av_daily_ingest' retrieved from /opt/airflow/dags/av_daily_ingest.py
[2025-08-29T11:34:10.785+0000] {logging_mixin.py:188} INFO - [2025-08-29T11:34:10.781+0000] {dag.py:3096} INFO - Sync 1 DAGs
[2025-08-29T11:34:10.976+0000] {logging_mixin.py:188} INFO - [2025-08-29T11:34:10.976+0000] {dag.py:3954} INFO - Setting next_dagrun for av_daily_ingest to 2025-08-29 10:00:00+00:00, run_after=2025-08-29 11:00:00+00:00
[2025-08-29T11:34:11.012+0000] {processor.py:183} INFO - Processing /opt/airflow/dags/av_daily_ingest.py took 1.630 seconds
[2025-08-29T11:34:41.252+0000] {processor.py:161} INFO - Started process (PID=2662) to work on /opt/airflow/dags/av_daily_ingest.py
[2025-08-29T11:34:41.253+0000] {processor.py:830} INFO - Processing file /opt/airflow/dags/av_daily_ingest.py for tasks to queue
[2025-08-29T11:34:41.257+0000] {logging_mixin.py:188} INFO - [2025-08-29T11:34:41.256+0000] {dagbag.py:545} INFO - Filling up the DagBag from /opt/airflow/dags/av_daily_ingest.py
[2025-08-29T11:34:41.289+0000] {processor.py:840} INFO - DAG(s) 'av_daily_ingest' retrieved from /opt/airflow/dags/av_daily_ingest.py
[2025-08-29T11:34:41.331+0000] {logging_mixin.py:188} INFO - [2025-08-29T11:34:41.331+0000] {dag.py:3096} INFO - Sync 1 DAGs
[2025-08-29T11:34:41.362+0000] {logging_mixin.py:188} INFO - [2025-08-29T11:34:41.362+0000] {dag.py:3954} INFO - Setting next_dagrun for av_daily_ingest to 2025-08-29 10:00:00+00:00, run_after=2025-08-29 11:00:00+00:00
[2025-08-29T11:34:41.383+0000] {processor.py:183} INFO - Processing /opt/airflow/dags/av_daily_ingest.py took 0.139 seconds
[2025-08-29T11:35:14.518+0000] {processor.py:161} INFO - Started process (PID=2673) to work on /opt/airflow/dags/av_daily_ingest.py
[2025-08-29T11:35:14.595+0000] {processor.py:830} INFO - Processing file /opt/airflow/dags/av_daily_ingest.py for tasks to queue
[2025-08-29T11:35:14.646+0000] {logging_mixin.py:188} INFO - [2025-08-29T11:35:14.636+0000] {dagbag.py:545} INFO - Filling up the DagBag from /opt/airflow/dags/av_daily_ingest.py
[2025-08-29T11:35:14.804+0000] {processor.py:840} INFO - DAG(s) 'av_daily_ingest' retrieved from /opt/airflow/dags/av_daily_ingest.py
[2025-08-29T11:35:16.020+0000] {logging_mixin.py:188} INFO - [2025-08-29T11:35:16.019+0000] {dag.py:3096} INFO - Sync 1 DAGs
[2025-08-29T11:35:16.779+0000] {logging_mixin.py:188} INFO - [2025-08-29T11:35:16.779+0000] {dag.py:3954} INFO - Setting next_dagrun for av_daily_ingest to 2025-08-29 10:00:00+00:00, run_after=2025-08-29 11:00:00+00:00
[2025-08-29T11:35:16.840+0000] {processor.py:183} INFO - Processing /opt/airflow/dags/av_daily_ingest.py took 3.516 seconds
[2025-08-29T11:35:47.087+0000] {processor.py:161} INFO - Started process (PID=2685) to work on /opt/airflow/dags/av_daily_ingest.py
[2025-08-29T11:35:47.090+0000] {processor.py:830} INFO - Processing file /opt/airflow/dags/av_daily_ingest.py for tasks to queue
[2025-08-29T11:35:47.098+0000] {logging_mixin.py:188} INFO - [2025-08-29T11:35:47.097+0000] {dagbag.py:545} INFO - Filling up the DagBag from /opt/airflow/dags/av_daily_ingest.py
[2025-08-29T11:35:47.130+0000] {processor.py:840} INFO - DAG(s) 'av_daily_ingest' retrieved from /opt/airflow/dags/av_daily_ingest.py
[2025-08-29T11:35:47.232+0000] {logging_mixin.py:188} INFO - [2025-08-29T11:35:47.231+0000] {dag.py:3096} INFO - Sync 1 DAGs
[2025-08-29T11:35:47.291+0000] {logging_mixin.py:188} INFO - [2025-08-29T11:35:47.290+0000] {dag.py:3954} INFO - Setting next_dagrun for av_daily_ingest to 2025-08-29 10:00:00+00:00, run_after=2025-08-29 11:00:00+00:00
[2025-08-29T11:35:47.383+0000] {processor.py:183} INFO - Processing /opt/airflow/dags/av_daily_ingest.py took 0.310 seconds
[2025-08-29T11:36:17.556+0000] {processor.py:161} INFO - Started process (PID=2696) to work on /opt/airflow/dags/av_daily_ingest.py
[2025-08-29T11:36:17.557+0000] {processor.py:830} INFO - Processing file /opt/airflow/dags/av_daily_ingest.py for tasks to queue
[2025-08-29T11:36:17.560+0000] {logging_mixin.py:188} INFO - [2025-08-29T11:36:17.559+0000] {dagbag.py:545} INFO - Filling up the DagBag from /opt/airflow/dags/av_daily_ingest.py
[2025-08-29T11:36:17.578+0000] {processor.py:840} INFO - DAG(s) 'av_daily_ingest' retrieved from /opt/airflow/dags/av_daily_ingest.py
[2025-08-29T11:36:17.619+0000] {logging_mixin.py:188} INFO - [2025-08-29T11:36:17.618+0000] {dag.py:3096} INFO - Sync 1 DAGs
[2025-08-29T11:36:17.647+0000] {logging_mixin.py:188} INFO - [2025-08-29T11:36:17.646+0000] {dag.py:3954} INFO - Setting next_dagrun for av_daily_ingest to 2025-08-29 10:00:00+00:00, run_after=2025-08-29 11:00:00+00:00
[2025-08-29T11:36:17.672+0000] {processor.py:183} INFO - Processing /opt/airflow/dags/av_daily_ingest.py took 0.123 seconds
[2025-08-29T11:36:47.863+0000] {processor.py:161} INFO - Started process (PID=2708) to work on /opt/airflow/dags/av_daily_ingest.py
[2025-08-29T11:36:47.864+0000] {processor.py:830} INFO - Processing file /opt/airflow/dags/av_daily_ingest.py for tasks to queue
[2025-08-29T11:36:47.866+0000] {logging_mixin.py:188} INFO - [2025-08-29T11:36:47.866+0000] {dagbag.py:545} INFO - Filling up the DagBag from /opt/airflow/dags/av_daily_ingest.py
[2025-08-29T11:36:47.883+0000] {processor.py:840} INFO - DAG(s) 'av_daily_ingest' retrieved from /opt/airflow/dags/av_daily_ingest.py
[2025-08-29T11:36:47.914+0000] {logging_mixin.py:188} INFO - [2025-08-29T11:36:47.913+0000] {dag.py:3096} INFO - Sync 1 DAGs
[2025-08-29T11:36:47.946+0000] {logging_mixin.py:188} INFO - [2025-08-29T11:36:47.945+0000] {dag.py:3954} INFO - Setting next_dagrun for av_daily_ingest to 2025-08-29 10:00:00+00:00, run_after=2025-08-29 11:00:00+00:00
[2025-08-29T11:36:47.969+0000] {processor.py:183} INFO - Processing /opt/airflow/dags/av_daily_ingest.py took 0.113 seconds
[2025-08-29T11:37:18.144+0000] {processor.py:161} INFO - Started process (PID=2719) to work on /opt/airflow/dags/av_daily_ingest.py
[2025-08-29T11:37:18.146+0000] {processor.py:830} INFO - Processing file /opt/airflow/dags/av_daily_ingest.py for tasks to queue
[2025-08-29T11:37:18.149+0000] {logging_mixin.py:188} INFO - [2025-08-29T11:37:18.148+0000] {dagbag.py:545} INFO - Filling up the DagBag from /opt/airflow/dags/av_daily_ingest.py
[2025-08-29T11:37:18.167+0000] {processor.py:840} INFO - DAG(s) 'av_daily_ingest' retrieved from /opt/airflow/dags/av_daily_ingest.py
[2025-08-29T11:37:18.200+0000] {logging_mixin.py:188} INFO - [2025-08-29T11:37:18.200+0000] {dag.py:3096} INFO - Sync 1 DAGs
[2025-08-29T11:37:18.222+0000] {logging_mixin.py:188} INFO - [2025-08-29T11:37:18.222+0000] {dag.py:3954} INFO - Setting next_dagrun for av_daily_ingest to 2025-08-29 10:00:00+00:00, run_after=2025-08-29 11:00:00+00:00
[2025-08-29T11:37:18.247+0000] {processor.py:183} INFO - Processing /opt/airflow/dags/av_daily_ingest.py took 0.108 seconds
[2025-08-29T11:37:48.373+0000] {processor.py:161} INFO - Started process (PID=2730) to work on /opt/airflow/dags/av_daily_ingest.py
[2025-08-29T11:37:48.377+0000] {processor.py:830} INFO - Processing file /opt/airflow/dags/av_daily_ingest.py for tasks to queue
[2025-08-29T11:37:48.390+0000] {logging_mixin.py:188} INFO - [2025-08-29T11:37:48.389+0000] {dagbag.py:545} INFO - Filling up the DagBag from /opt/airflow/dags/av_daily_ingest.py
[2025-08-29T11:37:48.416+0000] {processor.py:840} INFO - DAG(s) 'av_daily_ingest' retrieved from /opt/airflow/dags/av_daily_ingest.py
[2025-08-29T11:37:48.461+0000] {logging_mixin.py:188} INFO - [2025-08-29T11:37:48.460+0000] {dag.py:3096} INFO - Sync 1 DAGs
[2025-08-29T11:37:48.556+0000] {logging_mixin.py:188} INFO - [2025-08-29T11:37:48.555+0000] {dag.py:3954} INFO - Setting next_dagrun for av_daily_ingest to 2025-08-29 10:00:00+00:00, run_after=2025-08-29 11:00:00+00:00
[2025-08-29T11:37:48.614+0000] {processor.py:183} INFO - Processing /opt/airflow/dags/av_daily_ingest.py took 0.296 seconds
[2025-08-29T11:38:20.936+0000] {processor.py:161} INFO - Started process (PID=2741) to work on /opt/airflow/dags/av_daily_ingest.py
[2025-08-29T11:38:21.029+0000] {processor.py:830} INFO - Processing file /opt/airflow/dags/av_daily_ingest.py for tasks to queue
[2025-08-29T11:38:21.681+0000] {logging_mixin.py:188} INFO - [2025-08-29T11:38:21.546+0000] {dagbag.py:545} INFO - Filling up the DagBag from /opt/airflow/dags/av_daily_ingest.py
[2025-08-29T11:38:23.362+0000] {processor.py:840} INFO - DAG(s) 'av_daily_ingest' retrieved from /opt/airflow/dags/av_daily_ingest.py
[2025-08-29T11:38:26.187+0000] {logging_mixin.py:188} INFO - [2025-08-29T11:38:26.185+0000] {dag.py:3096} INFO - Sync 1 DAGs
[2025-08-29T11:38:26.330+0000] {logging_mixin.py:188} INFO - [2025-08-29T11:38:26.329+0000] {dag.py:3954} INFO - Setting next_dagrun for av_daily_ingest to 2025-08-29 10:00:00+00:00, run_after=2025-08-29 11:00:00+00:00
[2025-08-29T11:38:26.409+0000] {processor.py:183} INFO - Processing /opt/airflow/dags/av_daily_ingest.py took 6.494 seconds
[2025-08-29T11:38:56.611+0000] {processor.py:161} INFO - Started process (PID=2752) to work on /opt/airflow/dags/av_daily_ingest.py
[2025-08-29T11:38:56.612+0000] {processor.py:830} INFO - Processing file /opt/airflow/dags/av_daily_ingest.py for tasks to queue
[2025-08-29T11:38:56.614+0000] {logging_mixin.py:188} INFO - [2025-08-29T11:38:56.614+0000] {dagbag.py:545} INFO - Filling up the DagBag from /opt/airflow/dags/av_daily_ingest.py
[2025-08-29T11:38:56.638+0000] {processor.py:840} INFO - DAG(s) 'av_daily_ingest' retrieved from /opt/airflow/dags/av_daily_ingest.py
[2025-08-29T11:38:56.676+0000] {logging_mixin.py:188} INFO - [2025-08-29T11:38:56.675+0000] {dag.py:3096} INFO - Sync 1 DAGs
[2025-08-29T11:38:56.700+0000] {logging_mixin.py:188} INFO - [2025-08-29T11:38:56.700+0000] {dag.py:3954} INFO - Setting next_dagrun for av_daily_ingest to 2025-08-29 10:00:00+00:00, run_after=2025-08-29 11:00:00+00:00
[2025-08-29T11:38:56.723+0000] {processor.py:183} INFO - Processing /opt/airflow/dags/av_daily_ingest.py took 0.119 seconds
